PROCESS_DATE|TRANSACT_DATE|SUPPLIER_NO|SUPPLIER_NAME|STORE_NO|STORE_NAME|CLASS|DEPT|GROUP|BRAND|WORLD|COLOUR|SIZE|ITEM|BARCODE|QTY|ITEM_PRICE|GROSS_AMT|DISC_AUTO|DISC_PROMO|DISC_EMPLOYEE|DISC_FREE_ITEM|DISC_STRUK|DISC_PCT|NET_AMT|POS_NO|TRANSACT_NO|TRANSACT_LINE_NO
07-03-2025|07-03-2025|951195|"KASIH KARUNIA SEJATI PT.-951195"|289|"Paragon City MAL SMG"|"T-SHIRT BASIC"|"EMBA JEANS"|"MEN YOUNG CASUAL"|"EMBA JEANS"|"MEN DENIM"|"NAVY BLUE"|40|13399361|618064043140|1|369000|369000|0|0|0|0|0|0|369000|02014|4342|1
07-03-2025|07-03-2025|951195|"KASIH KARUNIA SEJATI PT.-951195"|384|"Citimall Lahat"|"T-SHIRT BASIC"|"EMBA JEANS"|"MEN YOUNG CASUAL"|"EMBA JEANS"|"MEN DENIM"|BLUE|34|13469464|616315041534|1|390000|390000|111000|0|0|0|0|28.5|279000|02017|3224|1
07-03-2025|07-03-2025|951195|"KASIH KARUNIA SEJATI PT.-951195"|255|"Malang Town Sq TC"|"T-SHIRT BASIC"|"EMBA JEANS"|"MEN YOUNG CASUAL"|"EMBA JEANS"|"MEN DENIM"|BLUE|32|13469651|616074025432|1|390000|390000|191000|0|0|0|0|49|199000|02014|9189|1
07-03-2025|07-03-2025|951195|"KASIH KARUNIA SEJATI PT.-951195"|303|"Solo Square MAL"|"T-SHIRT BASIC"|"EMBA JEANS"|"MEN YOUNG CASUAL"|"EMBA JEANS"|"MEN DENIM"|BLUE|28|13469697|616074025428|1|390000|390000|191000|0|0|0|0|49|199000|01006|1607|2
07-03-2025|07-03-2025|951195|"KASIH KARUNIA SEJATI PT.-951195"|563|"Plaza Malioboro"|"T-SHIRT BASIC"|"EMBA JEANS"|"MEN YOUNG CASUAL"|"EMBA JEANS"|"MEN DENIM"|BLUE|30|14086161|618112087230|1|399000|399000|79800|0|0|0|0|20|319200|02007|8841|1
07-03-2025|07-03-2025|951195|"KASIH KARUNIA SEJATI PT.-951195"|326|"Lippo PLZ MAL Jember"|"T-SHIRT BASIC"|"EMBA JEANS"|"MEN YOUNG CASUAL"|"EMBA JEANS"|"MEN DENIM"|BLUE|30|14086161|618112087230|1|399000|399000|0|0|0|0|0|0|399000|03020|135|1
07-03-2025|07-03-2025|951195|"KASIH KARUNIA SEJATI PT.-951195"|673|"Daan Mogot MAL JKT"|"T-SHIRT BASIC"|"EMBA JEANS"|"MEN YOUNG CASUAL"|"EMBA JEANS"|"MEN DENIM"|BLUE|34|14086205|618112087234|1|399000|399000|0|0|0|0|0|0|399000|01003|4394|2
07-03-2025|07-03-2025|951195|"KASIH KARUNIA SEJATI PT.-951195"|413|"Kediri Town Sq MAL"|"T-SHIRT BASIC"|"EMBA JEANS"|"MEN YOUNG CASUAL"|"EMBA JEANS"|"MEN DENIM"|BLUE|36|14086312|618112087236|1|399000|399000|0|0|0|0|0|0|399000|01024|8513|2
07-03-2025|07-03-2025|951195|"KASIH KARUNIA SEJATI PT.-951195"|641|"Citra PLZ MAL PBR"|"T-SHIRT BASIC"|"EMBA JEANS"|"MEN YOUNG CASUAL"|"EMBA JEANS"|"MEN DENIM"|BLUE|29|14086447|618112087229|1|399000|399000|0|0|0|0|0|0|399000|03031|9024|3
07-03-2025|07-03-2025|951195|"KASIH KARUNIA SEJATI PT.-951195"|233|"Bangkalan PLZ MAL"|"T-SHIRT BASIC"|"EMBA JEANS"|"MEN YOUNG CASUAL"|"EMBA JEANS"|"MEN DENIM"|KHAKI|38|15331509|620231020338|1|290000|290000|0|0|0|0|0|0|290000|01006|8209|1
07-03-2025|07-03-2025|951195|"KASIH KARUNIA SEJATI PT.-951195"|677|"Grage MAL Cirebon"|"T-SHIRT BASIC"|"EMBA JEANS"|"MEN YOUNG CASUAL"|"EMBA JEANS"|"MEN DENIM"|KHAKI|38|15331509|620231020338|2|290000|580000|0|0|0|0|0|0|580000|02011|9855|1
07-03-2025|07-03-2025|951195|"KASIH KARUNIA SEJATI PT.-951195"|473|"Gress MAL Gresik"|"T-SHIRT BASIC"|"EMBA JEANS"|"MEN YOUNG CASUAL"|"EMBA JEANS"|"MEN DENIM"|"NAVY BLUE"|38|15331321|620231029238|1|290000|290000|0|0|0|0|0|0|290000|02025|7689|2
07-03-2025|07-03-2025|951195|"KASIH KARUNIA SEJATI PT.-951195"|537|"Johar Plaza TC JMR"|"T-SHIRT BASIC"|"EMBA JEANS"|"MEN YOUNG CASUAL"|"EMBA JEANS"|"MEN DENIM"|KHAKI|30|15331312|620231014430|1|290000|290000|0|0|0|0|0|0|290000|02009|6086|1
07-03-2025|07-03-2025|951195|"KASIH KARUNIA SEJATI PT.-951195"|641|"Citra PLZ MAL PBR"|"T-SHIRT BASIC"|"EMBA JEANS"|"MEN YOUNG CASUAL"|"EMBA JEANS"|"MEN DENIM"|BLUE|38|14086956|618112087238|1|399000|399000|0|0|0|0|0|0|399000|03031|8894|3
07-03-2025|06-03-2025|951195|"KASIH KARUNIA SEJATI PT.-951195"|369|"Plaza Aceh MAL BNA"|"T-SHIRT BASIC"|"EMBA JEANS"|"MEN YOUNG CASUAL"|"EMBA JEANS"|"MEN DENIM"|BLUE|31|14086894|618112087231|1|399000|399000|0|0|0|0|0|0|399000|02036|6576|1
07-03-2025|07-03-2025|951195|"KASIH KARUNIA SEJATI PT.-951195"|388|"Suncity MAL Madiun"|"T-SHIRT BASIC"|"EMBA JEANS"|"MEN YOUNG CASUAL"|"EMBA JEANS"|"MEN DENIM"|BROWN|32|14086689|616256013332|1|499000|499000|249500|0|0|0|0|50|249500|01003|3621|3
07-03-2025|07-03-2025|951195|"KASIH KARUNIA SEJATI PT.-951195"|473|"Gress MAL Gresik"|"T-SHIRT BASIC"|"EMBA JEANS"|"MEN YOUNG CASUAL"|"EMBA JEANS"|"MEN DENIM"|BLUE|28|14086509|618112087228|1|399000|399000|0|0|0|0|0|0|399000|02024|7504|1
07-03-2025|07-03-2025|951195|"KASIH KARUNIA SEJATI PT.-951195"|296|"Serang MAL"|"T-SHIRT BASIC"|"EMBA JEANS"|"MEN YOUNG CASUAL"|"EMBA JEANS"|"MEN DENIM"|BLUE|32|14086474|618112087232|1|399000|399000|0|0|0|0|0|0|399000|01055|3962|1
07-03-2025|07-03-2025|951195|"KASIH KARUNIA SEJATI PT.-951195"|326|"Lippo PLZ MAL Jember"|"T-SHIRT BASIC"|"EMBA JEANS"|"MEN YOUNG CASUAL"|"EMBA JEANS"|"MEN DENIM"|KHAKI|29|15331607|620231014429|1|290000|290000|0|0|0|0|0|0|290000|03020|134|2
07-03-2025|07-03-2025|951195|"KASIH KARUNIA SEJATI PT.-951195"|413|"Kediri Town Sq MAL"|"T-SHIRT BASIC"|"EMBA JEANS"|"MEN YOUNG CASUAL"|"EMBA JEANS"|"MEN DENIM"|KHAKI|29|15331607|620231014429|1|290000|290000|0|0|0|0|0|0|290000|01024|8785|1
07-03-2025|07-03-2025|951195|"KASIH KARUNIA SEJATI PT.-951195"|677|"Grage MAL Cirebon"|"T-SHIRT BASIC"|"EMBA JEANS"|"MEN YOUNG CASUAL"|"EMBA JEANS"|"MEN DENIM"|KHAKI|29|15331607|620231014429|1|290000|290000|0|0|0|0|0|0|290000|02011|9366|3
07-03-2025|07-03-2025|951195|"KASIH KARUNIA SEJATI PT.-951195"|415|"Plaza MAL Madiun"|"T-SHIRT BASIC"|"EMBA JEANS"|"MEN YOUNG CASUAL"|"EMBA JEANS"|"MEN DENIM"|KHAKI|29|15331607|620231014429|1|290000|290000|0|0|0|0|0|0|290000|01033|6153|1
07-03-2025|07-03-2025|951195|"KASIH KARUNIA SEJATI PT.-951195"|311|"Duta MAL BJM"|"T-SHIRT BASIC"|"EMBA JEANS"|"MEN YOUNG CASUAL"|"EMBA JEANS"|"MEN DENIM"|KHAKI|27|15331563|620231010327|1|290000|290000|0|0|0|0|0|0|290000|01006|6834|1
07-03-2025|07-03-2025|951195|"KASIH KARUNIA SEJATI PT.-951195"|333|"Manado Town Sq MAL"|"T-SHIRT BASIC"|"EMBA JEANS"|"MEN YOUNG CASUAL"|"EMBA JEANS"|"MEN DENIM"|KHAKI|27|15331563|620231010327|1|290000|290000|0|0|0|0|0|0|290000|02047|8882|9
07-03-2025|07-03-2025|951195|"KASIH KARUNIA SEJATI PT.-951195"|258|"Mandau City TC DURI"|"T-SHIRT BASIC"|"EMBA JEANS"|"MEN YOUNG CASUAL"|"EMBA JEANS"|"MEN DENIM"|KHAKI|31|15331536|620231010331|1|290000|290000|0|0|0|0|0|0|290000|01008|3006|4
07-03-2025|07-03-2025|951195|"KASIH KARUNIA SEJATI PT.-951195"|399|"Icon MAL Gresik"|"T-SHIRT BASIC"|"EMBA JEANS"|"MEN YOUNG CASUAL"|"EMBA JEANS"|"MEN DENIM"|KHAKI|31|15331536|620231010331|1|290000|290000|0|0|0|0|0|0|290000|02021|9548|3
07-03-2025|07-03-2025|951195|"KASIH KARUNIA SEJATI PT.-951195"|537|"Johar Plaza TC JMR"|"T-SHIRT BASIC"|"EMBA JEANS"|"MEN YOUNG CASUAL"|"EMBA JEANS"|"MEN DENIM"|KHAKI|31|15331536|620231010331|1|290000|290000|0|0|0|0|0|0|290000|02007|6264|1
07-03-2025|07-03-2025|951195|"KASIH KARUNIA SEJATI PT.-951195"|261|"Plaza Medan Fair TC"|"T-SHIRT BASIC"|"EMBA JEANS"|"MEN YOUNG CASUAL"|"EMBA JEANS"|"MEN DENIM"|GREY|33|15331956|620231023933|1|290000|290000|0|0|0|0|0|0|290000|01039|4192|1
07-03-2025|07-03-2025|951195|"KASIH KARUNIA SEJATI PT.-951195"|328|"THE PARK MAL SMG"|"T-SHIRT BASIC"|"EMBA JEANS"|"MEN YOUNG CASUAL"|"EMBA JEANS"|"MEN DENIM"|"NAVY BLUE"|XL|15331938|230007019204|1|329000|329000|164500|0|0|0|0|50|164500|02043|2274|2
07-03-2025|07-03-2025|951195|"KASIH KARUNIA SEJATI PT.-951195"|311|"Duta MAL BJM"|"T-SHIRT BASIC"|"EMBA JEANS"|"MEN YOUNG CASUAL"|"EMBA JEANS"|"MEN DENIM"|BLACK|27|15331894|620231010227|1|290000|290000|0|0|0|0|0|0|290000|01006|6834|2
07-03-2025|07-03-2025|951195|"KASIH KARUNIA SEJATI PT.-951195"|381|"Singosaren MAL Solo"|"T-SHIRT BASIC"|"EMBA JEANS"|"MEN YOUNG CASUAL"|"EMBA JEANS"|"MEN DENIM"|BLACK|27|15331894|620231010227|1|290000|290000|0|0|0|0|0|0|290000|01017|9261|1
07-03-2025|07-03-2025|951195|"KASIH KARUNIA SEJATI PT.-951195"|334|"OPI MAL Palembang"|"T-SHIRT BASIC"|"EMBA JEANS"|"MEN YOUNG CASUAL"|"EMBA JEANS"|"MEN DENIM"|GREY|27|15331849|620231013927|1|290000|290000|0|0|0|0|0|0|290000|01005|7562|2
07-03-2025|07-03-2025|951195|"KASIH KARUNIA SEJATI PT.-951195"|697|"Plaza Pekalongan MAL"|"T-SHIRT BASIC"|"EMBA JEANS"|"MEN YOUNG CASUAL"|"EMBA JEANS"|"MEN DENIM"|GREY|27|15331849|620231013927|1|290000|290000|0|0|0|0|0|0|290000|01023|9794|1
07-03-2025|07-03-2025|951195|"KASIH KARUNIA SEJATI PT.-951195"|553|"Thamrin PLZ MAL MDN"|"T-SHIRT BASIC"|"EMBA JEANS"|"MEN YOUNG CASUAL"|"EMBA JEANS"|"MEN DENIM"|GREY|27|15331849|620231013927|1|290000|290000|0|0|0|0|0|0|290000|04018|8211|3
07-03-2025|07-03-2025|951195|"KASIH KARUNIA SEJATI PT.-951195"|311|"Duta MAL BJM"|"T-SHIRT BASIC"|"EMBA JEANS"|"MEN YOUNG CASUAL"|"EMBA JEANS"|"MEN DENIM"|GREY|31|15331830|620231013931|1|290000|290000|0|0|0|0|0|0|290000|01008|7030|4
07-03-2025|07-03-2025|951195|"KASIH KARUNIA SEJATI PT.-951195"|673|"Daan Mogot MAL JKT"|"T-SHIRT BASIC"|"EMBA JEANS"|"MEN YOUNG CASUAL"|"EMBA JEANS"|"MEN DENIM"|GREY|30|15331661|620231013930|1|290000|290000|0|0|0|0|0|0|290000|01005|4247|6
07-03-2025|07-03-2025|951195|"KASIH KARUNIA SEJATI PT.-951195"|804|"Matahari HS PWT"|"T-SHIRT BASIC"|"EMBA JEANS"|"MEN YOUNG CASUAL"|"EMBA JEANS"|"MEN DENIM"|KHAKI|34|15332491|620231024434|1|290000|290000|0|0|0|0|0|0|290000|01004|7381|2
07-03-2025|07-03-2025|951195|"KASIH KARUNIA SEJATI PT.-951195"|537|"Johar Plaza TC JMR"|"T-SHIRT BASIC"|"EMBA JEANS"|"MEN YOUNG CASUAL"|"EMBA JEANS"|"MEN DENIM"|KHAKI|36|15332437|620231020336|1|290000|290000|0|0|0|0|0|0|290000|02007|6264|2
07-03-2025|07-03-2025|951195|"KASIH KARUNIA SEJATI PT.-951195"|677|"Grage MAL Cirebon"|"T-SHIRT BASIC"|"EMBA JEANS"|"MEN YOUNG CASUAL"|"EMBA JEANS"|"MEN DENIM"|KHAKI|36|15332437|620231020336|1|290000|290000|0|0|0|0|0|0|290000|02045|9527|1
07-03-2025|07-03-2025|951195|"KASIH KARUNIA SEJATI PT.-951195"|645|"Medan MAL"|"T-SHIRT BASIC"|"EMBA JEANS"|"MEN YOUNG CASUAL"|"EMBA JEANS"|"MEN DENIM"|BLACK|34|15332375|620231020234|1|290000|290000|0|0|0|0|0|0|290000|01008|9990|1
07-03-2025|07-03-2025|951195|"KASIH KARUNIA SEJATI PT.-951195"|303|"Solo Square MAL"|"T-SHIRT BASIC"|"EMBA JEANS"|"MEN YOUNG CASUAL"|"EMBA JEANS"|"MEN DENIM"|KHAKI|33|15332357|620231024433|1|290000|290000|0|0|0|0|0|0|290000|01004|1520|2
07-03-2025|07-03-2025|951195|"KASIH KARUNIA SEJATI PT.-951195"|677|"Grage MAL Cirebon"|"T-SHIRT BASIC"|"EMBA JEANS"|"MEN YOUNG CASUAL"|"EMBA JEANS"|"MEN DENIM"|KHAKI|33|15332357|620231024433|1|290000|290000|0|0|0|0|0|0|290000|02011|9366|1
07-03-2025|07-03-2025|951195|"KASIH KARUNIA SEJATI PT.-951195"|415|"Plaza MAL Madiun"|"T-SHIRT BASIC"|"EMBA JEANS"|"MEN YOUNG CASUAL"|"EMBA JEANS"|"MEN DENIM"|KHAKI|33|15332357|620231024433|1|290000|290000|0|0|0|0|0|0|290000|02031|6048|1
07-03-2025|07-03-2025|951195|"KASIH KARUNIA SEJATI PT.-951195"|338|"Palembang Square MAL"|"T-SHIRT BASIC"|"EMBA JEANS"|"MEN YOUNG CASUAL"|"EMBA JEANS"|"MEN DENIM"|KHAKI|28|15332348|620231014428|1|290000|290000|0|0|0|0|0|0|290000|80122|2431|1
07-03-2025|07-03-2025|951195|"KASIH KARUNIA SEJATI PT.-951195"|276|"Bondowoso MAL"|"T-SHIRT BASIC"|"EMBA JEANS"|"MEN YOUNG CASUAL"|"EMBA JEANS"|"MEN DENIM"|RED|M|15332311|113228019502|1|569000|569000|170700|0|0|0|0|30|398300|01031|4991|1
07-03-2025|07-03-2025|951195|"KASIH KARUNIA SEJATI PT.-951195"|677|"Grage MAL Cirebon"|"T-SHIRT BASIC"|"EMBA JEANS"|"MEN YOUNG CASUAL"|"EMBA JEANS"|"MEN DENIM"|BLUE|M|15801715|102061015103|1|429000|429000|0|214500|0|0|0|50|214500|80304|8078|3
07-03-2025|07-03-2025|951195|"KASIH KARUNIA SEJATI PT.-951195"|415|"Plaza MAL Madiun"|"T-SHIRT BASIC"|"EMBA JEANS"|"MEN YOUNG CASUAL"|"EMBA JEANS"|"MEN DENIM"|BLUE|M|15801715|102061015103|1|429000|429000|0|214500|0|0|0|50|214500|80201|4465|1
07-03-2025|07-03-2025|951195|"KASIH KARUNIA SEJATI PT.-951195"|473|"Gress MAL Gresik"|"T-SHIRT BASIC"|"EMBA JEANS"|"MEN YOUNG CASUAL"|"EMBA JEANS"|"MEN DENIM"|WHITE|M|15801699|102063010103|1|429000|429000|0|214500|0|0|0|50|214500|80120|486|2
07-03-2025|07-03-2025|951195|"KASIH KARUNIA SEJATI PT.-951195"|426|"Matahari HS TSM"|"T-SHIRT BASIC"|"EMBA JEANS"|"MEN YOUNG CASUAL"|"EMBA JEANS"|"MEN DENIM"|WHITE|S|15801591|113018030102|1|399000|399000|199500|0|0|0|0|50|199500|01004|3638|3
07-03-2025|07-03-2025|951195|"KASIH KARUNIA SEJATI PT.-951195"|326|"Lippo PLZ MAL Jember"|"T-SHIRT BASIC"|"EMBA JEANS"|"MEN YOUNG CASUAL"|"EMBA JEANS"|"MEN DENIM"|"NAVY BLUE"|XL|15801555|102058029204|1|369000|369000|0|184500|0|0|0|50|184500|80358|7882|2
07-03-2025|07-03-2025|951195|"KASIH KARUNIA SEJATI PT.-951195"|326|"Lippo PLZ MAL Jember"|"T-SHIRT BASIC"|"EMBA JEANS"|"MEN YOUNG CASUAL"|"EMBA JEANS"|"MEN DENIM"|"NAVY BLUE"|XL|15801555|102058029204|1|369000|369000|184500|0|0|0|0|50|184500|03020|142|1
07-03-2025|07-03-2025|951195|"KASIH KARUNIA SEJATI PT.-951195"|653|"Lippo MAL Cikarang"|"T-SHIRT BASIC"|"EMBA JEANS"|"MEN YOUNG CASUAL"|"EMBA JEANS"|"MEN DENIM"|MAROON|M|15332900|207007795902|1|149000|149000|0|0|0|0|0|0|149000|90204|5087|8
07-03-2025|07-03-2025|951195|"KASIH KARUNIA SEJATI PT.-951195"|643|"Ambon Indah Plaza TC"|"T-SHIRT BASIC"|"EMBA JEANS"|"MEN YOUNG CASUAL"|"EMBA JEANS"|"MEN DENIM"|GREEN|L|15332795|112263025703|1|499000|499000|0|249500|0|0|0|50|249500|90493|2013|1
07-03-2025|07-03-2025|951195|"KASIH KARUNIA SEJATI PT.-951195"|339|"Artha Gading MAL JKT"|"T-SHIRT BASIC"|"EMBA JEANS"|"MEN YOUNG CASUAL"|"EMBA JEANS"|"MEN DENIM"|KHAKI|36|15332713|620231024436|1|290000|290000|0|0|0|0|0|0|290000|02017|7444|2
07-03-2025|07-03-2025|951195|"KASIH KARUNIA SEJATI PT.-951195"|677|"Grage MAL Cirebon"|"T-SHIRT BASIC"|"EMBA JEANS"|"MEN YOUNG CASUAL"|"EMBA JEANS"|"MEN DENIM"|BLUE|31|16321796|617029165431|1|290000|290000|0|0|0|0|0|0|290000|02010|9218|1
07-03-2025|07-03-2025|951195|"KASIH KARUNIA SEJATI PT.-951195"|358|"CSB MAL Cirebon"|"T-SHIRT BASIC"|"EMBA JEANS"|"MEN YOUNG CASUAL"|"EMBA JEANS"|"MEN DENIM"|"NAVY BLUE"|XL|16321643|102096019904|1|399000|399000|0|199500|0|0|0|50|199500|80518|5558|2
07-03-2025|07-03-2025|951195|"KASIH KARUNIA SEJATI PT.-951195"|453|"Supermal Karawaci"|"T-SHIRT BASIC"|"EMBA JEANS"|"MEN YOUNG CASUAL"|"EMBA JEANS"|"MEN DENIM"|BROWN|33|16321607|620231022733|1|290000|290000|0|0|0|0|0|0|290000|02008|7318|1
07-03-2025|07-03-2025|951195|"KASIH KARUNIA SEJATI PT.-951195"|643|"Ambon Indah Plaza TC"|"T-SHIRT BASIC"|"EMBA JEANS"|"MEN YOUNG CASUAL"|"EMBA JEANS"|"MEN DENIM"|BLUE|31|16321492|616181015431|1|629000|629000|314500|0|0|0|0|50|314500|02016|3522|5
07-03-2025|07-03-2025|951195|"KASIH KARUNIA SEJATI PT.-951195"|256|"Kaza City MAL SBY"|"T-SHIRT BASIC"|"EMBA JEANS"|"MEN YOUNG CASUAL"|"EMBA JEANS"|"MEN DENIM"|BLACK|L|16321330|230007080203|1|299000|299000|149500|0|0|0|0|50|149500|02022|8827|1
07-03-2025|07-03-2025|951195|"KASIH KARUNIA SEJATI PT.-951195"|405|"Lembuswana TC SMR"|"T-SHIRT BASIC"|"EMBA JEANS"|"MEN YOUNG CASUAL"|"EMBA JEANS"|"MEN DENIM"|BLUE|36|16321152|618064017236|1|369000|369000|0|0|0|0|0|0|369000|02016|5195|4
07-03-2025|07-03-2025|951195|"KASIH KARUNIA SEJATI PT.-951195"|264|"Palu Grand MAL"|"T-SHIRT BASIC"|"EMBA JEANS"|"MEN YOUNG CASUAL"|"EMBA JEANS"|"MEN DENIM"|WHITE|L|16321143|112018030103|1|369000|369000|0|184500|0|0|0|50|184500|80501|2822|2
07-03-2025|07-03-2025|951195|"KASIH KARUNIA SEJATI PT.-951195"|352|"Sunrise MAL MJK"|"T-SHIRT BASIC"|"EMBA JEANS"|"MEN YOUNG CASUAL"|"EMBA JEANS"|"MEN DENIM"|GREY|27|16320902|620231011127|1|290000|290000|0|0|0|0|0|0|290000|02022|6354|1
07-03-2025|07-03-2025|951195|"KASIH KARUNIA SEJATI PT.-951195"|375|"Ekalokasari MAL BGR"|"T-SHIRT BASIC"|"EMBA JEANS"|"MEN YOUNG CASUAL"|"EMBA JEANS"|"MEN DENIM"|GREY|27|16320902|620231011127|1|290000|290000|0|0|0|0|0|0|290000|02056|1109|1
07-03-2025|07-03-2025|951195|"KASIH KARUNIA SEJATI PT.-951195"|555|"Metmal Bekasi"|"T-SHIRT BASIC"|"EMBA JEANS"|"MEN YOUNG CASUAL"|"EMBA JEANS"|"MEN DENIM"|BROWN|32|16322571|620231012732|1|290000|290000|0|0|0|0|0|0|290000|02047|7338|1
07-03-2025|07-03-2025|951195|"KASIH KARUNIA SEJATI PT.-951195"|536|"Kudus BZR"|"T-SHIRT BASIC"|"EMBA JEANS"|"MEN YOUNG CASUAL"|"EMBA JEANS"|"MEN DENIM"|BLACK|M|16322491|102063010202|1|429000|429000|214500|0|0|0|0|50|214500|01006|707|7
07-03-2025|07-03-2025|951195|"KASIH KARUNIA SEJATI PT.-951195"|376|"Mitra Malang HS"|"T-SHIRT BASIC"|"EMBA JEANS"|"MEN YOUNG CASUAL"|"EMBA JEANS"|"MEN DENIM"|BROWN|29|16322384|620231012729|1|290000|290000|0|0|0|0|0|0|290000|03025|4074|1
07-03-2025|07-03-2025|951195|"KASIH KARUNIA SEJATI PT.-951195"|233|"Bangkalan PLZ MAL"|"T-SHIRT BASIC"|"EMBA JEANS"|"MEN YOUNG CASUAL"|"EMBA JEANS"|"MEN DENIM"|GREY|32|16322268|620231011132|1|290000|290000|0|0|0|0|0|0|290000|80102|2061|1
07-03-2025|07-03-2025|951195|"KASIH KARUNIA SEJATI PT.-951195"|261|"Plaza Medan Fair TC"|"T-SHIRT BASIC"|"EMBA JEANS"|"MEN YOUNG CASUAL"|"EMBA JEANS"|"MEN DENIM"|GREY|32|16322268|620231011132|1|290000|290000|0|0|0|0|0|0|290000|01102|4202|1
07-03-2025|07-03-2025|951195|"KASIH KARUNIA SEJATI PT.-951195"|303|"Solo Square MAL"|"T-SHIRT BASIC"|"EMBA JEANS"|"MEN YOUNG CASUAL"|"EMBA JEANS"|"MEN DENIM"|GREY|32|16322268|620231011132|1|290000|290000|0|0|0|0|0|0|290000|01006|1406|4
07-03-2025|07-03-2025|951195|"KASIH KARUNIA SEJATI PT.-951195"|305|"Nagoya Hill TC Batam"|"T-SHIRT BASIC"|"EMBA JEANS"|"MEN YOUNG CASUAL"|"EMBA JEANS"|"MEN DENIM"|GREY|32|16322268|620231011132|1|290000|290000|0|0|0|0|0|0|290000|02017|2594|1
07-03-2025|07-03-2025|951195|"KASIH KARUNIA SEJATI PT.-951195"|352|"Sunrise MAL MJK"|"T-SHIRT BASIC"|"EMBA JEANS"|"MEN YOUNG CASUAL"|"EMBA JEANS"|"MEN DENIM"|GREY|32|16322268|620231011132|1|290000|290000|0|0|0|0|0|0|290000|02028|6381|2
07-03-2025|07-03-2025|951195|"KASIH KARUNIA SEJATI PT.-951195"|595|"BIP MAL Bandung"|"T-SHIRT BASIC"|"EMBA JEANS"|"MEN YOUNG CASUAL"|"EMBA JEANS"|"MEN DENIM"|GREY|32|16322268|620231011132|1|290000|290000|0|0|0|0|0|0|290000|82352|4682|4
07-03-2025|07-03-2025|951195|"KASIH KARUNIA SEJATI PT.-951195"|336|"Balikpapan Baru TC"|"T-SHIRT BASIC"|"EMBA JEANS"|"MEN YOUNG CASUAL"|"EMBA JEANS"|"MEN DENIM"|BLUE|30|17335485|616069019630|1|349000|349000|0|0|0|0|0|0|349000|02006|3839|7
07-03-2025|07-03-2025|951195|"KASIH KARUNIA SEJATI PT.-951195"|387|"Manhattan MAL Medan"|"T-SHIRT BASIC"|"EMBA JEANS"|"MEN YOUNG CASUAL"|"EMBA JEANS"|"MEN DENIM"|BLUE|30|17335485|616069019630|1|349000|349000|0|0|0|0|0|0|349000|03067|1151|2
07-03-2025|07-03-2025|951195|"KASIH KARUNIA SEJATI PT.-951195"|388|"Suncity MAL Madiun"|"T-SHIRT BASIC"|"EMBA JEANS"|"MEN YOUNG CASUAL"|"EMBA JEANS"|"MEN DENIM"|BLUE|30|17335485|616069019630|1|349000|349000|35000|0|0|0|0|10|314000|02016|3766|1
07-03-2025|07-03-2025|951195|"KASIH KARUNIA SEJATI PT.-951195"|473|"Gress MAL Gresik"|"T-SHIRT BASIC"|"EMBA JEANS"|"MEN YOUNG CASUAL"|"EMBA JEANS"|"MEN DENIM"|BLUE|30|17335485|616069019630|1|349000|349000|35000|0|0|0|0|10|314000|02023|7704|1
07-03-2025|07-03-2025|951195|"KASIH KARUNIA SEJATI PT.-951195"|415|"Plaza MAL Madiun"|"T-SHIRT BASIC"|"EMBA JEANS"|"MEN YOUNG CASUAL"|"EMBA JEANS"|"MEN DENIM"|BLUE|30|17335485|616069019630|1|349000|349000|35000|0|0|0|0|10|314000|01003|6026|3
07-03-2025|07-03-2025|951195|"KASIH KARUNIA SEJATI PT.-951195"|221|"Panakkukang MAL MKS"|"T-SHIRT BASIC"|"EMBA JEANS"|"MEN YOUNG CASUAL"|"EMBA JEANS"|"MEN DENIM"|BLUE|28|17335467|616069019628|1|349000|349000|35000|0|0|0|0|10|314000|02021|578|1
07-03-2025|07-03-2025|951195|"KASIH KARUNIA SEJATI PT.-951195"|336|"Balikpapan Baru TC"|"T-SHIRT BASIC"|"EMBA JEANS"|"MEN YOUNG CASUAL"|"EMBA JEANS"|"MEN DENIM"|BLUE|28|17335467|616069019628|1|349000|349000|0|0|0|0|0|0|349000|02007|3701|1
07-03-2025|07-03-2025|951195|"KASIH KARUNIA SEJATI PT.-951195"|305|"Nagoya Hill TC Batam"|"T-SHIRT BASIC"|"EMBA JEANS"|"MEN YOUNG CASUAL"|"EMBA JEANS"|"MEN DENIM"|"NAVY BLUE"|36|17335458|616069019036|1|349000|349000|0|0|0|0|0|0|349000|02030|2696|4
07-03-2025|07-03-2025|951195|"KASIH KARUNIA SEJATI PT.-951195"|394|"TangCity MAL TNG"|"T-SHIRT BASIC"|"EMBA JEANS"|"MEN YOUNG CASUAL"|"EMBA JEANS"|"MEN DENIM"|GREEN|XL|17335430|112741015004|1|429000|429000|128700|0|0|0|0|30|300300|02023|2292|6
07-03-2025|07-03-2025|951195|"KASIH KARUNIA SEJATI PT.-951195"|367|"Jayapura MAL"|"T-SHIRT BASIC"|"EMBA JEANS"|"MEN YOUNG CASUAL"|"EMBA JEANS"|"MEN DENIM"|"NAVY BLUE"|XL|17335412|113810019204|1|529000|529000|158700|0|0|0|0|30|370300|02008|9314|5
07-03-2025|07-03-2025|951195|"KASIH KARUNIA SEJATI PT.-951195"|302|"Festive Walk MAL KWG"|"T-SHIRT BASIC"|"EMBA JEANS"|"MEN YOUNG CASUAL"|"EMBA JEANS"|"MEN DENIM"|BLUE|27|17335369|616069019627|1|349000|349000|35000|0|0|0|0|10|314000|02020|5856|2
07-03-2025|07-03-2025|951195|"KASIH KARUNIA SEJATI PT.-951195"|381|"Singosaren MAL Solo"|"T-SHIRT BASIC"|"EMBA JEANS"|"MEN YOUNG CASUAL"|"EMBA JEANS"|"MEN DENIM"|BLUE|27|17335369|616069019627|1|349000|349000|35000|0|0|0|0|10|314000|01010|9456|1
07-03-2025|07-03-2025|951195|"KASIH KARUNIA SEJATI PT.-951195"|453|"Supermal Karawaci"|"T-SHIRT BASIC"|"EMBA JEANS"|"MEN YOUNG CASUAL"|"EMBA JEANS"|"MEN DENIM"|BLUE|27|17335369|616069019627|1|349000|349000|0|0|0|0|0|0|349000|02019|7771|3
07-03-2025|07-03-2025|951195|"KASIH KARUNIA SEJATI PT.-951195"|214|"Maleo Square Mal MAM"|"T-SHIRT BASIC"|"EMBA JEANS"|"MEN YOUNG CASUAL"|"EMBA JEANS"|"MEN DENIM"|BLUE|32|17335234|616069019632|1|349000|349000|0|0|0|0|0|0|349000|02016|7481|3
07-03-2025|07-03-2025|951195|"KASIH KARUNIA SEJATI PT.-951195"|227|"Sidoarjo Town Sq MAL"|"T-SHIRT BASIC"|"EMBA JEANS"|"MEN YOUNG CASUAL"|"EMBA JEANS"|"MEN DENIM"|BLUE|32|17335234|616069019632|1|349000|349000|35000|0|0|0|0|10|314000|03008|2048|1
07-03-2025|07-03-2025|951195|"KASIH KARUNIA SEJATI PT.-951195"|282|"Pakuwon Mall Jogja"|"T-SHIRT BASIC"|"EMBA JEANS"|"MEN YOUNG CASUAL"|"EMBA JEANS"|"MEN DENIM"|BLUE|32|17335234|616069019632|1|349000|349000|35000|0|0|0|0|10|314000|01017|3954|1
07-03-2025|07-03-2025|951195|"KASIH KARUNIA SEJATI PT.-951195"|368|"Armada Sq MAL MGG"|"T-SHIRT BASIC"|"EMBA JEANS"|"MEN YOUNG CASUAL"|"EMBA JEANS"|"MEN DENIM"|BLUE|32|17335234|616069019632|1|349000|349000|35000|0|0|0|0|10|314000|01022|244|3
07-03-2025|07-03-2025|951195|"KASIH KARUNIA SEJATI PT.-951195"|473|"Gress MAL Gresik"|"T-SHIRT BASIC"|"EMBA JEANS"|"MEN YOUNG CASUAL"|"EMBA JEANS"|"MEN DENIM"|GREEN|M|17335216|113336025002|1|529000|529000|158700|0|0|0|0|30|370300|02025|7557|1
07-03-2025|07-03-2025|951195|"KASIH KARUNIA SEJATI PT.-951195"|258|"Mandau City TC DURI"|"T-SHIRT BASIC"|"EMBA JEANS"|"MEN YOUNG CASUAL"|"EMBA JEANS"|"MEN DENIM"|BLUE|34|17335181|616069019634|1|349000|349000|35000|0|0|0|0|10|314000|01007|2876|5
07-03-2025|07-03-2025|951195|"KASIH KARUNIA SEJATI PT.-951195"|261|"Plaza Medan Fair TC"|"T-SHIRT BASIC"|"EMBA JEANS"|"MEN YOUNG CASUAL"|"EMBA JEANS"|"MEN DENIM"|BLUE|34|17335181|616069019634|1|349000|349000|35000|0|0|0|0|10|314000|01002|4187|1
07-03-2025|07-03-2025|951195|"KASIH KARUNIA SEJATI PT.-951195"|653|"Lippo MAL Cikarang"|"T-SHIRT BASIC"|"EMBA JEANS"|"MEN YOUNG CASUAL"|"EMBA JEANS"|"MEN DENIM"|"NAVY BLUE"|30|17335118|616190013130|1|629000|629000|188700|0|0|0|0|30|440300|02011|8056|2
07-03-2025|07-03-2025|951195|"KASIH KARUNIA SEJATI PT.-951195"|227|"Sidoarjo Town Sq MAL"|"T-SHIRT BASIC"|"EMBA JEANS"|"MEN YOUNG CASUAL"|"EMBA JEANS"|"MEN DENIM"|BLUE|36|17335109|616069019636|1|349000|349000|35000|0|0|0|0|10|314000|01009|2196|1
07-03-2025|07-03-2025|951195|"KASIH KARUNIA SEJATI PT.-951195"|345|"Central PLZ MAL BDL"|"T-SHIRT BASIC"|"EMBA JEANS"|"MEN YOUNG CASUAL"|"EMBA JEANS"|"MEN DENIM"|BLUE|36|17335109|616069019636|1|349000|349000|0|0|0|0|0|0|349000|02017|7375|6
07-03-2025|07-03-2025|951195|"KASIH KARUNIA SEJATI PT.-951195"|536|"Kudus BZR"|"T-SHIRT BASIC"|"EMBA JEANS"|"MEN YOUNG CASUAL"|"EMBA JEANS"|"MEN DENIM"|BLUE|36|17335109|616069019636|1|349000|349000|35000|0|0|0|0|10|314000|01006|640|2
07-03-2025|07-03-2025|951195|"KASIH KARUNIA SEJATI PT.-951195"|296|"Serang MAL"|"T-SHIRT BASIC"|"EMBA JEANS"|"MEN YOUNG CASUAL"|"EMBA JEANS"|"MEN DENIM"|WHITE|L|17335029|104058010103|1|429000|429000|214500|0|0|0|0|50|214500|02010|3660|2
07-03-2025|07-03-2025|951195|"KASIH KARUNIA SEJATI PT.-951195"|327|"Citimall Sampit"|"T-SHIRT BASIC"|"EMBA JEANS"|"MEN YOUNG CASUAL"|"EMBA JEANS"|"MEN DENIM"|GREEN|L|17334968|112336025003|1|499000|499000|99800|0|0|0|0|20|399200|01005|7902|1
07-03-2025|07-03-2025|951195|"KASIH KARUNIA SEJATI PT.-951195"|235|"Lippo Kendari MAL"|"T-SHIRT BASIC"|"EMBA JEANS"|"MEN YOUNG CASUAL"|"EMBA JEANS"|"MEN DENIM"|"NAVY BLUE"|32|17334913|616069019032|1|349000|349000|35000|0|0|0|0|10|314000|03009|3229|1
07-03-2025|07-03-2025|951195|"KASIH KARUNIA SEJATI PT.-951195"|333|"Manado Town Sq MAL"|"T-SHIRT BASIC"|"EMBA JEANS"|"MEN YOUNG CASUAL"|"EMBA JEANS"|"MEN DENIM"|"NAVY BLUE"|32|17334913|616069019032|1|349000|349000|35000|0|0|0|0|10|314000|02004|8768|6
07-03-2025|07-03-2025|951195|"KASIH KARUNIA SEJATI PT.-951195"|337|"Basko Grand MAL PAD"|"T-SHIRT BASIC"|"EMBA JEANS"|"MEN YOUNG CASUAL"|"EMBA JEANS"|"MEN DENIM"|"NAVY BLUE"|32|17334913|616069019032|1|349000|349000|35000|0|0|0|0|10|314000|02013|589|2
07-03-2025|07-03-2025|951195|"KASIH KARUNIA SEJATI PT.-951195"|426|"Matahari HS TSM"|"T-SHIRT BASIC"|"EMBA JEANS"|"MEN YOUNG CASUAL"|"EMBA JEANS"|"MEN DENIM"|BLUE|29|17334860|616069019629|1|349000|349000|35000|0|0|0|0|10|314000|01011|3569|2
07-03-2025|07-03-2025|951195|"KASIH KARUNIA SEJATI PT.-951195"|255|"Malang Town Sq TC"|"T-SHIRT BASIC"|"EMBA JEANS"|"MEN YOUNG CASUAL"|"EMBA JEANS"|"MEN DENIM"|BLUE|27|17334744|616074031527|1|390000|390000|0|191000|0|0|0|49|199000|80589|2137|2
07-03-2025|07-03-2025|951195|"KASIH KARUNIA SEJATI PT.-951195"|337|"Basko Grand MAL PAD"|"T-SHIRT BASIC"|"EMBA JEANS"|"MEN YOUNG CASUAL"|"EMBA JEANS"|"MEN DENIM"|"NAVY BLUE"|30|17334557|616069019030|1|349000|349000|0|0|0|0|0|0|349000|02020|351|1
07-03-2025|07-03-2025|951195|"KASIH KARUNIA SEJATI PT.-951195"|619|"Plasa HS Klaten"|"T-SHIRT BASIC"|"EMBA JEANS"|"MEN YOUNG CASUAL"|"EMBA JEANS"|"MEN DENIM"|"NAVY BLUE"|30|17334557|616069019030|1|349000|349000|34900|0|0|0|0|10|314100|02007|7626|4
07-03-2025|07-03-2025|951195|"KASIH KARUNIA SEJATI PT.-951195"|336|"Balikpapan Baru TC"|"T-SHIRT BASIC"|"EMBA JEANS"|"MEN YOUNG CASUAL"|"EMBA JEANS"|"MEN DENIM"|BLACK|L|16803426|207009070203|1|299000|299000|89700|0|0|0|0|30|209300|02006|3893|1
07-03-2025|07-03-2025|951195|"KASIH KARUNIA SEJATI PT.-951195"|412|"CITIMALL BONTANG"|"T-SHIRT BASIC"|"EMBA JEANS"|"MEN YOUNG CASUAL"|"EMBA JEANS"|"MEN DENIM"|"NAVY BLUE"|M|16803266|207009079202|1|299000|299000|89700|0|0|0|0|30|209300|01004|6693|3
07-03-2025|07-03-2025|951195|"KASIH KARUNIA SEJATI PT.-951195"|367|"Jayapura MAL"|"T-SHIRT BASIC"|"EMBA JEANS"|"MEN YOUNG CASUAL"|"EMBA JEANS"|"MEN DENIM"|BLACK|40|16803168|618040023240|1|399000|399000|119700|0|0|0|0|30|279300|02005|9077|2
07-03-2025|07-03-2025|951195|"KASIH KARUNIA SEJATI PT.-951195"|302|"Festive Walk MAL KWG"|"T-SHIRT BASIC"|"EMBA JEANS"|"MEN YOUNG CASUAL"|"EMBA JEANS"|"MEN DENIM"|BLUE|29|16803131|616180015429|1|599000|599000|299500|0|0|0|0|50|299500|02011|6144|2
07-03-2025|07-03-2025|951195|"KASIH KARUNIA SEJATI PT.-951195"|276|"Bondowoso MAL"|"T-SHIRT BASIC"|"EMBA JEANS"|"MEN YOUNG CASUAL"|"EMBA JEANS"|"MEN DENIM"|"NAVY BLUE"|31|16802972|618040013131|1|369000|369000|0|0|0|0|0|0|369000|01028|5029|1
07-03-2025|07-03-2025|951195|"KASIH KARUNIA SEJATI PT.-951195"|367|"Jayapura MAL"|"T-SHIRT BASIC"|"EMBA JEANS"|"MEN YOUNG CASUAL"|"EMBA JEANS"|"MEN DENIM"|"NAVY BLUE"|40|16802758|618040023840|1|399000|399000|119700|0|0|0|0|30|279300|02005|9077|1
07-03-2025|07-03-2025|951195|"KASIH KARUNIA SEJATI PT.-951195"|326|"Lippo PLZ MAL Jember"|"T-SHIRT BASIC"|"EMBA JEANS"|"MEN YOUNG CASUAL"|"EMBA JEANS"|"MEN DENIM"|"NAVY BLUE"|42|16802712|618040023842|1|399000|399000|0|0|0|0|0|0|399000|01004|259|2
07-03-2025|07-03-2025|951195|"KASIH KARUNIA SEJATI PT.-951195"|339|"Artha Gading MAL JKT"|"T-SHIRT BASIC"|"EMBA JEANS"|"MEN YOUNG CASUAL"|"EMBA JEANS"|"MEN DENIM"|KHAKI|38|16802687|623256014438|1|499000|499000|149700|0|0|0|0|30|349300|02015|7467|1
07-03-2025|07-03-2025|951195|"KASIH KARUNIA SEJATI PT.-951195"|326|"Lippo PLZ MAL Jember"|"T-SHIRT BASIC"|"EMBA JEANS"|"MEN YOUNG CASUAL"|"EMBA JEANS"|"MEN DENIM"|BLUE|40|16802383|618040021540|1|399000|399000|0|0|0|0|0|0|399000|03010|581|2
07-03-2025|07-03-2025|951195|"KASIH KARUNIA SEJATI PT.-951195"|255|"Malang Town Sq TC"|"T-SHIRT BASIC"|"EMBA JEANS"|"MEN YOUNG CASUAL"|"EMBA JEANS"|"MEN DENIM"|"NAVY BLUE"|32|16791047|633105213132|1|299000|299000|0|0|0|0|0|0|299000|02013|9295|3
07-03-2025|07-03-2025|951195|"KASIH KARUNIA SEJATI PT.-951195"|284|"Q MAL Banjarbaru"|"T-SHIRT BASIC"|"EMBA JEANS"|"MEN YOUNG CASUAL"|"EMBA JEANS"|"MEN DENIM"|BLUE|28|16791010|633105211528|1|299000|299000|0|0|0|0|0|0|299000|01017|5599|2
07-03-2025|07-03-2025|951195|"KASIH KARUNIA SEJATI PT.-951195"|394|"TangCity MAL TNG"|"T-SHIRT BASIC"|"EMBA JEANS"|"MEN YOUNG CASUAL"|"EMBA JEANS"|"MEN DENIM"|BLACK|36|16581390|618202090236|1|250000|250000|0|0|0|0|0|0|250000|02015|2152|1
07-03-2025|07-03-2025|951195|"KASIH KARUNIA SEJATI PT.-951195"|333|"Manado Town Sq MAL"|"T-SHIRT BASIC"|"EMBA JEANS"|"MEN YOUNG CASUAL"|"EMBA JEANS"|"MEN DENIM"|BLACK|32|16581345|618202080232|1|250000|250000|0|0|0|0|0|0|250000|91172|1677|2
07-03-2025|07-03-2025|951195|"KASIH KARUNIA SEJATI PT.-951195"|537|"Johar Plaza TC JMR"|"T-SHIRT BASIC"|"EMBA JEANS"|"MEN YOUNG CASUAL"|"EMBA JEANS"|"MEN DENIM"|WHITE|M|16524817|102072010102|1|369000|369000|0|184500|0|0|0|50|184500|80241|2810|3
07-03-2025|07-03-2025|951195|"KASIH KARUNIA SEJATI PT.-951195"|536|"Kudus BZR"|"T-SHIRT BASIC"|"EMBA JEANS"|"MEN YOUNG CASUAL"|"EMBA JEANS"|"MEN DENIM"|WHITE|M|16524791|102073010102|1|369000|369000|184500|0|0|0|0|50|184500|01006|359|1
07-03-2025|07-03-2025|951195|"KASIH KARUNIA SEJATI PT.-951195"|223|"Batu Town Sq MAL MLG"|"T-SHIRT BASIC"|"EMBA JEANS"|"MEN YOUNG CASUAL"|"EMBA JEANS"|"MEN DENIM"|GREY|38|16524764|618202098838|1|250000|250000|0|0|0|0|0|0|250000|01003|5490|3
07-03-2025|07-03-2025|951195|"KASIH KARUNIA SEJATI PT.-951195"|333|"Manado Town Sq MAL"|"T-SHIRT BASIC"|"EMBA JEANS"|"MEN YOUNG CASUAL"|"EMBA JEANS"|"MEN DENIM"|GREY|34|16524719|618202098834|1|250000|250000|0|0|0|0|0|0|250000|01004|8852|7
07-03-2025|07-03-2025|951195|"KASIH KARUNIA SEJATI PT.-951195"|537|"Johar Plaza TC JMR"|"T-SHIRT BASIC"|"EMBA JEANS"|"MEN YOUNG CASUAL"|"EMBA JEANS"|"MEN DENIM"|BROWN|36|16524693|618202093636|1|250000|250000|0|0|0|0|0|0|250000|80241|2887|1
07-03-2025|07-03-2025|951195|"KASIH KARUNIA SEJATI PT.-951195"|233|"Bangkalan PLZ MAL"|"T-SHIRT BASIC"|"EMBA JEANS"|"MEN YOUNG CASUAL"|"EMBA JEANS"|"MEN DENIM"|WHITE|XL|16524577|102072010104|1|369000|369000|0|184500|0|0|0|50|184500|91511|1936|4
07-03-2025|07-03-2025|951195|"KASIH KARUNIA SEJATI PT.-951195"|388|"Suncity MAL Madiun"|"T-SHIRT BASIC"|"EMBA JEANS"|"MEN YOUNG CASUAL"|"EMBA JEANS"|"MEN DENIM"|WHITE|XL|16524577|102072010104|1|369000|369000|0|184500|0|0|0|50|184500|80332|4186|1
07-03-2025|07-03-2025|951195|"KASIH KARUNIA SEJATI PT.-951195"|536|"Kudus BZR"|"T-SHIRT BASIC"|"EMBA JEANS"|"MEN YOUNG CASUAL"|"EMBA JEANS"|"MEN DENIM"|WHITE|XL|16524577|102072010104|1|369000|369000|184500|0|0|0|0|50|184500|01006|294|2
07-03-2025|07-03-2025|951195|"KASIH KARUNIA SEJATI PT.-951195"|536|"Kudus BZR"|"T-SHIRT BASIC"|"EMBA JEANS"|"MEN YOUNG CASUAL"|"EMBA JEANS"|"MEN DENIM"|WHITE|XL|16524577|102072010104|1|369000|369000|184500|0|0|0|0|50|184500|01003|480|1
07-03-2025|07-03-2025|951195|"KASIH KARUNIA SEJATI PT.-951195"|536|"Kudus BZR"|"T-SHIRT BASIC"|"EMBA JEANS"|"MEN YOUNG CASUAL"|"EMBA JEANS"|"MEN DENIM"|WHITE|XL|16524540|102071010104|1|369000|369000|0|184500|0|0|0|50|184500|80119|47|1
07-03-2025|07-03-2025|951195|"KASIH KARUNIA SEJATI PT.-951195"|223|"Batu Town Sq MAL MLG"|"T-SHIRT BASIC"|"EMBA JEANS"|"MEN YOUNG CASUAL"|"EMBA JEANS"|"MEN DENIM"|BROWN|29|16524488|618202082729|1|250000|250000|0|0|0|0|0|0|250000|01142|5711|1
07-03-2025|07-03-2025|951195|"KASIH KARUNIA SEJATI PT.-951195"|536|"Kudus BZR"|"T-SHIRT BASIC"|"EMBA JEANS"|"MEN YOUNG CASUAL"|"EMBA JEANS"|"MEN DENIM"|WHITE|XL|16524460|102070010104|1|369000|369000|0|184500|0|0|0|50|184500|80118|9738|2
07-03-2025|07-03-2025|951195|"KASIH KARUNIA SEJATI PT.-951195"|536|"Kudus BZR"|"T-SHIRT BASIC"|"EMBA JEANS"|"MEN YOUNG CASUAL"|"EMBA JEANS"|"MEN DENIM"|WHITE|XL|16524460|102070010104|1|369000|369000|184500|0|0|0|0|50|184500|01007|503|6
07-03-2025|07-03-2025|951195|"KASIH KARUNIA SEJATI PT.-951195"|326|"Lippo PLZ MAL Jember"|"T-SHIRT BASIC"|"EMBA JEANS"|"MEN YOUNG CASUAL"|"EMBA JEANS"|"MEN DENIM"|WHITE|L|16524433|102071010103|1|369000|369000|0|184500|0|0|0|50|184500|80357|3618|2
07-03-2025|07-03-2025|951195|"KASIH KARUNIA SEJATI PT.-951195"|536|"Kudus BZR"|"T-SHIRT BASIC"|"EMBA JEANS"|"MEN YOUNG CASUAL"|"EMBA JEANS"|"MEN DENIM"|WHITE|L|16524424|102073010103|1|369000|369000|184500|0|0|0|0|50|184500|01006|359|2
07-03-2025|07-03-2025|951195|"KASIH KARUNIA SEJATI PT.-951195"|537|"Johar Plaza TC JMR"|"T-SHIRT BASIC"|"EMBA JEANS"|"MEN YOUNG CASUAL"|"EMBA JEANS"|"MEN DENIM"|WHITE|L|16524424|102073010103|1|369000|369000|0|184500|0|0|0|50|184500|80241|2818|2
07-03-2025|07-03-2025|951195|"KASIH KARUNIA SEJATI PT.-951195"|537|"Johar Plaza TC JMR"|"T-SHIRT BASIC"|"EMBA JEANS"|"MEN YOUNG CASUAL"|"EMBA JEANS"|"MEN DENIM"|WHITE|L|16524424|102073010103|1|369000|369000|0|184500|0|0|0|50|184500|80241|2818|8
07-03-2025|07-03-2025|951195|"KASIH KARUNIA SEJATI PT.-951195"|536|"Kudus BZR"|"T-SHIRT BASIC"|"EMBA JEANS"|"MEN YOUNG CASUAL"|"EMBA JEANS"|"MEN DENIM"|WHITE|L|16524371|102070010103|1|369000|369000|184500|0|0|0|0|50|184500|01013|336|5
07-03-2025|07-03-2025|951195|"KASIH KARUNIA SEJATI PT.-951195"|389|"Java Supermall SMG"|"T-SHIRT BASIC"|"EMBA JEANS"|"MEN YOUNG CASUAL"|"EMBA JEANS"|"MEN DENIM"|BROWN|36|16323730|620231022736|1|290000|290000|0|0|0|0|0|0|290000|02008|979|1
07-03-2025|07-03-2025|951195|"KASIH KARUNIA SEJATI PT.-951195"|563|"Plaza Malioboro"|"T-SHIRT BASIC"|"EMBA JEANS"|"MEN YOUNG CASUAL"|"EMBA JEANS"|"MEN DENIM"|BLACK|L|16323703|230007140203|1|299000|299000|149500|0|0|0|0|50|149500|02007|8841|3
07-03-2025|07-03-2025|951195|"KASIH KARUNIA SEJATI PT.-951195"|536|"Kudus BZR"|"T-SHIRT BASIC"|"EMBA JEANS"|"MEN YOUNG CASUAL"|"EMBA JEANS"|"MEN DENIM"|KHAKI|M|16323481|102058030302|1|369000|369000|140000|0|0|0|0|37.9|229000|01006|300|1
07-03-2025|07-03-2025|951195|"KASIH KARUNIA SEJATI PT.-951195"|673|"Daan Mogot MAL JKT"|"T-SHIRT BASIC"|"EMBA JEANS"|"MEN YOUNG CASUAL"|"EMBA JEANS"|"MEN DENIM"|BLUE|29|16323454|616181015429|1|629000|629000|314500|0|0|0|0|50|314500|01009|4372|1
07-03-2025|07-03-2025|951195|"KASIH KARUNIA SEJATI PT.-951195"|643|"Ambon Indah Plaza TC"|"T-SHIRT BASIC"|"EMBA JEANS"|"MEN YOUNG CASUAL"|"EMBA JEANS"|"MEN DENIM"|BLUE|34|16323383|616181015434|1|629000|629000|314500|0|0|0|0|50|314500|02016|3522|4
07-03-2025|07-03-2025|951195|"KASIH KARUNIA SEJATI PT.-951195"|388|"Suncity MAL Madiun"|"T-SHIRT BASIC"|"EMBA JEANS"|"MEN YOUNG CASUAL"|"EMBA JEANS"|"MEN DENIM"|BROWN|XL|16323347|102058030504|1|369000|369000|0|184500|0|0|0|50|184500|80331|4926|2
07-03-2025|07-03-2025|951195|"KASIH KARUNIA SEJATI PT.-951195"|273|"SKA MAL Pekanbaru"|"T-SHIRT BASIC"|"EMBA JEANS"|"MEN YOUNG CASUAL"|"EMBA JEANS"|"MEN DENIM"|GREY|28|16323301|620231011128|1|290000|290000|0|0|0|0|0|0|290000|80602|9354|2
07-03-2025|07-03-2025|951195|"KASIH KARUNIA SEJATI PT.-951195"|677|"Grage MAL Cirebon"|"T-SHIRT BASIC"|"EMBA JEANS"|"MEN YOUNG CASUAL"|"EMBA JEANS"|"MEN DENIM"|GREY|28|16323301|620231011128|-1|290000|-290000|0|0|0|0|0|0|-290000|01002|2155|1
07-03-2025|07-03-2025|951195|"KASIH KARUNIA SEJATI PT.-951195"|227|"Sidoarjo Town Sq MAL"|"T-SHIRT BASIC"|"EMBA JEANS"|"MEN YOUNG CASUAL"|"EMBA JEANS"|"MEN DENIM"|BROWN|34|16323025|620231022734|1|290000|290000|0|0|0|0|0|0|290000|80435|6003|2
07-03-2025|07-03-2025|951195|"KASIH KARUNIA SEJATI PT.-951195"|501|"Duta Plaza MAL DPR"|"T-SHIRT BASIC"|"EMBA JEANS"|"MEN YOUNG CASUAL"|"EMBA JEANS"|"MEN DENIM"|BLACK|32|28297685|618112013232|1|399000|399000|0|0|0|0|0|0|399000|02031|3471|3
07-03-2025|07-03-2025|951195|"KASIH KARUNIA SEJATI PT.-951195"|637|"Blok M Plaza MAL JKT"|"T-SHIRT BASIC"|"EMBA JEANS"|"MEN YOUNG CASUAL"|"EMBA JEANS"|"MEN DENIM"|BLACK|29|28297612|618112013229|1|399000|399000|0|0|0|0|0|0|399000|03019|6255|1
07-03-2025|07-03-2025|951195|"KASIH KARUNIA SEJATI PT.-951195"|419|"Pakuwon MAL SBY"|"T-SHIRT BASIC"|"EMBA JEANS"|"MEN YOUNG CASUAL"|"EMBA JEANS"|"MEN DENIM"|BLACK|29|28297612|618112013229|1|399000|399000|0|0|0|0|0|0|399000|01021|9563|3
07-03-2025|07-03-2025|951195|"KASIH KARUNIA SEJATI PT.-951195"|221|"Panakkukang MAL MKS"|"T-SHIRT BASIC"|"EMBA JEANS"|"MEN YOUNG CASUAL"|"EMBA JEANS"|"MEN DENIM"|BLACK|27|28297532|618112013227|1|399000|399000|0|0|0|0|0|0|399000|02021|286|3
07-03-2025|07-03-2025|951195|"KASIH KARUNIA SEJATI PT.-951195"|345|"Central PLZ MAL BDL"|"T-SHIRT BASIC"|"EMBA JEANS"|"MEN YOUNG CASUAL"|"EMBA JEANS"|"MEN DENIM"|BLACK|38|28297461|618112013238|1|399000|399000|0|0|0|0|0|0|399000|02025|7709|4
07-03-2025|07-03-2025|951195|"KASIH KARUNIA SEJATI PT.-951195"|641|"Citra PLZ MAL PBR"|"T-SHIRT BASIC"|"EMBA JEANS"|"MEN YOUNG CASUAL"|"EMBA JEANS"|"MEN DENIM"|BLACK|38|28297461|618112013238|1|399000|399000|0|0|0|0|0|0|399000|03066|8922|1
07-03-2025|07-03-2025|951195|"KASIH KARUNIA SEJATI PT.-951195"|241|"BIG MAL Samarinda"|"T-SHIRT BASIC"|"EMBA JEANS"|"MEN YOUNG CASUAL"|"EMBA JEANS"|"MEN DENIM"|BLACK|36|28297452|618112013236|1|399000|399000|0|0|0|0|0|0|399000|02012|1412|1
07-03-2025|07-03-2025|951195|"KASIH KARUNIA SEJATI PT.-951195"|641|"Citra PLZ MAL PBR"|"T-SHIRT BASIC"|"EMBA JEANS"|"MEN YOUNG CASUAL"|"EMBA JEANS"|"MEN DENIM"|BLACK|36|28297452|618112013236|1|399000|399000|0|0|0|0|0|0|399000|03066|8922|2
07-03-2025|07-03-2025|951195|"KASIH KARUNIA SEJATI PT.-951195"|511|"Arion MAL Jakarta"|"T-SHIRT BASIC"|"EMBA JEANS"|"MEN YOUNG CASUAL"|"EMBA JEANS"|"MEN DENIM"|BLACK|33|28297194|618112013233|1|399000|399000|0|0|0|0|0|0|399000|02060|1278|2
07-03-2025|07-03-2025|951195|"KASIH KARUNIA SEJATI PT.-951195"|351|"Citimall Gorontalo"|"T-SHIRT BASIC"|"EMBA JEANS"|"MEN YOUNG CASUAL"|"EMBA JEANS"|"MEN DENIM"|BLACK|33|28297194|618112013233|1|399000|399000|0|0|0|0|0|0|399000|02007|1053|3
07-03-2025|07-03-2025|951195|"KASIH KARUNIA SEJATI PT.-951195"|453|"Supermal Karawaci"|"T-SHIRT BASIC"|"EMBA JEANS"|"MEN YOUNG CASUAL"|"EMBA JEANS"|"MEN DENIM"|BLACK|31|28297087|618112013231|1|399000|399000|0|0|0|0|0|0|399000|02019|7797|1
07-03-2025|07-03-2025|951195|"KASIH KARUNIA SEJATI PT.-951195"|312|"Lippo PLZ MAL Jambi"|"T-SHIRT BASIC"|"EMBA JEANS"|"MEN YOUNG CASUAL"|"EMBA JEANS"|"MEN DENIM"|BLACK|34|28296908|618112013234|1|399000|399000|0|0|0|0|0|0|399000|01011|5770|3
07-03-2025|07-03-2025|951195|"KASIH KARUNIA SEJATI PT.-951195"|453|"Supermal Karawaci"|"T-SHIRT BASIC"|"EMBA JEANS"|"MEN YOUNG CASUAL"|"EMBA JEANS"|"MEN DENIM"|BLACK|34|28296908|618112013234|1|399000|399000|0|0|0|0|0|0|399000|02022|7803|2
07-03-2025|07-03-2025|951195|"KASIH KARUNIA SEJATI PT.-951195"|804|"Matahari HS PWT"|"T-SHIRT BASIC"|"EMBA JEANS"|"MEN YOUNG CASUAL"|"EMBA JEANS"|"MEN DENIM"|BLUE|28|28296659|618046042028|1|519000|519000|259500|0|0|0|0|50|259500|01005|7369|2
07-03-2025|07-03-2025|951195|"KASIH KARUNIA SEJATI PT.-951195"|329|"Lippo PLZ MAL Kupang"|"T-SHIRT BASIC"|"EMBA JEANS"|"MEN YOUNG CASUAL"|"EMBA JEANS"|"MEN DENIM"|YELLOW|M|25461869|207009391702|1|199000|199000|59700|0|0|0|0|30|139300|02013|1726|1
07-03-2025|07-03-2025|951195|"KASIH KARUNIA SEJATI PT.-951195"|412|"CITIMALL BONTANG"|"T-SHIRT BASIC"|"EMBA JEANS"|"MEN YOUNG CASUAL"|"EMBA JEANS"|"MEN DENIM"|"NAVY BLUE"|31|25461476|616181021531|1|599000|599000|179700|0|0|0|0|30|419300|01004|6804|3
07-03-2025|07-03-2025|951195|"KASIH KARUNIA SEJATI PT.-951195"|273|"SKA MAL Pekanbaru"|"T-SHIRT BASIC"|"EMBA JEANS"|"MEN YOUNG CASUAL"|"EMBA JEANS"|"MEN DENIM"|VANILLA|29|25461403|620231019129|1|290000|290000|0|0|0|0|0|0|290000|03063|7137|1
07-03-2025|07-03-2025|951195|"KASIH KARUNIA SEJATI PT.-951195"|254|"Cibinong MAL BGR"|"T-SHIRT BASIC"|"EMBA JEANS"|"MEN YOUNG CASUAL"|"EMBA JEANS"|"MEN DENIM"|BROWN|34|24015674|620231023334|1|290000|290000|0|0|0|0|0|0|290000|02013|8576|6
07-03-2025|07-03-2025|951195|"KASIH KARUNIA SEJATI PT.-951195"|413|"Kediri Town Sq MAL"|"T-SHIRT BASIC"|"EMBA JEANS"|"MEN YOUNG CASUAL"|"EMBA JEANS"|"MEN DENIM"|VANILLA|M|24015058|112747013502|1|429000|429000|128700|0|0|0|0|30|300300|01026|8624|1
07-03-2025|07-03-2025|951195|"KASIH KARUNIA SEJATI PT.-951195"|359|"Fest City MAL BDG"|"T-SHIRT BASIC"|"EMBA JEANS"|"MEN YOUNG CASUAL"|"EMBA JEANS"|"MEN DENIM"|BLACK|27|24013050|618314013827|1|329000|329000|0|0|0|0|0|0|329000|02019|9215|1
07-03-2025|07-03-2025|951195|"KASIH KARUNIA SEJATI PT.-951195"|337|"Basko Grand MAL PAD"|"T-SHIRT BASIC"|"EMBA JEANS"|"MEN YOUNG CASUAL"|"EMBA JEANS"|"MEN DENIM"|BROWN|30|24011749|633223012730|1|299000|299000|0|0|0|0|0|0|299000|02015|521|1
07-03-2025|07-03-2025|951195|"KASIH KARUNIA SEJATI PT.-951195"|501|"Duta Plaza MAL DPR"|"T-SHIRT BASIC"|"EMBA JEANS"|"MEN YOUNG CASUAL"|"EMBA JEANS"|"MEN DENIM"|BLACK|34|24011730|618314013834|1|329000|329000|0|0|0|0|0|0|329000|02016|3340|1
07-03-2025|07-03-2025|951195|"KASIH KARUNIA SEJATI PT.-951195"|553|"Thamrin PLZ MAL MDN"|"T-SHIRT BASIC"|"EMBA JEANS"|"MEN YOUNG CASUAL"|"EMBA JEANS"|"MEN DENIM"|BROWN|27|24011623|620231013327|1|290000|290000|0|0|0|0|0|0|290000|04018|8211|1
07-03-2025|07-03-2025|951195|"KASIH KARUNIA SEJATI PT.-951195"|264|"Palu Grand MAL"|"T-SHIRT BASIC"|"EMBA JEANS"|"MEN YOUNG CASUAL"|"EMBA JEANS"|"MEN DENIM"|BLACK|32|24011212|618314013832|1|329000|329000|0|0|0|0|0|0|329000|01042|4194|3
07-03-2025|07-03-2025|951195|"KASIH KARUNIA SEJATI PT.-951195"|318|"Indramayu MAL"|"T-SHIRT BASIC"|"EMBA JEANS"|"MEN YOUNG CASUAL"|"EMBA JEANS"|"MEN DENIM"|BLACK|32|24011212|618314013832|1|329000|329000|0|0|0|0|0|0|329000|02021|926|2
07-03-2025|07-03-2025|951195|"KASIH KARUNIA SEJATI PT.-951195"|289|"Paragon City MAL SMG"|"T-SHIRT BASIC"|"EMBA JEANS"|"MEN YOUNG CASUAL"|"EMBA JEANS"|"MEN DENIM"|"NAVY BLUE"|L|24010615|231009039203|1|299000|299000|89700|0|0|0|0|30|209300|02015|4451|7
07-03-2025|07-03-2025|951195|"KASIH KARUNIA SEJATI PT.-951195"|389|"Java Supermall SMG"|"T-SHIRT BASIC"|"EMBA JEANS"|"MEN YOUNG CASUAL"|"EMBA JEANS"|"MEN DENIM"|GREY|XL|24010599|122754013904|1|399000|399000|119700|0|0|0|0|30|279300|02007|992|3
07-03-2025|07-03-2025|951195|"KASIH KARUNIA SEJATI PT.-951195"|253|"Mega Town Sq MAL PLK"|"T-SHIRT BASIC"|"EMBA JEANS"|"MEN YOUNG CASUAL"|"EMBA JEANS"|"MEN DENIM"|GREY|M|24009850|122754013902|1|399000|399000|119700|0|0|0|0|30|279300|01002|3196|1
07-03-2025|07-03-2025|951195|"KASIH KARUNIA SEJATI PT.-951195"|345|"Central PLZ MAL BDL"|"T-SHIRT BASIC"|"EMBA JEANS"|"MEN YOUNG CASUAL"|"EMBA JEANS"|"MEN DENIM"|GREY|M|24009850|122754013902|1|399000|399000|119700|0|0|0|0|30|279300|02023|7299|2
07-03-2025|07-03-2025|951195|"KASIH KARUNIA SEJATI PT.-951195"|255|"Malang Town Sq TC"|"T-SHIRT BASIC"|"EMBA JEANS"|"MEN YOUNG CASUAL"|"EMBA JEANS"|"MEN DENIM"|GREY|31|24006193|638256013931|1|469000|469000|140700|0|0|0|0|30|328300|02015|9169|1
07-03-2025|07-03-2025|951195|"KASIH KARUNIA SEJATI PT.-951195"|376|"Mitra Malang HS"|"T-SHIRT BASIC"|"EMBA JEANS"|"MEN YOUNG CASUAL"|"EMBA JEANS"|"MEN DENIM"|GREY|38|24005103|633213028838|1|299000|299000|0|0|0|0|0|0|299000|03025|4004|1
07-03-2025|07-03-2025|951195|"KASIH KARUNIA SEJATI PT.-951195"|419|"Pakuwon MAL SBY"|"T-SHIRT BASIC"|"EMBA JEANS"|"MEN YOUNG CASUAL"|"EMBA JEANS"|"MEN DENIM"|GREY|38|24005103|633213028838|1|299000|299000|0|0|0|0|0|0|299000|01014|9476|3
07-03-2025|07-03-2025|951195|"KASIH KARUNIA SEJATI PT.-951195"|359|"Fest City MAL BDG"|"T-SHIRT BASIC"|"EMBA JEANS"|"MEN YOUNG CASUAL"|"EMBA JEANS"|"MEN DENIM"|YELLOW|M|24002428|231009041702|1|299000|299000|89700|0|0|0|0|30|209300|02018|9096|2
07-03-2025|07-03-2025|951195|"KASIH KARUNIA SEJATI PT.-951195"|227|"Sidoarjo Town Sq MAL"|"T-SHIRT BASIC"|"EMBA JEANS"|"MEN YOUNG CASUAL"|"EMBA JEANS"|"MEN DENIM"|BROWN|L|24002384|122744013303|1|399000|399000|119700|0|0|0|0|30|279300|01016|2019|6
07-03-2025|07-03-2025|951195|"KASIH KARUNIA SEJATI PT.-951195"|329|"Lippo PLZ MAL Kupang"|"T-SHIRT BASIC"|"EMBA JEANS"|"MEN YOUNG CASUAL"|"EMBA JEANS"|"MEN DENIM"|BROWN|34|24000626|638256013334|1|469000|469000|140700|0|0|0|0|30|328300|02013|1759|1
07-03-2025|07-03-2025|951195|"KASIH KARUNIA SEJATI PT.-951195"|645|"Medan MAL"|"T-SHIRT BASIC"|"EMBA JEANS"|"MEN YOUNG CASUAL"|"EMBA JEANS"|"MEN DENIM"|GREEN|XL|23998936|230007215704|1|249000|249000|0|0|0|0|0|0|249000|01008|9770|3
07-03-2025|07-03-2025|951195|"KASIH KARUNIA SEJATI PT.-951195"|649|"Galeria MAL Yogya"|"T-SHIRT BASIC"|"EMBA JEANS"|"MEN YOUNG CASUAL"|"EMBA JEANS"|"MEN DENIM"|BROWN|M|23836646|112035103302|2|269000|538000|0|0|0|0|0|0|538000|03056|3063|1
07-03-2025|07-03-2025|951195|"KASIH KARUNIA SEJATI PT.-951195"|227|"Sidoarjo Town Sq MAL"|"T-SHIRT BASIC"|"EMBA JEANS"|"MEN YOUNG CASUAL"|"EMBA JEANS"|"MEN DENIM"|VANILLA|L|23833989|112747013504|1|429000|429000|128700|0|0|0|0|30|300300|01009|2196|2
07-03-2025|07-03-2025|951195|"KASIH KARUNIA SEJATI PT.-951195"|254|"Cibinong MAL BGR"|"T-SHIRT BASIC"|"EMBA JEANS"|"MEN YOUNG CASUAL"|"EMBA JEANS"|"MEN DENIM"|VANILLA|L|23833989|112747013504|1|429000|429000|128700|0|0|0|0|30|300300|02071|8406|2
07-03-2025|07-03-2025|951195|"KASIH KARUNIA SEJATI PT.-951195"|367|"Jayapura MAL"|"T-SHIRT BASIC"|"EMBA JEANS"|"MEN YOUNG CASUAL"|"EMBA JEANS"|"MEN DENIM"|KHAKI|"NO SIZE"|23266600|301013020300|1|249000|249000|49800|0|0|0|0|20|199200|02005|9044|1
07-03-2025|07-03-2025|951195|"KASIH KARUNIA SEJATI PT.-951195"|273|"SKA MAL Pekanbaru"|"T-SHIRT BASIC"|"EMBA JEANS"|"MEN YOUNG CASUAL"|"EMBA JEANS"|"MEN DENIM"|GREEN|L|23264451|112739015003|1|429000|429000|128700|0|0|0|0|30|300300|03038|7284|1
07-03-2025|07-03-2025|951195|"KASIH KARUNIA SEJATI PT.-951195"|355|"E Walk MAL BPP"|"T-SHIRT BASIC"|"EMBA JEANS"|"MEN YOUNG CASUAL"|"EMBA JEANS"|"MEN DENIM"|GREEN|L|23264451|112739015003|1|429000|429000|128700|0|0|0|0|30|300300|02026|6473|1
07-03-2025|07-03-2025|951195|"KASIH KARUNIA SEJATI PT.-951195"|473|"Gress MAL Gresik"|"T-SHIRT BASIC"|"EMBA JEANS"|"MEN YOUNG CASUAL"|"EMBA JEANS"|"MEN DENIM"|BLUE|M|19633953|103061015102|1|469000|469000|0|234500|0|0|0|50|234500|80120|457|3
07-03-2025|07-03-2025|951195|"KASIH KARUNIA SEJATI PT.-951195"|537|"Johar Plaza TC JMR"|"T-SHIRT BASIC"|"EMBA JEANS"|"MEN YOUNG CASUAL"|"EMBA JEANS"|"MEN DENIM"|BLUE|M|19633953|103061015102|1|469000|469000|0|234500|0|0|0|50|234500|80241|2836|2
07-03-2025|07-03-2025|951195|"KASIH KARUNIA SEJATI PT.-951195"|563|"Plaza Malioboro"|"T-SHIRT BASIC"|"EMBA JEANS"|"MEN YOUNG CASUAL"|"EMBA JEANS"|"MEN DENIM"|"NAVY BLUE"|29|19629128|616040043829|1|390000|390000|191000|0|0|0|0|49|199000|01018|8933|1
07-03-2025|07-03-2025|951195|"KASIH KARUNIA SEJATI PT.-951195"|326|"Lippo PLZ MAL Jember"|"T-SHIRT BASIC"|"EMBA JEANS"|"MEN YOUNG CASUAL"|"EMBA JEANS"|"MEN DENIM"|GREEN|L|19628914|113750015003|1|469000|469000|140700|0|0|0|0|30|328300|01005|212|3
07-03-2025|07-03-2025|951195|"KASIH KARUNIA SEJATI PT.-951195"|405|"Lembuswana TC SMR"|"T-SHIRT BASIC"|"EMBA JEANS"|"MEN YOUNG CASUAL"|"EMBA JEANS"|"MEN DENIM"|KHAKI|L|19628763|122075010303|1|399000|399000|100000|0|0|0|0|25.1|299000|02006|5140|1
07-03-2025|07-03-2025|951195|"KASIH KARUNIA SEJATI PT.-951195"|227|"Sidoarjo Town Sq MAL"|"T-SHIRT BASIC"|"EMBA JEANS"|"MEN YOUNG CASUAL"|"EMBA JEANS"|"MEN DENIM"|ORANGE|L|19628665|122075016803|1|399000|399000|119700|0|0|0|0|30|279300|01017|2173|2
07-03-2025|07-03-2025|951195|"KASIH KARUNIA SEJATI PT.-951195"|255|"Malang Town Sq TC"|"T-SHIRT BASIC"|"EMBA JEANS"|"MEN YOUNG CASUAL"|"EMBA JEANS"|"MEN DENIM"|BLUE|36|19628414|616040047236|1|390000|390000|191000|0|0|0|0|49|199000|02014|9289|12
07-03-2025|07-03-2025|951195|"KASIH KARUNIA SEJATI PT.-951195"|389|"Java Supermall SMG"|"T-SHIRT BASIC"|"EMBA JEANS"|"MEN YOUNG CASUAL"|"EMBA JEANS"|"MEN DENIM"|"NAVY BLUE"|36|19628290|616040049936|1|390000|390000|191000|0|0|0|0|49|199000|02008|621|1
07-03-2025|07-03-2025|951195|"KASIH KARUNIA SEJATI PT.-951195"|293|"Royal Plaza TC SBY"|"T-SHIRT BASIC"|"EMBA JEANS"|"MEN YOUNG CASUAL"|"EMBA JEANS"|"MEN DENIM"|"NAVY BLUE"|31|19628254|616040043831|1|390000|390000|111000|0|0|0|0|28.5|279000|02012|4178|1
07-03-2025|07-03-2025|951195|"KASIH KARUNIA SEJATI PT.-951195"|345|"Central PLZ MAL BDL"|"T-SHIRT BASIC"|"EMBA JEANS"|"MEN YOUNG CASUAL"|"EMBA JEANS"|"MEN DENIM"|VANILLA|M|18561041|122074013502|1|249000|249000|0|0|0|0|0|0|249000|02031|7917|1
07-03-2025|07-03-2025|951195|"KASIH KARUNIA SEJATI PT.-951195"|233|"Bangkalan PLZ MAL"|"T-SHIRT BASIC"|"EMBA JEANS"|"MEN YOUNG CASUAL"|"EMBA JEANS"|"MEN DENIM"|BLACK|XL|18561005|122074010204|1|249000|249000|0|0|0|0|0|0|249000|01001|8181|1
07-03-2025|07-03-2025|951195|"KASIH KARUNIA SEJATI PT.-951195"|243|"Cibubur Junction MAL"|"T-SHIRT BASIC"|"EMBA JEANS"|"MEN YOUNG CASUAL"|"EMBA JEANS"|"MEN DENIM"|RED|M|18560953|113753016802|1|469000|469000|140700|0|0|0|0|30|328300|02009|5564|2
07-03-2025|07-03-2025|951195|"KASIH KARUNIA SEJATI PT.-951195"|359|"Fest City MAL BDG"|"T-SHIRT BASIC"|"EMBA JEANS"|"MEN YOUNG CASUAL"|"EMBA JEANS"|"MEN DENIM"|BROWN|XL|17640565|112813013304|1|499000|499000|149700|0|0|0|0|30|349300|02018|9096|1
07-03-2025|07-03-2025|951195|"KASIH KARUNIA SEJATI PT.-951195"|326|"Lippo PLZ MAL Jember"|"T-SHIRT BASIC"|"EMBA JEANS"|"MEN YOUNG CASUAL"|"EMBA JEANS"|"MEN DENIM"|BLUE|L|17640510|103048027203|2|429000|858000|429000|0|0|0|0|50|429000|03024|344|2
07-03-2025|07-03-2025|951195|"KASIH KARUNIA SEJATI PT.-951195"|408|"Balikpapan PLZ BPP"|"T-SHIRT BASIC"|"EMBA JEANS"|"MEN YOUNG CASUAL"|"EMBA JEANS"|"MEN DENIM"|BROWN|L|17640298|112813013303|1|499000|499000|149700|0|0|0|0|30|349300|02043|5686|4
07-03-2025|07-03-2025|951195|"KASIH KARUNIA SEJATI PT.-951195"|376|"Mitra Malang HS"|"T-SHIRT BASIC"|"EMBA JEANS"|"MEN YOUNG CASUAL"|"EMBA JEANS"|"MEN DENIM"|BLUE|33|17640289|640041025433|1|569000|569000|170700|0|0|0|0|30|398300|03023|3702|1
07-03-2025|07-03-2025|951195|"KASIH KARUNIA SEJATI PT.-951195"|381|"Singosaren MAL Solo"|"T-SHIRT BASIC"|"EMBA JEANS"|"MEN YOUNG CASUAL"|"EMBA JEANS"|"MEN DENIM"|BLUE|28|17336117|633105207228|1|469000|469000|93800|0|0|0|0|20|375200|01010|9456|3
07-03-2025|07-03-2025|951195|"KASIH KARUNIA SEJATI PT.-951195"|333|"Manado Town Sq MAL"|"T-SHIRT BASIC"|"EMBA JEANS"|"MEN YOUNG CASUAL"|"EMBA JEANS"|"MEN DENIM"|"NAVY BLUE"|29|17336055|616069019029|1|349000|349000|35000|0|0|0|0|10|314000|02047|9072|5
07-03-2025|07-03-2025|951195|"KASIH KARUNIA SEJATI PT.-951195"|371|"Pondok Gede TC BKS"|"T-SHIRT BASIC"|"EMBA JEANS"|"MEN YOUNG CASUAL"|"EMBA JEANS"|"MEN DENIM"|"NAVY BLUE"|29|17336055|616069019029|1|349000|349000|35000|0|0|0|0|10|314000|02010|6985|2
07-03-2025|07-03-2025|951195|"KASIH KARUNIA SEJATI PT.-951195"|677|"Grage MAL Cirebon"|"T-SHIRT BASIC"|"EMBA JEANS"|"MEN YOUNG CASUAL"|"EMBA JEANS"|"MEN DENIM"|"NAVY BLUE"|33|17336046|633105202033|1|469000|469000|140700|0|0|0|0|30|328300|02010|9777|4
07-03-2025|07-03-2025|951195|"KASIH KARUNIA SEJATI PT.-951195"|221|"Panakkukang MAL MKS"|"T-SHIRT BASIC"|"EMBA JEANS"|"MEN YOUNG CASUAL"|"EMBA JEANS"|"MEN DENIM"|"NAVY BLUE"|34|17336000|616069019034|1|349000|349000|35000|0|0|0|0|10|314000|02051|9671|1
07-03-2025|07-03-2025|951195|"KASIH KARUNIA SEJATI PT.-951195"|223|"Batu Town Sq MAL MLG"|"T-SHIRT BASIC"|"EMBA JEANS"|"MEN YOUNG CASUAL"|"EMBA JEANS"|"MEN DENIM"|"NAVY BLUE"|34|17336000|616069019034|1|349000|349000|35000|0|0|0|0|10|314000|01004|5547|1
07-03-2025|07-03-2025|951195|"KASIH KARUNIA SEJATI PT.-951195"|563|"Plaza Malioboro"|"T-SHIRT BASIC"|"EMBA JEANS"|"MEN YOUNG CASUAL"|"EMBA JEANS"|"MEN DENIM"|"NAVY BLUE"|34|17336000|616069019034|1|349000|349000|34900|0|0|0|0|10|314100|03013|9138|2
07-03-2025|07-03-2025|951195|"KASIH KARUNIA SEJATI PT.-951195"|440|"Ciputra MAL TNG"|"T-SHIRT BASIC"|"EMBA JEANS"|"MEN YOUNG CASUAL"|"EMBA JEANS"|"MEN DENIM"|"NAVY BLUE"|27|17335850|616069019027|1|279000|279000|0|0|0|0|0|0|279000|03056|4620|1
07-03-2025|07-03-2025|951195|"KASIH KARUNIA SEJATI PT.-951195"|350|"Bencoolen MAL BGL"|"T-SHIRT BASIC"|"EMBA JEANS"|"MEN YOUNG CASUAL"|"EMBA JEANS"|"MEN DENIM"|"NAVY BLUE"|27|17335850|616069019027|2|349000|698000|70000|0|0|0|0|10|628000|01014|8348|1
07-03-2025|07-03-2025|951195|"KASIH KARUNIA SEJATI PT.-951195"|255|"Malang Town Sq TC"|"T-SHIRT BASIC"|"EMBA JEANS"|"MEN YOUNG CASUAL"|"EMBA JEANS"|"MEN DENIM"|BLUE|30|17335672|616074031530|1|390000|390000|0|100000|0|0|0|25.6|290000|80587|8773|2
07-03-2025|07-03-2025|951195|"KASIH KARUNIA SEJATI PT.-951195"|413|"Kediri Town Sq MAL"|"T-SHIRT BASIC"|"EMBA JEANS"|"MEN YOUNG CASUAL"|"EMBA JEANS"|"MEN DENIM"|"NAVY BLUE"|31|17335627|616069019031|1|349000|349000|35000|0|0|0|0|10|314000|01001|8923|1
07-03-2025|07-03-2025|951195|"KASIH KARUNIA SEJATI PT.-951195"|413|"Kediri Town Sq MAL"|"T-SHIRT BASIC"|"EMBA JEANS"|"MEN YOUNG CASUAL"|"EMBA JEANS"|"MEN DENIM"|"NAVY BLUE"|31|17335627|616069019031|1|349000|349000|35000|0|0|0|0|10|314000|01024|8705|2
07-03-2025|07-03-2025|951195|"KASIH KARUNIA SEJATI PT.-951195"|330|"THE PARK KENDARI"|"T-SHIRT BASIC"|"EMBA JEANS"|"MEN YOUNG CASUAL"|"EMBA JEANS"|"MEN DENIM"|"NAVY BLUE"|34|17335618|616190013134|1|629000|629000|314500|0|0|0|0|50|314500|02019|2157|1
07-03-2025|07-03-2025|951195|"KASIH KARUNIA SEJATI PT.-951195"|235|"Lippo Kendari MAL"|"T-SHIRT BASIC"|"EMBA JEANS"|"MEN YOUNG CASUAL"|"EMBA JEANS"|"MEN DENIM"|BLUE|31|17335529|616069019631|1|349000|349000|35000|0|0|0|0|10|314000|03009|3229|2
07-03-2025|07-03-2025|951195|"KASIH KARUNIA SEJATI PT.-951195"|273|"SKA MAL Pekanbaru"|"T-SHIRT BASIC"|"EMBA JEANS"|"MEN YOUNG CASUAL"|"EMBA JEANS"|"MEN DENIM"|BLUE|31|17335529|616069019631|1|349000|349000|0|0|0|0|0|0|349000|03039|7143|2
07-03-2025|07-03-2025|951195|"KASIH KARUNIA SEJATI PT.-951195"|296|"Serang MAL"|"T-SHIRT BASIC"|"EMBA JEANS"|"MEN YOUNG CASUAL"|"EMBA JEANS"|"MEN DENIM"|"NAVY BLUE"|34|50339776|616181039934|1|299000|299000|0|0|0|0|0|0|299000|02028|3600|2
07-03-2025|07-03-2025|951195|"KASIH KARUNIA SEJATI PT.-951195"|337|"Basko Grand MAL PAD"|"T-SHIRT BASIC"|"EMBA JEANS"|"MEN YOUNG CASUAL"|"EMBA JEANS"|"MEN DENIM"|ORANGE|M|50339749|102068016802|1|269000|269000|0|0|0|0|0|0|269000|02015|521|2
07-03-2025|07-03-2025|951195|"KASIH KARUNIA SEJATI PT.-951195"|653|"Lippo MAL Cikarang"|"T-SHIRT BASIC"|"EMBA JEANS"|"MEN YOUNG CASUAL"|"EMBA JEANS"|"MEN DENIM"|ORANGE|M|50339749|102068016802|1|269000|269000|0|0|0|0|0|0|269000|90204|5087|7
07-03-2025|07-03-2025|951195|"KASIH KARUNIA SEJATI PT.-951195"|697|"Plaza Pekalongan MAL"|"T-SHIRT BASIC"|"EMBA JEANS"|"MEN YOUNG CASUAL"|"EMBA JEANS"|"MEN DENIM"|ORANGE|M|50339749|102068016802|1|269000|269000|0|0|0|0|0|0|269000|01005|9833|1
07-03-2025|07-03-2025|951195|"KASIH KARUNIA SEJATI PT.-951195"|261|"Plaza Medan Fair TC"|"T-SHIRT BASIC"|"EMBA JEANS"|"MEN YOUNG CASUAL"|"EMBA JEANS"|"MEN DENIM"|"NAVY BLUE"|28|50339696|618182033828|1|270000|270000|0|0|0|0|0|0|270000|80134|3779|1
07-03-2025|07-03-2025|951195|"KASIH KARUNIA SEJATI PT.-951195"|536|"Kudus BZR"|"T-SHIRT BASIC"|"EMBA JEANS"|"MEN YOUNG CASUAL"|"EMBA JEANS"|"MEN DENIM"|ORANGE|XL|50339687|102036076804|1|249000|249000|0|0|0|0|0|0|249000|01007|680|4
07-03-2025|07-03-2025|951195|"KASIH KARUNIA SEJATI PT.-951195"|263|"Mega Mall TC Manado"|"T-SHIRT BASIC"|"EMBA JEANS"|"MEN YOUNG CASUAL"|"EMBA JEANS"|"MEN DENIM"|"NAVY BLUE"|33|50339669|616181039933|1|299000|299000|0|0|0|0|0|0|299000|02012|3296|3
07-03-2025|07-03-2025|951195|"KASIH KARUNIA SEJATI PT.-951195"|314|"Epicentrum MAL MTR"|"T-SHIRT BASIC"|"EMBA JEANS"|"MEN YOUNG CASUAL"|"EMBA JEANS"|"MEN DENIM"|YELLOW|M|50339534|102058054902|1|229000|229000|0|0|0|0|0|0|229000|02008|2393|4
07-03-2025|07-03-2025|951195|"KASIH KARUNIA SEJATI PT.-951195"|645|"Medan MAL"|"T-SHIRT BASIC"|"EMBA JEANS"|"MEN YOUNG CASUAL"|"EMBA JEANS"|"MEN DENIM"|YELLOW|M|50339534|102058054902|1|229000|229000|0|0|0|0|0|0|229000|01015|9980|2
07-03-2025|07-03-2025|951195|"KASIH KARUNIA SEJATI PT.-951195"|367|"Jayapura MAL"|"T-SHIRT BASIC"|"EMBA JEANS"|"MEN YOUNG CASUAL"|"EMBA JEANS"|"MEN DENIM"|BLACK|"NO SIZE"|45791135|301012090200|1|199000|199000|39800|0|0|0|0|20|159200|02005|9044|2
07-03-2025|07-03-2025|951195|"KASIH KARUNIA SEJATI PT.-951195"|405|"Lembuswana TC SMR"|"T-SHIRT BASIC"|"EMBA JEANS"|"MEN YOUNG CASUAL"|"EMBA JEANS"|"MEN DENIM"|BLACK|M|45790654|122058020202|1|299000|299000|0|0|0|0|0|0|299000|02017|5123|1
07-03-2025|07-03-2025|951195|"KASIH KARUNIA SEJATI PT.-951195"|254|"Cibinong MAL BGR"|"T-SHIRT BASIC"|"EMBA JEANS"|"MEN YOUNG CASUAL"|"EMBA JEANS"|"MEN DENIM"|BLUE|28|45790538|643191011528|1|449000|449000|134700|0|0|0|0|30|314300|02009|8374|3
07-03-2025|07-03-2025|951195|"KASIH KARUNIA SEJATI PT.-951195"|254|"Cibinong MAL BGR"|"T-SHIRT BASIC"|"EMBA JEANS"|"MEN YOUNG CASUAL"|"EMBA JEANS"|"MEN DENIM"|"NAVY BLUE"|M|45790430|122049019202|1|279000|279000|0|0|0|0|0|0|279000|02072|8147|1
07-03-2025|07-03-2025|951195|"KASIH KARUNIA SEJATI PT.-951195"|326|"Lippo PLZ MAL Jember"|"T-SHIRT BASIC"|"EMBA JEANS"|"MEN YOUNG CASUAL"|"EMBA JEANS"|"MEN DENIM"|"NAVY BLUE"|29|45790403|643191013129|1|449000|449000|0|0|0|0|0|0|449000|03010|581|1
07-03-2025|07-03-2025|951195|"KASIH KARUNIA SEJATI PT.-951195"|413|"Kediri Town Sq MAL"|"T-SHIRT BASIC"|"EMBA JEANS"|"MEN YOUNG CASUAL"|"EMBA JEANS"|"MEN DENIM"|GREY|M|45790305|113035073902|1|299000|299000|0|0|0|0|0|0|299000|01026|8669|3
07-03-2025|07-03-2025|951195|"KASIH KARUNIA SEJATI PT.-951195"|326|"Lippo PLZ MAL Jember"|"T-SHIRT BASIC"|"EMBA JEANS"|"MEN YOUNG CASUAL"|"EMBA JEANS"|"MEN DENIM"|KHAKI|L|45790190|122049010303|1|279000|279000|0|0|0|0|0|0|279000|03034|485|1
07-03-2025|07-03-2025|951195|"KASIH KARUNIA SEJATI PT.-951195"|473|"Gress MAL Gresik"|"T-SHIRT BASIC"|"EMBA JEANS"|"MEN YOUNG CASUAL"|"EMBA JEANS"|"MEN DENIM"|KHAKI|L|45790190|122049010303|1|279000|279000|0|0|0|0|0|0|279000|02025|7561|3
07-03-2025|07-03-2025|951195|"KASIH KARUNIA SEJATI PT.-951195"|233|"Bangkalan PLZ MAL"|"T-SHIRT BASIC"|"EMBA JEANS"|"MEN YOUNG CASUAL"|"EMBA JEANS"|"MEN DENIM"|KHAKI|M|45363722|113035070302|1|299000|299000|0|0|0|0|0|0|299000|01006|8225|6
07-03-2025|07-03-2025|951195|"KASIH KARUNIA SEJATI PT.-951195"|523|"Tunjungan MAL SBY"|"T-SHIRT BASIC"|"EMBA JEANS"|"MEN YOUNG CASUAL"|"EMBA JEANS"|"MEN DENIM"|GREY|M|45290391|113749013902|1|469000|469000|140700|0|0|0|0|30|328300|04047|662|5
07-03-2025|07-03-2025|951195|"KASIH KARUNIA SEJATI PT.-951195"|333|"Manado Town Sq MAL"|"T-SHIRT BASIC"|"EMBA JEANS"|"MEN YOUNG CASUAL"|"EMBA JEANS"|"MEN DENIM"|BROWN|33|45207801|616256023333|1|349000|349000|0|0|0|0|0|0|349000|01003|9065|3
07-03-2025|07-03-2025|951195|"KASIH KARUNIA SEJATI PT.-951195"|296|"Serang MAL"|"T-SHIRT BASIC"|"EMBA JEANS"|"MEN YOUNG CASUAL"|"EMBA JEANS"|"MEN DENIM"|BLUE|34|45207758|618069027234|1|250000|250000|0|0|0|0|0|0|250000|01055|3938|12
07-03-2025|07-03-2025|951195|"KASIH KARUNIA SEJATI PT.-951195"|333|"Manado Town Sq MAL"|"T-SHIRT BASIC"|"EMBA JEANS"|"MEN YOUNG CASUAL"|"EMBA JEANS"|"MEN DENIM"|BROWN|33|45207749|616256024433|1|349000|349000|0|0|0|0|0|0|349000|02047|8844|1
07-03-2025|07-03-2025|951195|"KASIH KARUNIA SEJATI PT.-951195"|263|"Mega Mall TC Manado"|"T-SHIRT BASIC"|"EMBA JEANS"|"MEN YOUNG CASUAL"|"EMBA JEANS"|"MEN DENIM"|BLUE|38|45207650|618069027238|1|250000|250000|0|0|0|0|0|0|250000|02013|3276|1
07-03-2025|07-03-2025|951195|"KASIH KARUNIA SEJATI PT.-951195"|263|"Mega Mall TC Manado"|"T-SHIRT BASIC"|"EMBA JEANS"|"MEN YOUNG CASUAL"|"EMBA JEANS"|"MEN DENIM"|BLUE|29|45207623|618069017229|1|250000|250000|0|0|0|0|0|0|250000|02013|3155|3
07-03-2025|07-03-2025|951195|"KASIH KARUNIA SEJATI PT.-951195"|419|"Pakuwon MAL SBY"|"T-SHIRT BASIC"|"EMBA JEANS"|"MEN YOUNG CASUAL"|"EMBA JEANS"|"MEN DENIM"|BLACK|32|45207561|618029043232|1|290000|290000|0|0|0|0|0|0|290000|01009|9284|2
07-03-2025|07-03-2025|951195|"KASIH KARUNIA SEJATI PT.-951195"|261|"Plaza Medan Fair TC"|"T-SHIRT BASIC"|"EMBA JEANS"|"MEN YOUNG CASUAL"|"EMBA JEANS"|"MEN DENIM"|BROWN|32|45207436|616256023332|1|349000|349000|0|0|0|0|0|0|349000|01007|3556|2
07-03-2025|07-03-2025|951195|"KASIH KARUNIA SEJATI PT.-951195"|263|"Mega Mall TC Manado"|"T-SHIRT BASIC"|"EMBA JEANS"|"MEN YOUNG CASUAL"|"EMBA JEANS"|"MEN DENIM"|BROWN|32|45207436|616256023332|1|349000|349000|0|0|0|0|0|0|349000|02014|3723|4
07-03-2025|07-03-2025|951195|"KASIH KARUNIA SEJATI PT.-951195"|314|"Epicentrum MAL MTR"|"T-SHIRT BASIC"|"EMBA JEANS"|"MEN YOUNG CASUAL"|"EMBA JEANS"|"MEN DENIM"|BROWN|29|45207427|616256024429|1|349000|349000|0|0|0|0|0|0|349000|02008|2393|3
07-03-2025|07-03-2025|951195|"KASIH KARUNIA SEJATI PT.-951195"|227|"Sidoarjo Town Sq MAL"|"T-SHIRT BASIC"|"EMBA JEANS"|"MEN YOUNG CASUAL"|"EMBA JEANS"|"MEN DENIM"|GREY|29|45207418|616256023929|1|349000|349000|0|0|0|0|0|0|349000|01016|2029|2
07-03-2025|07-03-2025|951195|"KASIH KARUNIA SEJATI PT.-951195"|261|"Plaza Medan Fair TC"|"T-SHIRT BASIC"|"EMBA JEANS"|"MEN YOUNG CASUAL"|"EMBA JEANS"|"MEN DENIM"|BLUE|27|45207409|618069017227|1|250000|250000|0|0|0|0|0|0|250000|01045|3661|2
07-03-2025|07-03-2025|951195|"KASIH KARUNIA SEJATI PT.-951195"|387|"Manhattan MAL Medan"|"T-SHIRT BASIC"|"EMBA JEANS"|"MEN YOUNG CASUAL"|"EMBA JEANS"|"MEN DENIM"|BROWN|31|45207249|616256023331|1|349000|349000|0|0|0|0|0|0|349000|03067|1151|5
07-03-2025|07-03-2025|951195|"KASIH KARUNIA SEJATI PT.-951195"|318|"Indramayu MAL"|"T-SHIRT BASIC"|"EMBA JEANS"|"MEN YOUNG CASUAL"|"EMBA JEANS"|"MEN DENIM"|KHAKI|33|45181464|580023038033|1|659000|659000|197700|0|0|0|0|30|461300|02026|1173|1
07-03-2025|07-03-2025|951195|"KASIH KARUNIA SEJATI PT.-951195"|300|"Lippo MAL LLG"|"T-SHIRT BASIC"|"EMBA JEANS"|"MEN YOUNG CASUAL"|"EMBA JEANS"|"MEN DENIM"|KHAKI|31|45181446|580023036031|1|659000|659000|197700|0|0|0|0|30|461300|01005|3488|2
07-03-2025|07-03-2025|951195|"KASIH KARUNIA SEJATI PT.-951195"|318|"Indramayu MAL"|"T-SHIRT BASIC"|"EMBA JEANS"|"MEN YOUNG CASUAL"|"EMBA JEANS"|"MEN DENIM"|KHAKI|40|45181204|580023048040|1|699000|699000|209700|0|0|0|0|30|489300|03024|1139|1
07-03-2025|07-03-2025|951195|"KASIH KARUNIA SEJATI PT.-951195"|300|"Lippo MAL LLG"|"T-SHIRT BASIC"|"EMBA JEANS"|"MEN YOUNG CASUAL"|"EMBA JEANS"|"MEN DENIM"|KHAKI|34|45180992|580023038034|1|659000|659000|659000|0|0|0|0|100|0|01005|3488|3
07-03-2025|07-03-2025|951195|"KASIH KARUNIA SEJATI PT.-951195"|649|"Galeria MAL Yogya"|"T-SHIRT BASIC"|"EMBA JEANS"|"MEN YOUNG CASUAL"|"EMBA JEANS"|"MEN DENIM"|BLUE|27|32312220|617132072027|1|599000|599000|0|419000|0|0|0|69.9|180000|80206|4101|1
07-03-2025|07-03-2025|951195|"KASIH KARUNIA SEJATI PT.-951195"|326|"Lippo PLZ MAL Jember"|"T-SHIRT BASIC"|"EMBA JEANS"|"MEN YOUNG CASUAL"|"EMBA JEANS"|"MEN DENIM"|YELLOW|L|28925200|113491011703|1|529000|529000|158700|0|0|0|0|30|370300|03034|641|2
07-03-2025|07-03-2025|951195|"KASIH KARUNIA SEJATI PT.-951195"|367|"Jayapura MAL"|"T-SHIRT BASIC"|"EMBA JEANS"|"MEN YOUNG CASUAL"|"EMBA JEANS"|"MEN DENIM"|YELLOW|L|28925200|113491011703|1|529000|529000|158700|0|0|0|0|30|370300|02005|9016|5
07-03-2025|07-03-2025|951195|"KASIH KARUNIA SEJATI PT.-951195"|241|"BIG MAL Samarinda"|"T-SHIRT BASIC"|"EMBA JEANS"|"MEN YOUNG CASUAL"|"EMBA JEANS"|"MEN DENIM"|BLUE|33|28355924|617112087233|1|290000|290000|0|0|0|0|0|0|290000|02006|1783|5
07-03-2025|07-03-2025|951195|"KASIH KARUNIA SEJATI PT.-951195"|261|"Plaza Medan Fair TC"|"T-SHIRT BASIC"|"EMBA JEANS"|"MEN YOUNG CASUAL"|"EMBA JEANS"|"MEN DENIM"|BLUE|33|28355924|617112087233|1|290000|290000|0|0|0|0|0|0|290000|80133|8977|5
07-03-2025|07-03-2025|951195|"KASIH KARUNIA SEJATI PT.-951195"|293|"Royal Plaza TC SBY"|"T-SHIRT BASIC"|"EMBA JEANS"|"MEN YOUNG CASUAL"|"EMBA JEANS"|"MEN DENIM"|BLUE|33|28355924|617112087233|1|290000|290000|0|0|0|0|0|0|290000|01003|4663|2
07-03-2025|07-03-2025|951195|"KASIH KARUNIA SEJATI PT.-951195"|419|"Pakuwon MAL SBY"|"T-SHIRT BASIC"|"EMBA JEANS"|"MEN YOUNG CASUAL"|"EMBA JEANS"|"MEN DENIM"|BLUE|33|28355924|617112087233|1|290000|290000|0|0|0|0|0|0|290000|01012|9041|1
07-03-2025|07-03-2025|951195|"KASIH KARUNIA SEJATI PT.-951195"|653|"Lippo MAL Cikarang"|"T-SHIRT BASIC"|"EMBA JEANS"|"MEN YOUNG CASUAL"|"EMBA JEANS"|"MEN DENIM"|BLUE|27|28355746|617112047227|1|290000|290000|0|0|0|0|0|0|290000|02010|8118|2
07-03-2025|07-03-2025|951195|"KASIH KARUNIA SEJATI PT.-951195"|653|"Lippo MAL Cikarang"|"T-SHIRT BASIC"|"EMBA JEANS"|"MEN YOUNG CASUAL"|"EMBA JEANS"|"MEN DENIM"|BLUE|27|28355746|617112047227|1|290000|290000|0|0|0|0|0|0|290000|01007|8133|5
07-03-2025|07-03-2025|951195|"KASIH KARUNIA SEJATI PT.-951195"|326|"Lippo PLZ MAL Jember"|"T-SHIRT BASIC"|"EMBA JEANS"|"MEN YOUNG CASUAL"|"EMBA JEANS"|"MEN DENIM"|BLUE|30|28355684|617112047230|1|290000|290000|0|0|0|0|0|0|290000|03026|196|2
07-03-2025|07-03-2025|951195|"KASIH KARUNIA SEJATI PT.-951195"|523|"Tunjungan MAL SBY"|"T-SHIRT BASIC"|"EMBA JEANS"|"MEN YOUNG CASUAL"|"EMBA JEANS"|"MEN DENIM"|BLUE|30|28355684|617112047230|1|290000|290000|0|0|0|0|0|0|290000|04043|470|1
07-03-2025|07-03-2025|951195|"KASIH KARUNIA SEJATI PT.-951195"|415|"Plaza MAL Madiun"|"T-SHIRT BASIC"|"EMBA JEANS"|"MEN YOUNG CASUAL"|"EMBA JEANS"|"MEN DENIM"|BLUE|30|28355684|617112047230|1|290000|290000|0|0|0|0|0|0|290000|01002|6100|3
07-03-2025|07-03-2025|951195|"KASIH KARUNIA SEJATI PT.-951195"|241|"BIG MAL Samarinda"|"T-SHIRT BASIC"|"EMBA JEANS"|"MEN YOUNG CASUAL"|"EMBA JEANS"|"MEN DENIM"|BLUE|34|28355488|617112087234|1|290000|290000|0|0|0|0|0|0|290000|02006|1546|1
07-03-2025|07-03-2025|951195|"KASIH KARUNIA SEJATI PT.-951195"|282|"Pakuwon Mall Jogja"|"T-SHIRT BASIC"|"EMBA JEANS"|"MEN YOUNG CASUAL"|"EMBA JEANS"|"MEN DENIM"|BLUE|34|28355488|617112087234|1|290000|290000|0|0|0|0|0|0|290000|01017|3954|2
07-03-2025|07-03-2025|951195|"KASIH KARUNIA SEJATI PT.-951195"|388|"Suncity MAL Madiun"|"T-SHIRT BASIC"|"EMBA JEANS"|"MEN YOUNG CASUAL"|"EMBA JEANS"|"MEN DENIM"|BLUE|34|28355488|617112087234|1|290000|290000|0|0|0|0|0|0|290000|02020|3711|1
07-03-2025|07-03-2025|951195|"KASIH KARUNIA SEJATI PT.-951195"|511|"Arion MAL Jakarta"|"T-SHIRT BASIC"|"EMBA JEANS"|"MEN YOUNG CASUAL"|"EMBA JEANS"|"MEN DENIM"|BLUE|34|28355488|617112087234|1|290000|290000|0|0|0|0|0|0|290000|02043|1200|4
07-03-2025|07-03-2025|951195|"KASIH KARUNIA SEJATI PT.-951195"|419|"Pakuwon MAL SBY"|"T-SHIRT BASIC"|"EMBA JEANS"|"MEN YOUNG CASUAL"|"EMBA JEANS"|"MEN DENIM"|BLUE|34|28355488|617112087234|1|290000|290000|0|0|0|0|0|0|290000|01012|9046|1
07-03-2025|07-03-2025|951195|"KASIH KARUNIA SEJATI PT.-951195"|446|"Ubertos MAL Bandung"|"T-SHIRT BASIC"|"EMBA JEANS"|"MEN YOUNG CASUAL"|"EMBA JEANS"|"MEN DENIM"|BROWN|32|28355291|620223023632|1|290000|290000|0|20000|0|0|0|6.9|270000|90225|657|2
07-03-2025|07-03-2025|951195|"KASIH KARUNIA SEJATI PT.-951195"|221|"Panakkukang MAL MKS"|"T-SHIRT BASIC"|"EMBA JEANS"|"MEN YOUNG CASUAL"|"EMBA JEANS"|"MEN DENIM"|BLUE|31|28355059|617112047231|1|290000|290000|0|0|0|0|0|0|290000|02020|410|1
07-03-2025|07-03-2025|951195|"KASIH KARUNIA SEJATI PT.-951195"|264|"Palu Grand MAL"|"T-SHIRT BASIC"|"EMBA JEANS"|"MEN YOUNG CASUAL"|"EMBA JEANS"|"MEN DENIM"|BLUE|31|28355059|617112047231|1|290000|290000|0|0|0|0|0|0|290000|02012|4142|1
07-03-2025|07-03-2025|951195|"KASIH KARUNIA SEJATI PT.-951195"|501|"Duta Plaza MAL DPR"|"T-SHIRT BASIC"|"EMBA JEANS"|"MEN YOUNG CASUAL"|"EMBA JEANS"|"MEN DENIM"|BLUE|31|28355059|617112047231|1|290000|290000|0|0|0|0|0|0|290000|02031|3389|1
07-03-2025|07-03-2025|951195|"KASIH KARUNIA SEJATI PT.-951195"|303|"Solo Square MAL"|"T-SHIRT BASIC"|"EMBA JEANS"|"MEN YOUNG CASUAL"|"EMBA JEANS"|"MEN DENIM"|BLUE|38|28355040|617112087238|1|290000|290000|0|0|0|0|0|0|290000|80333|161|2
07-03-2025|07-03-2025|951195|"KASIH KARUNIA SEJATI PT.-951195"|387|"Manhattan MAL Medan"|"T-SHIRT BASIC"|"EMBA JEANS"|"MEN YOUNG CASUAL"|"EMBA JEANS"|"MEN DENIM"|BLUE|38|28355040|617112087238|1|290000|290000|0|0|0|0|0|0|290000|03017|1242|3
07-03-2025|07-03-2025|951195|"KASIH KARUNIA SEJATI PT.-951195"|296|"Serang MAL"|"T-SHIRT BASIC"|"EMBA JEANS"|"MEN YOUNG CASUAL"|"EMBA JEANS"|"MEN DENIM"|BLUE|29|28354952|617112047229|1|290000|290000|0|0|0|0|0|0|290000|01055|3938|11
07-03-2025|07-03-2025|951195|"KASIH KARUNIA SEJATI PT.-951195"|402|"Uptown Mall Semarang"|"T-SHIRT BASIC"|"EMBA JEANS"|"MEN YOUNG CASUAL"|"EMBA JEANS"|"MEN DENIM"|BROWN|31|28300607|618236023331|1|290000|290000|80000|0|0|0|0|27.6|210000|02008|2421|1
07-03-2025|07-03-2025|951195|"KASIH KARUNIA SEJATI PT.-951195"|252|"Ambon City MAL"|"T-SHIRT BASIC"|"EMBA JEANS"|"MEN YOUNG CASUAL"|"EMBA JEANS"|"MEN DENIM"|BLACK|30|28299816|618152012530|1|250000|250000|40000|0|0|0|0|16|210000|02032|7783|1
07-03-2025|07-03-2025|951195|"KASIH KARUNIA SEJATI PT.-951195"|371|"Pondok Gede TC BKS"|"T-SHIRT BASIC"|"EMBA JEANS"|"MEN YOUNG CASUAL"|"EMBA JEANS"|"MEN DENIM"|BLUE|33|28299585|617029017233|1|290000|290000|80000|0|0|0|0|27.6|210000|72027|6756|1
07-03-2025|07-03-2025|951195|"KASIH KARUNIA SEJATI PT.-951195"|275|"Mega MAL Batam"|"T-SHIRT BASIC"|"EMBA JEANS"|"MEN YOUNG CASUAL"|"EMBA JEANS"|"MEN DENIM"|BLUE|28|28299503|617029013828|1|290000|290000|80000|0|0|0|0|27.6|210000|02013|2315|5
07-03-2025|07-03-2025|951195|"KASIH KARUNIA SEJATI PT.-951195"|619|"Plasa HS Klaten"|"T-SHIRT BASIC"|"EMBA JEANS"|"MEN YOUNG CASUAL"|"EMBA JEANS"|"MEN DENIM"|BLUE|29|28299290|618096013829|1|270000|270000|0|50000|0|0|0|18.5|220000|90235|7692|1
07-03-2025|07-03-2025|951195|"KASIH KARUNIA SEJATI PT.-951195"|317|"Citimall Dumai"|"T-SHIRT BASIC"|"EMBA JEANS"|"MEN YOUNG CASUAL"|"EMBA JEANS"|"MEN DENIM"|BLUE|31|28299165|617029013831|1|290000|290000|80000|0|0|0|0|27.6|210000|01054|5588|3
07-03-2025|07-03-2025|951195|"KASIH KARUNIA SEJATI PT.-951195"|275|"Mega MAL Batam"|"T-SHIRT BASIC"|"EMBA JEANS"|"MEN YOUNG CASUAL"|"EMBA JEANS"|"MEN DENIM"|BLUE|29|28299110|617029013829|1|290000|290000|80000|0|0|0|0|27.6|210000|02013|2315|6
07-03-2025|07-03-2025|951195|"KASIH KARUNIA SEJATI PT.-951195"|266|"Lippo Puri MAL JKT"|"T-SHIRT BASIC"|"EMBA JEANS"|"MEN YOUNG CASUAL"|"EMBA JEANS"|"MEN DENIM"|BLACK|28|28297783|618112013228|1|399000|399000|0|0|0|0|0|0|399000|01024|5013|1
07-03-2025|07-03-2025|951195|"KASIH KARUNIA SEJATI PT.-951195"|314|"Epicentrum MAL MTR"|"T-SHIRT BASIC"|"EMBA JEANS"|"MEN YOUNG CASUAL"|"EMBA JEANS"|"MEN DENIM"|BLACK|28|28297783|618112013228|1|399000|399000|0|0|0|0|0|0|399000|02008|2393|2
07-03-2025|07-03-2025|951195|"KASIH KARUNIA SEJATI PT.-951195"|233|"Bangkalan PLZ MAL"|"T-SHIRT BASIC"|"EMBA JEANS"|"MEN YOUNG CASUAL"|"EMBA JEANS"|"MEN DENIM"|BLACK|30|28297701|618112013230|1|399000|399000|0|0|0|0|0|0|399000|01009|8317|5
07-03-2025|07-03-2025|951195|"KASIH KARUNIA SEJATI PT.-951195"|352|"Sunrise MAL MJK"|"T-SHIRT BASIC"|"EMBA JEANS"|"MEN YOUNG CASUAL"|"EMBA JEANS"|"MEN DENIM"|BLACK|30|28297701|618112013230|1|399000|399000|0|0|0|0|0|0|399000|02028|5947|2
07-03-2025|07-03-2025|951195|"KASIH KARUNIA SEJATI PT.-951195"|368|"Armada Sq MAL MGG"|"T-SHIRT BASIC"|"EMBA JEANS"|"MEN YOUNG CASUAL"|"EMBA JEANS"|"MEN DENIM"|BLACK|30|28297701|618112013230|1|399000|399000|0|0|0|0|0|0|399000|01017|9995|3
07-03-2025|07-03-2025|951195|"KASIH KARUNIA SEJATI PT.-951195"|415|"Plaza MAL Madiun"|"T-SHIRT BASIC"|"EMBA JEANS"|"MEN YOUNG CASUAL"|"EMBA JEANS"|"MEN DENIM"|BLACK|30|28297701|618112013230|1|399000|399000|0|0|0|0|0|0|399000|01033|5990|1
07-03-2025|07-03-2025|951195|"KASIH KARUNIA SEJATI PT.-951195"|241|"BIG MAL Samarinda"|"T-SHIRT BASIC"|"EMBA JEANS"|"MEN YOUNG CASUAL"|"EMBA JEANS"|"MEN DENIM"|BLACK|32|28297685|618112013232|1|399000|399000|0|0|0|0|0|0|399000|02012|1384|1
07-03-2025|07-03-2025|951195|"KASIH KARUNIA SEJATI PT.-951195"|367|"Jayapura MAL"|"T-SHIRT BASIC"|"EMBA JEANS"|"MEN YOUNG CASUAL"|"EMBA JEANS"|"MEN DENIM"|WHITE|XL|73313616|212003074504|1|319000|319000|220000|0|0|0|0|69|99000|02008|9247|1
07-03-2025|07-03-2025|951195|"KASIH KARUNIA SEJATI PT.-951195"|537|"Johar Plaza TC JMR"|"T-SHIRT BASIC"|"EMBA JEANS"|"MEN YOUNG CASUAL"|"EMBA JEANS"|"MEN DENIM"|BLUE|M|65659910|102035015102|1|359000|359000|0|174500|0|0|0|48.6|184500|80241|2810|2
07-03-2025|07-03-2025|951195|"KASIH KARUNIA SEJATI PT.-951195"|371|"Pondok Gede TC BKS"|"T-SHIRT BASIC"|"EMBA JEANS"|"MEN YOUNG CASUAL"|"EMBA JEANS"|"MEN DENIM"|BLUE|29|64834679|618129027229|1|270000|270000|0|0|0|0|0|0|270000|81274|1449|1
07-03-2025|07-03-2025|951195|"KASIH KARUNIA SEJATI PT.-951195"|368|"Armada Sq MAL MGG"|"T-SHIRT BASIC"|"EMBA JEANS"|"MEN YOUNG CASUAL"|"EMBA JEANS"|"MEN DENIM"|BLUE|33|64834384|618129037233|1|270000|270000|0|0|0|0|0|0|270000|80142|4102|1
07-03-2025|07-03-2025|951195|"KASIH KARUNIA SEJATI PT.-951195"|419|"Pakuwon MAL SBY"|"T-SHIRT BASIC"|"EMBA JEANS"|"MEN YOUNG CASUAL"|"EMBA JEANS"|"MEN DENIM"|BLUE|34|64834277|618129037234|1|270000|270000|0|0|0|0|0|0|270000|01009|9555|5
07-03-2025|07-03-2025|951195|"KASIH KARUNIA SEJATI PT.-951195"|221|"Panakkukang MAL MKS"|"T-SHIRT BASIC"|"EMBA JEANS"|"MEN YOUNG CASUAL"|"EMBA JEANS"|"MEN DENIM"|BLACK|30|62773079|618129043230|1|270000|270000|0|0|0|0|0|0|270000|02021|779|1
07-03-2025|07-03-2025|951195|"KASIH KARUNIA SEJATI PT.-951195"|221|"Panakkukang MAL MKS"|"T-SHIRT BASIC"|"EMBA JEANS"|"MEN YOUNG CASUAL"|"EMBA JEANS"|"MEN DENIM"|BLACK|27|62773051|618129043227|1|270000|270000|0|0|0|0|0|0|270000|02012|307|3
07-03-2025|07-03-2025|951195|"KASIH KARUNIA SEJATI PT.-951195"|255|"Malang Town Sq TC"|"T-SHIRT BASIC"|"EMBA JEANS"|"MEN YOUNG CASUAL"|"EMBA JEANS"|"MEN DENIM"|BLACK|29|62773042|618129043229|1|270000|270000|0|0|0|0|0|0|270000|02014|9568|2
07-03-2025|07-03-2025|951195|"KASIH KARUNIA SEJATI PT.-951195"|375|"Ekalokasari MAL BGR"|"T-SHIRT BASIC"|"EMBA JEANS"|"MEN YOUNG CASUAL"|"EMBA JEANS"|"MEN DENIM"|BLACK|36|62773015|618129053236|1|270000|270000|0|0|0|0|0|0|270000|80202|460|6
07-03-2025|07-03-2025|951195|"KASIH KARUNIA SEJATI PT.-951195"|387|"Manhattan MAL Medan"|"T-SHIRT BASIC"|"EMBA JEANS"|"MEN YOUNG CASUAL"|"EMBA JEANS"|"MEN DENIM"|BLACK|36|62773015|618129053236|1|270000|270000|0|0|0|0|0|0|270000|03017|1242|2
07-03-2025|07-03-2025|951195|"KASIH KARUNIA SEJATI PT.-951195"|401|"Citimal Cianjur 2"|"T-SHIRT BASIC"|"EMBA JEANS"|"MEN YOUNG CASUAL"|"EMBA JEANS"|"MEN DENIM"|BLACK|34|62772945|618129053234|1|270000|270000|0|0|0|0|0|0|270000|01005|8020|1
07-03-2025|07-03-2025|951195|"KASIH KARUNIA SEJATI PT.-951195"|503|"Matahari HS Magelang"|"T-SHIRT BASIC"|"EMBA JEANS"|"MEN YOUNG CASUAL"|"EMBA JEANS"|"MEN DENIM"|BLACK|34|62772945|618129053234|1|270000|270000|0|0|0|0|0|0|270000|02011|407|1
07-03-2025|07-03-2025|951195|"KASIH KARUNIA SEJATI PT.-951195"|282|"Pakuwon Mall Jogja"|"T-SHIRT BASIC"|"EMBA JEANS"|"MEN YOUNG CASUAL"|"EMBA JEANS"|"MEN DENIM"|BLACK|33|62772892|618129053233|1|270000|270000|0|0|0|0|0|0|270000|01002|4170|2
07-03-2025|07-03-2025|951195|"KASIH KARUNIA SEJATI PT.-951195"|503|"Matahari HS Magelang"|"T-SHIRT BASIC"|"EMBA JEANS"|"MEN YOUNG CASUAL"|"EMBA JEANS"|"MEN DENIM"|BLACK|33|62772892|618129053233|1|270000|270000|0|0|0|0|0|0|270000|01002|107|7
07-03-2025|07-03-2025|951195|"KASIH KARUNIA SEJATI PT.-951195"|375|"Ekalokasari MAL BGR"|"T-SHIRT BASIC"|"EMBA JEANS"|"MEN YOUNG CASUAL"|"EMBA JEANS"|"MEN DENIM"|BLACK|38|62772838|618129053238|1|270000|270000|0|0|0|0|0|0|270000|02015|823|1
07-03-2025|07-03-2025|951195|"KASIH KARUNIA SEJATI PT.-951195"|677|"Grage MAL Cirebon"|"T-SHIRT BASIC"|"EMBA JEANS"|"MEN YOUNG CASUAL"|"EMBA JEANS"|"MEN DENIM"|BLACK|38|62772838|618129053238|1|270000|270000|0|0|0|0|0|0|270000|02017|9312|2
07-03-2025|07-03-2025|951195|"KASIH KARUNIA SEJATI PT.-951195"|473|"Gress MAL Gresik"|"T-SHIRT BASIC"|"EMBA JEANS"|"MEN YOUNG CASUAL"|"EMBA JEANS"|"MEN DENIM"|WHITE|M|53671437|207011160102|1|169000|169000|0|0|0|0|0|0|169000|02025|7738|2
07-03-2025|07-03-2025|951195|"KASIH KARUNIA SEJATI PT.-951195"|536|"Kudus BZR"|"T-SHIRT BASIC"|"EMBA JEANS"|"MEN YOUNG CASUAL"|"EMBA JEANS"|"MEN DENIM"|WHITE|M|53671437|207011160102|1|169000|169000|0|0|0|0|0|0|169000|01009|470|1
07-03-2025|07-03-2025|951195|"KASIH KARUNIA SEJATI PT.-951195"|289|"Paragon City MAL SMG"|"T-SHIRT BASIC"|"EMBA JEANS"|"MEN YOUNG CASUAL"|"EMBA JEANS"|"MEN DENIM"|WHITE|XL|53670867|207011170104|1|169000|169000|0|0|0|0|0|0|169000|02014|4409|1
07-03-2025|07-03-2025|951195|"KASIH KARUNIA SEJATI PT.-951195"|473|"Gress MAL Gresik"|"T-SHIRT BASIC"|"EMBA JEANS"|"MEN YOUNG CASUAL"|"EMBA JEANS"|"MEN DENIM"|GREY|M|53670509|207011173902|1|169000|169000|0|0|0|0|0|0|169000|02025|7738|1
07-03-2025|07-03-2025|951195|"KASIH KARUNIA SEJATI PT.-951195"|263|"Mega Mall TC Manado"|"T-SHIRT BASIC"|"EMBA JEANS"|"MEN YOUNG CASUAL"|"EMBA JEANS"|"MEN DENIM"|"NAVY BLUE"|29|53611242|640184013829|1|449000|449000|134700|0|0|0|0|30|314300|02015|3328|2
07-03-2025|07-03-2025|951195|"KASIH KARUNIA SEJATI PT.-951195"|254|"Cibinong MAL BGR"|"T-SHIRT BASIC"|"EMBA JEANS"|"MEN YOUNG CASUAL"|"EMBA JEANS"|"MEN DENIM"|"NAVY BLUE"|38|53611171|640184013838|1|449000|449000|134700|0|0|0|0|30|314300|02034|8341|3
07-03-2025|07-03-2025|951195|"KASIH KARUNIA SEJATI PT.-951195"|453|"Supermal Karawaci"|"T-SHIRT BASIC"|"EMBA JEANS"|"MEN YOUNG CASUAL"|"EMBA JEANS"|"MEN DENIM"|"NAVY BLUE"|38|53611171|640184013838|1|449000|449000|134700|0|0|0|0|30|314300|02006|6913|1
07-03-2025|07-03-2025|951195|"KASIH KARUNIA SEJATI PT.-951195"|453|"Supermal Karawaci"|"T-SHIRT BASIC"|"EMBA JEANS"|"MEN YOUNG CASUAL"|"EMBA JEANS"|"MEN DENIM"|"NAVY BLUE"|36|53610789|640184013836|1|449000|449000|134700|0|0|0|0|30|314300|02022|7062|1
07-03-2025|07-03-2025|951195|"KASIH KARUNIA SEJATI PT.-951195"|273|"SKA MAL Pekanbaru"|"T-SHIRT BASIC"|"EMBA JEANS"|"MEN YOUNG CASUAL"|"EMBA JEANS"|"MEN DENIM"|"NAVY BLUE"|34|53610734|616182013134|1|299000|299000|0|0|0|0|0|0|299000|03064|7314|5
07-03-2025|07-03-2025|951195|"KASIH KARUNIA SEJATI PT.-951195"|523|"Tunjungan MAL SBY"|"T-SHIRT BASIC"|"EMBA JEANS"|"MEN YOUNG CASUAL"|"EMBA JEANS"|"MEN DENIM"|"NAVY BLUE"|34|53610734|616182013134|1|299000|299000|0|0|0|0|0|0|299000|04041|568|1
07-03-2025|07-03-2025|951195|"KASIH KARUNIA SEJATI PT.-951195"|655|"Millennium Mall JKT"|"T-SHIRT BASIC"|"EMBA JEANS"|"MEN YOUNG CASUAL"|"EMBA JEANS"|"MEN DENIM"|"NAVY BLUE"|31|53610707|616182013131|1|299000|299000|0|0|0|0|0|0|299000|03024|3653|1
07-03-2025|07-03-2025|951195|"KASIH KARUNIA SEJATI PT.-951195"|227|"Sidoarjo Town Sq MAL"|"T-SHIRT BASIC"|"EMBA JEANS"|"MEN YOUNG CASUAL"|"EMBA JEANS"|"MEN DENIM"|WHITE|M|53610663|207011040102|1|169000|169000|0|0|0|0|0|0|169000|01020|2043|1
07-03-2025|07-03-2025|951195|"KASIH KARUNIA SEJATI PT.-951195"|233|"Bangkalan PLZ MAL"|"T-SHIRT BASIC"|"EMBA JEANS"|"MEN YOUNG CASUAL"|"EMBA JEANS"|"MEN DENIM"|WHITE|M|53610663|207011040102|1|169000|169000|0|0|0|0|0|0|169000|01006|8225|4
07-03-2025|07-03-2025|951195|"KASIH KARUNIA SEJATI PT.-951195"|536|"Kudus BZR"|"T-SHIRT BASIC"|"EMBA JEANS"|"MEN YOUNG CASUAL"|"EMBA JEANS"|"MEN DENIM"|GREEN|M|53610332|122976015002|1|259000|259000|0|0|0|0|0|0|259000|01001|561|2
07-03-2025|07-03-2025|951195|"KASIH KARUNIA SEJATI PT.-951195"|804|"Matahari HS PWT"|"T-SHIRT BASIC"|"EMBA JEANS"|"MEN YOUNG CASUAL"|"EMBA JEANS"|"MEN DENIM"|GREEN|M|53610332|122976015002|1|259000|259000|0|0|0|0|0|0|259000|01003|7234|1
07-03-2025|07-03-2025|951195|"KASIH KARUNIA SEJATI PT.-951195"|655|"Millennium Mall JKT"|"T-SHIRT BASIC"|"EMBA JEANS"|"MEN YOUNG CASUAL"|"EMBA JEANS"|"MEN DENIM"|"NAVY BLUE"|38|53610323|616182013138|1|299000|299000|0|0|0|0|0|0|299000|03024|3660|1
07-03-2025|07-03-2025|951195|"KASIH KARUNIA SEJATI PT.-951195"|655|"Millennium Mall JKT"|"T-SHIRT BASIC"|"EMBA JEANS"|"MEN YOUNG CASUAL"|"EMBA JEANS"|"MEN DENIM"|"NAVY BLUE"|38|53610323|616182013138|1|299000|299000|0|0|0|0|0|0|299000|03022|3531|1
07-03-2025|07-03-2025|951195|"KASIH KARUNIA SEJATI PT.-951195"|415|"Plaza MAL Madiun"|"T-SHIRT BASIC"|"EMBA JEANS"|"MEN YOUNG CASUAL"|"EMBA JEANS"|"MEN DENIM"|"NAVY BLUE"|28|53610305|616182013128|1|299000|299000|0|0|0|0|0|0|299000|01033|5945|2
07-03-2025|07-03-2025|951195|"KASIH KARUNIA SEJATI PT.-951195"|255|"Malang Town Sq TC"|"T-SHIRT BASIC"|"EMBA JEANS"|"MEN YOUNG CASUAL"|"EMBA JEANS"|"MEN DENIM"|"NAVY BLUE"|28|53610305|616182013128|1|299000|299000|0|0|0|0|0|0|299000|02043|9510|2
07-03-2025|07-03-2025|951195|"KASIH KARUNIA SEJATI PT.-951195"|673|"Daan Mogot MAL JKT"|"T-SHIRT BASIC"|"EMBA JEANS"|"MEN YOUNG CASUAL"|"EMBA JEANS"|"MEN DENIM"|GREEN|XL|53610261|122976015004|1|259000|259000|0|0|0|0|0|0|259000|01003|4394|5
07-03-2025|07-03-2025|951195|"KASIH KARUNIA SEJATI PT.-951195"|352|"Sunrise MAL MJK"|"T-SHIRT BASIC"|"EMBA JEANS"|"MEN YOUNG CASUAL"|"EMBA JEANS"|"MEN DENIM"|WHITE|M|53610092|207011050102|1|169000|169000|0|0|0|0|0|0|169000|02027|6347|2
07-03-2025|07-03-2025|951195|"KASIH KARUNIA SEJATI PT.-951195"|473|"Gress MAL Gresik"|"T-SHIRT BASIC"|"EMBA JEANS"|"MEN YOUNG CASUAL"|"EMBA JEANS"|"MEN DENIM"|"NAVY BLUE"|29|53609979|616182013129|1|299000|299000|0|0|0|0|0|0|299000|02025|7565|1
07-03-2025|07-03-2025|951195|"KASIH KARUNIA SEJATI PT.-951195"|233|"Bangkalan PLZ MAL"|"T-SHIRT BASIC"|"EMBA JEANS"|"MEN YOUNG CASUAL"|"EMBA JEANS"|"MEN DENIM"|YELLOW|M|53609951|207011021702|1|169000|169000|0|0|0|0|0|0|169000|01006|8225|3
07-03-2025|07-03-2025|951195|"KASIH KARUNIA SEJATI PT.-951195"|641|"Citra PLZ MAL PBR"|"T-SHIRT BASIC"|"EMBA JEANS"|"MEN YOUNG CASUAL"|"EMBA JEANS"|"MEN DENIM"|"NAVY BLUE"|32|53609595|640184013832|1|449000|449000|89800|0|0|0|0|20|359200|03031|8891|1
07-03-2025|07-03-2025|951195|"KASIH KARUNIA SEJATI PT.-951195"|227|"Sidoarjo Town Sq MAL"|"T-SHIRT BASIC"|"EMBA JEANS"|"MEN YOUNG CASUAL"|"EMBA JEANS"|"MEN DENIM"|BLACK|M|53609513|207011160202|1|169000|169000|0|0|0|0|0|0|169000|01009|2545|5
07-03-2025|07-03-2025|951195|"KASIH KARUNIA SEJATI PT.-951195"|399|"Icon MAL Gresik"|"T-SHIRT BASIC"|"EMBA JEANS"|"MEN YOUNG CASUAL"|"EMBA JEANS"|"MEN DENIM"|GREY|L|52515330|102039023903|1|249000|249000|0|0|0|0|0|0|249000|02019|9765|2
07-03-2025|07-03-2025|951195|"KASIH KARUNIA SEJATI PT.-951195"|563|"Plaza Malioboro"|"T-SHIRT BASIC"|"EMBA JEANS"|"MEN YOUNG CASUAL"|"EMBA JEANS"|"MEN DENIM"|GREY|L|52515330|102039023903|1|249000|249000|0|0|0|0|0|0|249000|01019|9120|7
07-03-2025|07-03-2025|951195|"KASIH KARUNIA SEJATI PT.-951195"|337|"Basko Grand MAL PAD"|"T-SHIRT BASIC"|"EMBA JEANS"|"MEN YOUNG CASUAL"|"EMBA JEANS"|"MEN DENIM"|KHAKI|M|52515321|119029010302|1|399000|399000|0|0|0|0|0|0|399000|02013|645|3
07-03-2025|07-03-2025|951195|"KASIH KARUNIA SEJATI PT.-951195"|523|"Tunjungan MAL SBY"|"T-SHIRT BASIC"|"EMBA JEANS"|"MEN YOUNG CASUAL"|"EMBA JEANS"|"MEN DENIM"|BLUE|32|52515303|618029067232|1|290000|290000|0|0|0|0|0|0|290000|04042|208|3
07-03-2025|07-03-2025|951195|"KASIH KARUNIA SEJATI PT.-951195"|303|"Solo Square MAL"|"T-SHIRT BASIC"|"EMBA JEANS"|"MEN YOUNG CASUAL"|"EMBA JEANS"|"MEN DENIM"|BLUE|34|52515214|618029077234|1|290000|290000|0|0|0|0|0|0|290000|01007|1868|2
07-03-2025|07-03-2025|951195|"KASIH KARUNIA SEJATI PT.-951195"|413|"Kediri Town Sq MAL"|"T-SHIRT BASIC"|"EMBA JEANS"|"MEN YOUNG CASUAL"|"EMBA JEANS"|"MEN DENIM"|BLACK|30|52515189|623210010230|1|329000|329000|0|0|0|0|0|0|329000|01031|8956|9
07-03-2025|07-03-2025|951195|"KASIH KARUNIA SEJATI PT.-951195"|326|"Lippo PLZ MAL Jember"|"T-SHIRT BASIC"|"EMBA JEANS"|"MEN YOUNG CASUAL"|"EMBA JEANS"|"MEN DENIM"|WHITE|XL|52515152|119029014504|1|399000|399000|0|0|0|0|0|0|399000|03010|718|4
07-03-2025|07-03-2025|951195|"KASIH KARUNIA SEJATI PT.-951195"|221|"Panakkukang MAL MKS"|"T-SHIRT BASIC"|"EMBA JEANS"|"MEN YOUNG CASUAL"|"EMBA JEANS"|"MEN DENIM"|BLUE|36|52514724|618029077236|1|290000|290000|0|0|0|0|0|0|290000|02021|564|1
07-03-2025|07-03-2025|951195|"KASIH KARUNIA SEJATI PT.-951195"|312|"Lippo PLZ MAL Jambi"|"T-SHIRT BASIC"|"EMBA JEANS"|"MEN YOUNG CASUAL"|"EMBA JEANS"|"MEN DENIM"|BLACK|34|52514564|623210010234|1|329000|329000|0|0|0|0|0|0|329000|01011|5623|1
07-03-2025|07-03-2025|951195|"KASIH KARUNIA SEJATI PT.-951195"|419|"Pakuwon MAL SBY"|"T-SHIRT BASIC"|"EMBA JEANS"|"MEN YOUNG CASUAL"|"EMBA JEANS"|"MEN DENIM"|"NAVY BLUE"|L|52514555|119029019203|1|399000|399000|249000|0|0|0|0|62.4|150000|01027|9453|8
07-03-2025|07-03-2025|951195|"KASIH KARUNIA SEJATI PT.-951195"|413|"Kediri Town Sq MAL"|"T-SHIRT BASIC"|"EMBA JEANS"|"MEN YOUNG CASUAL"|"EMBA JEANS"|"MEN DENIM"|"NAVY BLUE"|31|52514546|618069041531|1|290000|290000|0|0|0|0|0|0|290000|01015|8154|1
07-03-2025|07-03-2025|951195|"KASIH KARUNIA SEJATI PT.-951195"|407|"Discovery Mall Bali"|"T-SHIRT BASIC"|"EMBA JEANS"|"MEN YOUNG CASUAL"|"EMBA JEANS"|"MEN DENIM"|BLACK|XL|52514528|430302013204|1|429000|429000|0|0|0|0|0|0|429000|01006|6721|2
07-03-2025|07-03-2025|951195|"KASIH KARUNIA SEJATI PT.-951195"|254|"Cibinong MAL BGR"|"T-SHIRT BASIC"|"EMBA JEANS"|"MEN YOUNG CASUAL"|"EMBA JEANS"|"MEN DENIM"|GREEN|38|52514439|623210015738|1|329000|329000|0|0|0|0|0|0|329000|02012|8455|1
07-03-2025|07-03-2025|951195|"KASIH KARUNIA SEJATI PT.-951195"|263|"Mega Mall TC Manado"|"T-SHIRT BASIC"|"EMBA JEANS"|"MEN YOUNG CASUAL"|"EMBA JEANS"|"MEN DENIM"|BLACK|M|52514402|430302013202|1|429000|429000|0|0|0|0|0|0|429000|02015|3328|1
07-03-2025|07-03-2025|951195|"KASIH KARUNIA SEJATI PT.-951195"|413|"Kediri Town Sq MAL"|"T-SHIRT BASIC"|"EMBA JEANS"|"MEN YOUNG CASUAL"|"EMBA JEANS"|"MEN DENIM"|BLACK|31|52514368|623210010231|1|329000|329000|0|0|0|0|0|0|329000|01004|8911|1
07-03-2025|07-03-2025|951195|"KASIH KARUNIA SEJATI PT.-951195"|337|"Basko Grand MAL PAD"|"T-SHIRT BASIC"|"EMBA JEANS"|"MEN YOUNG CASUAL"|"EMBA JEANS"|"MEN DENIM"|WHITE|L|52514313|102039024503|1|249000|249000|0|0|0|0|0|0|249000|02016|328|1
07-03-2025|07-03-2025|951195|"KASIH KARUNIA SEJATI PT.-951195"|334|"OPI MAL Palembang"|"T-SHIRT BASIC"|"EMBA JEANS"|"MEN YOUNG CASUAL"|"EMBA JEANS"|"MEN DENIM"|WHITE|M|52514224|119029014502|1|399000|399000|0|0|0|0|0|0|399000|01016|7499|2
07-03-2025|07-03-2025|951195|"KASIH KARUNIA SEJATI PT.-951195"|389|"Java Supermall SMG"|"T-SHIRT BASIC"|"EMBA JEANS"|"MEN YOUNG CASUAL"|"EMBA JEANS"|"MEN DENIM"|"NAVY BLUE"|XL|52514073|119029019204|1|399000|399000|249000|0|0|0|0|62.4|150000|02007|992|1
07-03-2025|07-03-2025|951195|"KASIH KARUNIA SEJATI PT.-951195"|419|"Pakuwon MAL SBY"|"T-SHIRT BASIC"|"EMBA JEANS"|"MEN YOUNG CASUAL"|"EMBA JEANS"|"MEN DENIM"|BLUE|27|52514046|618029067227|1|290000|290000|0|0|0|0|0|0|290000|01027|9352|2
07-03-2025|07-03-2025|951195|"KASIH KARUNIA SEJATI PT.-951195"|413|"Kediri Town Sq MAL"|"T-SHIRT BASIC"|"EMBA JEANS"|"MEN YOUNG CASUAL"|"EMBA JEANS"|"MEN DENIM"|GREY|L|52247577|103032024003|1|299000|299000|0|0|0|0|0|0|299000|01010|8955|2
07-03-2025|07-03-2025|951195|"KASIH KARUNIA SEJATI PT.-951195"|415|"Plaza MAL Madiun"|"T-SHIRT BASIC"|"EMBA JEANS"|"MEN YOUNG CASUAL"|"EMBA JEANS"|"MEN DENIM"|GREY|L|52247577|103032024003|1|299000|299000|0|0|0|0|0|0|299000|01017|5935|1
07-03-2025|07-03-2025|951195|"KASIH KARUNIA SEJATI PT.-951195"|697|"Plaza Pekalongan MAL"|"T-SHIRT BASIC"|"EMBA JEANS"|"MEN YOUNG CASUAL"|"EMBA JEANS"|"MEN DENIM"|WHITE|XL|52247540|102032020104|1|269000|269000|0|0|0|0|0|0|269000|01040|9515|1
07-03-2025|07-03-2025|951195|"KASIH KARUNIA SEJATI PT.-951195"|227|"Sidoarjo Town Sq MAL"|"T-SHIRT BASIC"|"EMBA JEANS"|"MEN YOUNG CASUAL"|"EMBA JEANS"|"MEN DENIM"|GREY|M|52247513|102032024002|1|269000|269000|0|0|0|0|0|0|269000|01016|2019|11
07-03-2025|07-03-2025|951195|"KASIH KARUNIA SEJATI PT.-951195"|293|"Royal Plaza TC SBY"|"T-SHIRT BASIC"|"EMBA JEANS"|"MEN YOUNG CASUAL"|"EMBA JEANS"|"MEN DENIM"|GREY|M|52247513|102032024002|1|269000|269000|0|0|0|0|0|0|269000|02012|4788|2
07-03-2025|07-03-2025|951195|"KASIH KARUNIA SEJATI PT.-951195"|537|"Johar Plaza TC JMR"|"T-SHIRT BASIC"|"EMBA JEANS"|"MEN YOUNG CASUAL"|"EMBA JEANS"|"MEN DENIM"|GREY|M|52247513|102032024002|1|269000|269000|0|0|0|0|0|0|269000|02006|6185|1
07-03-2025|07-03-2025|951195|"KASIH KARUNIA SEJATI PT.-951195"|473|"Gress MAL Gresik"|"T-SHIRT BASIC"|"EMBA JEANS"|"MEN YOUNG CASUAL"|"EMBA JEANS"|"MEN DENIM"|KHAKI|L|52247264|102972010303|1|249000|249000|0|0|0|0|0|0|249000|02025|7722|1
07-03-2025|07-03-2025|951195|"KASIH KARUNIA SEJATI PT.-951195"|537|"Johar Plaza TC JMR"|"T-SHIRT BASIC"|"EMBA JEANS"|"MEN YOUNG CASUAL"|"EMBA JEANS"|"MEN DENIM"|GREY|L|52247086|102032024003|1|269000|269000|0|0|0|0|0|0|269000|02009|5753|2
07-03-2025|07-03-2025|951195|"KASIH KARUNIA SEJATI PT.-951195"|653|"Lippo MAL Cikarang"|"T-SHIRT BASIC"|"EMBA JEANS"|"MEN YOUNG CASUAL"|"EMBA JEANS"|"MEN DENIM"|BLUE|30|52246970|618069047230|1|290000|290000|0|0|0|0|0|0|290000|02010|8142|1
07-03-2025|07-03-2025|951195|"KASIH KARUNIA SEJATI PT.-951195"|536|"Kudus BZR"|"T-SHIRT BASIC"|"EMBA JEANS"|"MEN YOUNG CASUAL"|"EMBA JEANS"|"MEN DENIM"|GREY|XL|52246774|103032024004|1|299000|299000|0|0|0|0|0|0|299000|01001|383|1
07-03-2025|07-03-2025|951195|"KASIH KARUNIA SEJATI PT.-951195"|326|"Lippo PLZ MAL Jember"|"T-SHIRT BASIC"|"EMBA JEANS"|"MEN YOUNG CASUAL"|"EMBA JEANS"|"MEN DENIM"|GREY|M|52246765|103032024002|1|299000|299000|0|0|0|0|0|0|299000|03024|357|1
07-03-2025|07-03-2025|951195|"KASIH KARUNIA SEJATI PT.-951195"|254|"Cibinong MAL BGR"|"T-SHIRT BASIC"|"EMBA JEANS"|"MEN YOUNG CASUAL"|"EMBA JEANS"|"MEN DENIM"|WHITE|L|51949936|102049030103|1|279000|279000|0|0|0|0|0|0|279000|01005|8328|4
07-03-2025|07-03-2025|951195|"KASIH KARUNIA SEJATI PT.-951195"|389|"Java Supermall SMG"|"T-SHIRT BASIC"|"EMBA JEANS"|"MEN YOUNG CASUAL"|"EMBA JEANS"|"MEN DENIM"|WHITE|L|51949936|102049030103|1|279000|279000|0|0|0|0|0|0|279000|02007|735|3
07-03-2025|07-03-2025|951195|"KASIH KARUNIA SEJATI PT.-951195"|536|"Kudus BZR"|"T-SHIRT BASIC"|"EMBA JEANS"|"MEN YOUNG CASUAL"|"EMBA JEANS"|"MEN DENIM"|"NAVY BLUE"|30|78744955|617029165830|1|290000|290000|29000|0|0|0|0|10|261000|01003|344|1
07-03-2025|07-03-2025|951195|"KASIH KARUNIA SEJATI PT.-951195"|537|"Johar Plaza TC JMR"|"T-SHIRT BASIC"|"EMBA JEANS"|"MEN YOUNG CASUAL"|"EMBA JEANS"|"MEN DENIM"|"NAVY BLUE"|30|78744955|617029165830|1|290000|290000|0|0|0|0|0|0|290000|02009|6086|2
07-03-2025|07-03-2025|951195|"KASIH KARUNIA SEJATI PT.-951195"|536|"Kudus BZR"|"T-SHIRT BASIC"|"EMBA JEANS"|"MEN YOUNG CASUAL"|"EMBA JEANS"|"MEN DENIM"|"NAVY BLUE"|29|78744937|617029165829|1|290000|290000|29000|0|0|0|0|10|261000|01006|707|4
07-03-2025|07-03-2025|951195|"KASIH KARUNIA SEJATI PT.-951195"|381|"Singosaren MAL Solo"|"T-SHIRT BASIC"|"EMBA JEANS"|"MEN YOUNG CASUAL"|"EMBA JEANS"|"MEN DENIM"|"NAVY BLUE"|32|78744893|617029165832|1|290000|290000|29000|0|0|0|0|10|261000|01010|9456|2
07-03-2025|07-03-2025|951195|"KASIH KARUNIA SEJATI PT.-951195"|283|"Ayani Mega MAL PTK"|"T-SHIRT BASIC"|"EMBA JEANS"|"MEN YOUNG CASUAL"|"EMBA JEANS"|"MEN DENIM"|BLUE|38|78744857|617029172038|1|290000|290000|0|0|0|0|0|0|290000|01004|4037|2
07-03-2025|07-03-2025|951195|"KASIH KARUNIA SEJATI PT.-951195"|376|"Mitra Malang HS"|"T-SHIRT BASIC"|"EMBA JEANS"|"MEN YOUNG CASUAL"|"EMBA JEANS"|"MEN DENIM"|BLUE|36|78744820|617029172036|1|290000|290000|29000|0|0|0|0|10|261000|03027|3981|5
07-03-2025|07-03-2025|951195|"KASIH KARUNIA SEJATI PT.-951195"|415|"Plaza MAL Madiun"|"T-SHIRT BASIC"|"EMBA JEANS"|"MEN YOUNG CASUAL"|"EMBA JEANS"|"MEN DENIM"|"NAVY BLUE"|33|78744795|617029175833|1|290000|290000|29000|0|0|0|0|10|261000|01017|6238|1
07-03-2025|07-03-2025|951195|"KASIH KARUNIA SEJATI PT.-951195"|653|"Lippo MAL Cikarang"|"T-SHIRT BASIC"|"EMBA JEANS"|"MEN YOUNG CASUAL"|"EMBA JEANS"|"MEN DENIM"|"NAVY BLUE"|28|78744688|617029165828|1|290000|290000|0|0|0|0|0|0|290000|90204|5087|2
07-03-2025|07-03-2025|951195|"KASIH KARUNIA SEJATI PT.-951195"|283|"Ayani Mega MAL PTK"|"T-SHIRT BASIC"|"EMBA JEANS"|"MEN YOUNG CASUAL"|"EMBA JEANS"|"MEN DENIM"|"NAVY BLUE"|36|78744679|617029175836|1|290000|290000|0|0|0|0|0|0|290000|01004|4037|1
07-03-2025|07-03-2025|951195|"KASIH KARUNIA SEJATI PT.-951195"|273|"SKA MAL Pekanbaru"|"T-SHIRT BASIC"|"EMBA JEANS"|"MEN YOUNG CASUAL"|"EMBA JEANS"|"MEN DENIM"|BLUE|31|78744660|617029162031|1|290000|290000|0|0|0|0|0|0|290000|03039|6954|2
07-03-2025|07-03-2025|951195|"KASIH KARUNIA SEJATI PT.-951195"|655|"Millennium Mall JKT"|"T-SHIRT BASIC"|"EMBA JEANS"|"MEN YOUNG CASUAL"|"EMBA JEANS"|"MEN DENIM"|BLUE|31|78744660|617029162031|1|290000|290000|0|0|0|0|0|0|290000|03023|3530|1
07-03-2025|07-03-2025|951195|"KASIH KARUNIA SEJATI PT.-951195"|804|"Matahari HS PWT"|"T-SHIRT BASIC"|"EMBA JEANS"|"MEN YOUNG CASUAL"|"EMBA JEANS"|"MEN DENIM"|BLUE|31|78744660|617029162031|1|290000|290000|29000|0|0|0|0|10|261000|01002|7195|12
07-03-2025|07-03-2025|951195|"KASIH KARUNIA SEJATI PT.-951195"|221|"Panakkukang MAL MKS"|"T-SHIRT BASIC"|"EMBA JEANS"|"MEN YOUNG CASUAL"|"EMBA JEANS"|"MEN DENIM"|"NAVY BLUE"|33|78049019|617029173833|1|290000|290000|29000|0|0|0|0|10|261000|02020|639|1
07-03-2025|07-03-2025|951195|"KASIH KARUNIA SEJATI PT.-951195"|317|"Citimall Dumai"|"T-SHIRT BASIC"|"EMBA JEANS"|"MEN YOUNG CASUAL"|"EMBA JEANS"|"MEN DENIM"|"NAVY BLUE"|30|78049000|617029163830|1|290000|290000|29000|0|0|0|0|10|261000|01054|5588|2
07-03-2025|07-03-2025|951195|"KASIH KARUNIA SEJATI PT.-951195"|536|"Kudus BZR"|"T-SHIRT BASIC"|"EMBA JEANS"|"MEN YOUNG CASUAL"|"EMBA JEANS"|"MEN DENIM"|"NAVY BLUE"|30|78049000|617029163830|1|290000|290000|29000|0|0|0|0|10|261000|01006|707|3
07-03-2025|07-03-2025|951195|"KASIH KARUNIA SEJATI PT.-951195"|376|"Mitra Malang HS"|"T-SHIRT BASIC"|"EMBA JEANS"|"MEN YOUNG CASUAL"|"EMBA JEANS"|"MEN DENIM"|"NAVY BLUE"|27|78048994|617029163827|1|290000|290000|29000|0|0|0|0|10|261000|03025|3541|1
07-03-2025|07-03-2025|951195|"KASIH KARUNIA SEJATI PT.-951195"|221|"Panakkukang MAL MKS"|"T-SHIRT BASIC"|"EMBA JEANS"|"MEN YOUNG CASUAL"|"EMBA JEANS"|"MEN DENIM"|"NAVY BLUE"|29|78048958|617029163829|1|290000|290000|0|0|0|0|0|0|290000|02020|9653|4
07-03-2025|07-03-2025|951195|"KASIH KARUNIA SEJATI PT.-951195"|333|"Manado Town Sq MAL"|"T-SHIRT BASIC"|"EMBA JEANS"|"MEN YOUNG CASUAL"|"EMBA JEANS"|"MEN DENIM"|"NAVY BLUE"|29|78048958|617029163829|1|290000|290000|29000|0|0|0|0|10|261000|02004|8780|1
07-03-2025|07-03-2025|951195|"KASIH KARUNIA SEJATI PT.-951195"|334|"OPI MAL Palembang"|"T-SHIRT BASIC"|"EMBA JEANS"|"MEN YOUNG CASUAL"|"EMBA JEANS"|"MEN DENIM"|"NAVY BLUE"|28|78048921|617029163828|1|290000|290000|0|0|0|0|0|0|290000|01008|7373|1
07-03-2025|07-03-2025|951195|"KASIH KARUNIA SEJATI PT.-951195"|239|"Ciputra MAL Cibubur"|"T-SHIRT BASIC"|"EMBA JEANS"|"MEN YOUNG CASUAL"|"EMBA JEANS"|"MEN DENIM"|"NAVY BLUE"|31|78048903|617029163831|1|290000|290000|29000|0|0|0|0|10|261000|02021|9283|1
07-03-2025|07-03-2025|951195|"KASIH KARUNIA SEJATI PT.-951195"|641|"Citra PLZ MAL PBR"|"T-SHIRT BASIC"|"EMBA JEANS"|"MEN YOUNG CASUAL"|"EMBA JEANS"|"MEN DENIM"|"NAVY BLUE"|31|78048903|617029163831|1|290000|290000|0|0|0|0|0|0|290000|80651|8825|1
07-03-2025|07-03-2025|951195|"KASIH KARUNIA SEJATI PT.-951195"|255|"Malang Town Sq TC"|"T-SHIRT BASIC"|"EMBA JEANS"|"MEN YOUNG CASUAL"|"EMBA JEANS"|"MEN DENIM"|BLUE|34|76857033|616064027834|1|390000|390000|0|191000|0|0|0|49|199000|80361|2190|1
07-03-2025|07-03-2025|951195|"KASIH KARUNIA SEJATI PT.-951195"|355|"E Walk MAL BPP"|"T-SHIRT BASIC"|"EMBA JEANS"|"MEN YOUNG CASUAL"|"EMBA JEANS"|"MEN DENIM"|BLUE|38|76856918|616064027838|1|199000|199000|0|0|0|0|0|0|199000|02018|6619|5
07-03-2025|07-03-2025|951195|"KASIH KARUNIA SEJATI PT.-951195"|255|"Malang Town Sq TC"|"T-SHIRT BASIC"|"EMBA JEANS"|"MEN YOUNG CASUAL"|"EMBA JEANS"|"MEN DENIM"|BLUE|28|76856909|616064027828|1|390000|390000|191000|0|0|0|0|49|199000|02037|9136|5
07-03-2025|07-03-2025|951195|"KASIH KARUNIA SEJATI PT.-951195"|255|"Malang Town Sq TC"|"T-SHIRT BASIC"|"EMBA JEANS"|"MEN YOUNG CASUAL"|"EMBA JEANS"|"MEN DENIM"|BLUE|29|76856383|616064027829|1|390000|390000|0|191000|0|0|0|49|199000|80361|2138|1
07-03-2025|07-03-2025|951195|"KASIH KARUNIA SEJATI PT.-951195"|503|"Matahari HS Magelang"|"T-SHIRT BASIC"|"EMBA JEANS"|"MEN YOUNG CASUAL"|"EMBA JEANS"|"MEN DENIM"|"NAVY BLUE"|34|76771429|617030042034|1|469000|469000|140700|0|0|0|0|30|328300|02011|507|2
07-03-2025|07-03-2025|951195|"KASIH KARUNIA SEJATI PT.-951195"|338|"Palembang Square MAL"|"T-SHIRT BASIC"|"EMBA JEANS"|"MEN YOUNG CASUAL"|"EMBA JEANS"|"MEN DENIM"|BLUE|28|76207182|618069012028|1|250000|250000|0|0|0|0|0|0|250000|80122|2391|1
07-03-2025|07-03-2025|951195|"KASIH KARUNIA SEJATI PT.-951195"|673|"Daan Mogot MAL JKT"|"T-SHIRT BASIC"|"EMBA JEANS"|"MEN YOUNG CASUAL"|"EMBA JEANS"|"MEN DENIM"|BLACK|38|76207084|618069023838|1|250000|250000|0|0|0|0|0|0|250000|01019|4206|1
07-03-2025|07-03-2025|951195|"KASIH KARUNIA SEJATI PT.-951195"|555|"Metmal Bekasi"|"T-SHIRT BASIC"|"EMBA JEANS"|"MEN YOUNG CASUAL"|"EMBA JEANS"|"MEN DENIM"|BLACK|38|76207084|618069023838|1|250000|250000|0|0|0|0|0|0|250000|90207|1480|2
07-03-2025|07-03-2025|951195|"KASIH KARUNIA SEJATI PT.-951195"|337|"Basko Grand MAL PAD"|"T-SHIRT BASIC"|"EMBA JEANS"|"MEN YOUNG CASUAL"|"EMBA JEANS"|"MEN DENIM"|BLACK|31|76206941|618069013831|1|250000|250000|0|0|0|0|0|0|250000|80202|8772|2
07-03-2025|07-03-2025|951195|"KASIH KARUNIA SEJATI PT.-951195"|371|"Pondok Gede TC BKS"|"T-SHIRT BASIC"|"EMBA JEANS"|"MEN YOUNG CASUAL"|"EMBA JEANS"|"MEN DENIM"|BLACK|32|76206825|618069013832|1|250000|250000|0|0|0|0|0|0|250000|02011|6769|1
07-03-2025|07-03-2025|951195|"KASIH KARUNIA SEJATI PT.-951195"|523|"Tunjungan MAL SBY"|"T-SHIRT BASIC"|"EMBA JEANS"|"MEN YOUNG CASUAL"|"EMBA JEANS"|"MEN DENIM"|BLACK|32|76206825|618069013832|1|250000|250000|0|0|0|0|0|0|250000|04043|51|2
07-03-2025|07-03-2025|951195|"KASIH KARUNIA SEJATI PT.-951195"|697|"Plaza Pekalongan MAL"|"T-SHIRT BASIC"|"EMBA JEANS"|"MEN YOUNG CASUAL"|"EMBA JEANS"|"MEN DENIM"|BLACK|32|76206825|618069013832|1|250000|250000|0|0|0|0|0|0|250000|01006|9171|1
07-03-2025|07-03-2025|951195|"KASIH KARUNIA SEJATI PT.-951195"|419|"Pakuwon MAL SBY"|"T-SHIRT BASIC"|"EMBA JEANS"|"MEN YOUNG CASUAL"|"EMBA JEANS"|"MEN DENIM"|BLACK|32|76206825|618069013832|1|250000|250000|0|0|0|0|0|0|250000|01014|9403|2
07-03-2025|07-03-2025|951195|"KASIH KARUNIA SEJATI PT.-951195"|350|"Bencoolen MAL BGL"|"T-SHIRT BASIC"|"EMBA JEANS"|"MEN YOUNG CASUAL"|"EMBA JEANS"|"MEN DENIM"|BLACK|33|76206763|618069023833|1|250000|250000|0|0|0|0|0|0|250000|01013|8171|4
07-03-2025|07-03-2025|951195|"KASIH KARUNIA SEJATI PT.-951195"|555|"Metmal Bekasi"|"T-SHIRT BASIC"|"EMBA JEANS"|"MEN YOUNG CASUAL"|"EMBA JEANS"|"MEN DENIM"|BLACK|36|76206647|618069023836|1|250000|250000|0|0|0|0|0|0|250000|02053|7756|1
07-03-2025|07-03-2025|951195|"KASIH KARUNIA SEJATI PT.-951195"|415|"Plaza MAL Madiun"|"T-SHIRT BASIC"|"EMBA JEANS"|"MEN YOUNG CASUAL"|"EMBA JEANS"|"MEN DENIM"|BLACK|36|76206647|618069023836|1|250000|250000|0|0|0|0|0|0|250000|01002|6243|2
07-03-2025|07-03-2025|951195|"KASIH KARUNIA SEJATI PT.-951195"|317|"Citimall Dumai"|"T-SHIRT BASIC"|"EMBA JEANS"|"MEN YOUNG CASUAL"|"EMBA JEANS"|"MEN DENIM"|BLUE|33|76206638|618069022033|1|250000|250000|0|0|0|0|0|0|250000|01054|5588|4
07-03-2025|07-03-2025|951195|"KASIH KARUNIA SEJATI PT.-951195"|319|"MDS ONE BATAM MALL"|"T-SHIRT BASIC"|"EMBA JEANS"|"MEN YOUNG CASUAL"|"EMBA JEANS"|"MEN DENIM"|BLUE|33|76206638|618069022033|1|250000|250000|0|0|0|0|0|0|250000|01011|8210|1
07-03-2025|07-03-2025|951195|"KASIH KARUNIA SEJATI PT.-951195"|389|"Java Supermall SMG"|"T-SHIRT BASIC"|"EMBA JEANS"|"MEN YOUNG CASUAL"|"EMBA JEANS"|"MEN DENIM"|BLUE|29|76206610|618069012029|1|250000|250000|0|0|0|0|0|0|250000|02009|724|1
07-03-2025|07-03-2025|951195|"KASIH KARUNIA SEJATI PT.-951195"|233|"Bangkalan PLZ MAL"|"T-SHIRT BASIC"|"EMBA JEANS"|"MEN YOUNG CASUAL"|"EMBA JEANS"|"MEN DENIM"|BLUE|30|76206567|618069012030|1|250000|250000|0|0|0|0|0|0|250000|01003|8296|4
07-03-2025|07-03-2025|951195|"KASIH KARUNIA SEJATI PT.-951195"|273|"SKA MAL Pekanbaru"|"T-SHIRT BASIC"|"EMBA JEANS"|"MEN YOUNG CASUAL"|"EMBA JEANS"|"MEN DENIM"|BLACK|28|76206496|618069013828|1|250000|250000|0|0|0|0|0|0|250000|80602|9383|1
07-03-2025|07-03-2025|951195|"KASIH KARUNIA SEJATI PT.-951195"|473|"Gress MAL Gresik"|"T-SHIRT BASIC"|"EMBA JEANS"|"MEN YOUNG CASUAL"|"EMBA JEANS"|"MEN DENIM"|BLACK|28|76206496|618069013828|1|250000|250000|0|0|0|0|0|0|250000|91601|2643|2
07-03-2025|07-03-2025|951195|"KASIH KARUNIA SEJATI PT.-951195"|673|"Daan Mogot MAL JKT"|"T-SHIRT BASIC"|"EMBA JEANS"|"MEN YOUNG CASUAL"|"EMBA JEANS"|"MEN DENIM"|BLACK|28|76206496|618069013828|1|250000|250000|0|0|0|0|0|0|250000|01029|4330|2
07-03-2025|07-03-2025|951195|"KASIH KARUNIA SEJATI PT.-951195"|375|"Ekalokasari MAL BGR"|"T-SHIRT BASIC"|"EMBA JEANS"|"MEN YOUNG CASUAL"|"EMBA JEANS"|"MEN DENIM"|BLUE|27|76206478|618069012027|1|250000|250000|0|0|0|0|0|0|250000|02014|798|1
07-03-2025|07-03-2025|951195|"KASIH KARUNIA SEJATI PT.-951195"|212|"Sleman CityHall"|"T-SHIRT BASIC"|"EMBA JEANS"|"MEN YOUNG CASUAL"|"EMBA JEANS"|"MEN DENIM"|"NAVY BLUE"|28|76093680|618064013128|1|369000|369000|0|0|0|0|0|0|369000|01007|2595|3
07-03-2025|07-03-2025|951195|"KASIH KARUNIA SEJATI PT.-951195"|227|"Sidoarjo Town Sq MAL"|"T-SHIRT BASIC"|"EMBA JEANS"|"MEN YOUNG CASUAL"|"EMBA JEANS"|"MEN DENIM"|"NAVY BLUE"|30|76093582|618064013130|1|369000|369000|0|0|0|0|0|0|369000|01009|2277|2
07-03-2025|07-03-2025|951195|"KASIH KARUNIA SEJATI PT.-951195"|389|"Java Supermall SMG"|"T-SHIRT BASIC"|"EMBA JEANS"|"MEN YOUNG CASUAL"|"EMBA JEANS"|"MEN DENIM"|BLUE|36|76093537|618064013836|1|369000|369000|0|0|0|0|0|0|369000|02007|992|4
07-03-2025|07-03-2025|951195|"KASIH KARUNIA SEJATI PT.-951195"|453|"Supermal Karawaci"|"T-SHIRT BASIC"|"EMBA JEANS"|"MEN YOUNG CASUAL"|"EMBA JEANS"|"MEN DENIM"|BLUE|36|76093537|618064013836|1|369000|369000|0|0|0|0|0|0|369000|02022|7062|2
07-03-2025|07-03-2025|951195|"KASIH KARUNIA SEJATI PT.-951195"|537|"Johar Plaza TC JMR"|"T-SHIRT BASIC"|"EMBA JEANS"|"MEN YOUNG CASUAL"|"EMBA JEANS"|"MEN DENIM"|BLUE|36|76093537|618064013836|1|369000|369000|0|0|0|0|0|0|369000|01005|5992|1
07-03-2025|07-03-2025|951195|"KASIH KARUNIA SEJATI PT.-951195"|399|"Icon MAL Gresik"|"T-SHIRT BASIC"|"EMBA JEANS"|"MEN YOUNG CASUAL"|"EMBA JEANS"|"MEN DENIM"|"NAVY BLUE"|29|76093304|618064013129|1|369000|369000|0|0|0|0|0|0|369000|02020|9484|1
07-03-2025|07-03-2025|951195|"KASIH KARUNIA SEJATI PT.-951195"|371|"Pondok Gede TC BKS"|"T-SHIRT BASIC"|"EMBA JEANS"|"MEN YOUNG CASUAL"|"EMBA JEANS"|"MEN DENIM"|BLUE|32|76093251|618064013832|1|369000|369000|0|0|0|0|0|0|369000|02036|6692|6
07-03-2025|07-03-2025|951195|"KASIH KARUNIA SEJATI PT.-951195"|249|"Pakuwon Mall Solo"|"T-SHIRT BASIC"|"EMBA JEANS"|"MEN YOUNG CASUAL"|"EMBA JEANS"|"MEN DENIM"|BLUE|30|76093171|618064013830|1|369000|369000|0|0|0|0|0|0|369000|02013|9728|1
07-03-2025|07-03-2025|951195|"KASIH KARUNIA SEJATI PT.-951195"|447|"Cilegon Center TC"|"T-SHIRT BASIC"|"EMBA JEANS"|"MEN YOUNG CASUAL"|"EMBA JEANS"|"MEN DENIM"|BLUE|30|76093171|618064013830|1|369000|369000|26700|0|0|0|0|7.2|342300|02027|5657|1
07-03-2025|07-03-2025|951195|"KASIH KARUNIA SEJATI PT.-951195"|501|"Duta Plaza MAL DPR"|"T-SHIRT BASIC"|"EMBA JEANS"|"MEN YOUNG CASUAL"|"EMBA JEANS"|"MEN DENIM"|BLUE|30|76093171|618064013830|1|369000|369000|0|0|0|0|0|0|369000|02031|3313|1
07-03-2025|07-03-2025|951195|"KASIH KARUNIA SEJATI PT.-951195"|276|"Bondowoso MAL"|"T-SHIRT BASIC"|"EMBA JEANS"|"MEN YOUNG CASUAL"|"EMBA JEANS"|"MEN DENIM"|BLUE|30|76093171|618064013830|1|369000|369000|0|0|0|0|0|0|369000|01001|4990|10
07-03-2025|07-03-2025|951195|"KASIH KARUNIA SEJATI PT.-951195"|374|"Taman Anggrek JKT"|"T-SHIRT BASIC"|"EMBA JEANS"|"MEN YOUNG CASUAL"|"EMBA JEANS"|"MEN DENIM"|BLUE|31|76093135|618064011531|1|369000|369000|0|0|0|0|0|0|369000|02033|3255|1
07-03-2025|07-03-2025|951195|"KASIH KARUNIA SEJATI PT.-951195"|350|"Bencoolen MAL BGL"|"T-SHIRT BASIC"|"EMBA JEANS"|"MEN YOUNG CASUAL"|"EMBA JEANS"|"MEN DENIM"|"NAVY BLUE"|33|76092949|618064013133|1|369000|369000|0|0|0|0|0|0|369000|01013|8171|1
07-03-2025|07-03-2025|951195|"KASIH KARUNIA SEJATI PT.-951195"|327|"Citimall Sampit"|"T-SHIRT BASIC"|"EMBA JEANS"|"MEN YOUNG CASUAL"|"EMBA JEANS"|"MEN DENIM"|"NAVY BLUE"|27|76092887|618064013127|1|369000|369000|0|0|0|0|0|0|369000|01005|7899|4
07-03-2025|07-03-2025|951195|"KASIH KARUNIA SEJATI PT.-951195"|368|"Armada Sq MAL MGG"|"T-SHIRT BASIC"|"EMBA JEANS"|"MEN YOUNG CASUAL"|"EMBA JEANS"|"MEN DENIM"|"NAVY BLUE"|27|76092887|618064013127|1|369000|369000|0|0|0|0|0|0|369000|01003|9947|8
07-03-2025|07-03-2025|951195|"KASIH KARUNIA SEJATI PT.-951195"|318|"Indramayu MAL"|"T-SHIRT BASIC"|"EMBA JEANS"|"MEN YOUNG CASUAL"|"EMBA JEANS"|"MEN DENIM"|BLUE|32|76092789|618064011532|1|369000|369000|0|0|0|0|0|0|369000|02026|1267|2
07-03-2025|07-03-2025|951195|"KASIH KARUNIA SEJATI PT.-951195"|426|"Matahari HS TSM"|"T-SHIRT BASIC"|"EMBA JEANS"|"MEN YOUNG CASUAL"|"EMBA JEANS"|"MEN DENIM"|BLUE|32|76092789|618064011532|1|369000|369000|0|0|0|0|0|0|369000|01007|3656|2
07-03-2025|07-03-2025|951195|"KASIH KARUNIA SEJATI PT.-951195"|221|"Panakkukang MAL MKS"|"T-SHIRT BASIC"|"EMBA JEANS"|"MEN YOUNG CASUAL"|"EMBA JEANS"|"MEN DENIM"|"NAVY BLUE"|32|76092609|618064013132|1|369000|369000|0|0|0|0|0|0|369000|02021|296|1
07-03-2025|07-03-2025|951195|"KASIH KARUNIA SEJATI PT.-951195"|413|"Kediri Town Sq MAL"|"T-SHIRT BASIC"|"EMBA JEANS"|"MEN YOUNG CASUAL"|"EMBA JEANS"|"MEN DENIM"|"NAVY BLUE"|32|76092609|618064013132|1|369000|369000|0|0|0|0|0|0|369000|01050|8812|5
07-03-2025|07-03-2025|951195|"KASIH KARUNIA SEJATI PT.-951195"|350|"Bencoolen MAL BGL"|"T-SHIRT BASIC"|"EMBA JEANS"|"MEN YOUNG CASUAL"|"EMBA JEANS"|"MEN DENIM"|BLUE|33|76092449|618064013833|1|369000|369000|0|0|0|0|0|0|369000|01013|8171|2
07-03-2025|07-03-2025|951195|"KASIH KARUNIA SEJATI PT.-951195"|473|"Gress MAL Gresik"|"T-SHIRT BASIC"|"EMBA JEANS"|"MEN YOUNG CASUAL"|"EMBA JEANS"|"MEN DENIM"|BLUE|33|76092047|618064011533|1|369000|369000|0|0|0|0|0|0|369000|02025|7685|1
07-03-2025|07-03-2025|951195|"KASIH KARUNIA SEJATI PT.-951195"|447|"Cilegon Center TC"|"T-SHIRT BASIC"|"EMBA JEANS"|"MEN YOUNG CASUAL"|"EMBA JEANS"|"MEN DENIM"|"NAVY BLUE"|31|76091931|618064013131|1|369000|369000|0|0|0|0|0|0|369000|02012|5967|3
07-03-2025|07-03-2025|951195|"KASIH KARUNIA SEJATI PT.-951195"|563|"Plaza Malioboro"|"T-SHIRT BASIC"|"EMBA JEANS"|"MEN YOUNG CASUAL"|"EMBA JEANS"|"MEN DENIM"|"NAVY BLUE"|31|76091931|618064013131|1|369000|369000|0|0|0|0|0|0|369000|02007|8902|2
07-03-2025|07-03-2025|951195|"KASIH KARUNIA SEJATI PT.-951195"|339|"Artha Gading MAL JKT"|"T-SHIRT BASIC"|"EMBA JEANS"|"MEN YOUNG CASUAL"|"EMBA JEANS"|"MEN DENIM"|"NAVY BLUE"|34|76091904|618064013134|1|369000|369000|0|0|0|0|0|0|369000|02015|7645|3
07-03-2025|07-03-2025|951195|"KASIH KARUNIA SEJATI PT.-951195"|376|"Mitra Malang HS"|"T-SHIRT BASIC"|"EMBA JEANS"|"MEN YOUNG CASUAL"|"EMBA JEANS"|"MEN DENIM"|"NAVY BLUE"|34|76091904|618064013134|1|369000|369000|0|0|0|0|0|0|369000|03023|3783|1
07-03-2025|07-03-2025|951195|"KASIH KARUNIA SEJATI PT.-951195"|362|"Tanjungpinang MAL"|"T-SHIRT BASIC"|"EMBA JEANS"|"MEN YOUNG CASUAL"|"EMBA JEANS"|"MEN DENIM"|"NAVY BLUE"|36|76091833|618064013136|1|369000|369000|0|0|0|0|0|0|369000|02022|7104|1
07-03-2025|07-03-2025|951195|"KASIH KARUNIA SEJATI PT.-951195"|376|"Mitra Malang HS"|"T-SHIRT BASIC"|"EMBA JEANS"|"MEN YOUNG CASUAL"|"EMBA JEANS"|"MEN DENIM"|"NAVY BLUE"|36|76091833|618064013136|1|369000|369000|0|0|0|0|0|0|369000|03023|3438|3
07-03-2025|07-03-2025|951195|"KASIH KARUNIA SEJATI PT.-951195"|473|"Gress MAL Gresik"|"T-SHIRT BASIC"|"EMBA JEANS"|"MEN YOUNG CASUAL"|"EMBA JEANS"|"MEN DENIM"|"NAVY BLUE"|36|76091833|618064013136|1|369000|369000|0|0|0|0|0|0|369000|02021|7877|1
07-03-2025|07-03-2025|951195|"KASIH KARUNIA SEJATI PT.-951195"|473|"Gress MAL Gresik"|T-SHIRT|"EMBA LADIES"|"YOUNG FASHION"|"EMBA LADIES"|"LADIES CLASSIC"|BLUE|M|24080479|277140018602|1|499000|499000|149700|0|0|0|0|30|349300|01008|7470|1
07-03-2025|07-03-2025|951195|"KASIH KARUNIA SEJATI PT.-951195"|392|"Pacific MAL Tegal"|"T-SHIRT BASIC"|"EMBA JEANS"|"MEN YOUNG CASUAL"|"EMBA JEANS"|"MEN DENIM"|KHAKI|31|79807206|617210037731|1|329000|329000|0|0|0|0|0|0|329000|01010|2970|3
07-03-2025|07-03-2025|951195|"KASIH KARUNIA SEJATI PT.-951195"|413|"Kediri Town Sq MAL"|"T-SHIRT BASIC"|"EMBA JEANS"|"MEN YOUNG CASUAL"|"EMBA JEANS"|"MEN DENIM"|KHAKI|27|79807108|617210037727|1|329000|329000|0|0|0|0|0|0|329000|01023|8269|1
07-03-2025|07-03-2025|951195|"KASIH KARUNIA SEJATI PT.-951195"|284|"Q MAL Banjarbaru"|"T-SHIRT BASIC"|"EMBA JEANS"|"MEN YOUNG CASUAL"|"EMBA JEANS"|"MEN DENIM"|KHAKI|30|79807082|617210037730|1|329000|329000|0|0|0|0|0|0|329000|01017|5582|1
07-03-2025|07-03-2025|951195|"KASIH KARUNIA SEJATI PT.-951195"|376|"Mitra Malang HS"|"T-SHIRT BASIC"|"EMBA JEANS"|"MEN YOUNG CASUAL"|"EMBA JEANS"|"MEN DENIM"|BLACK|32|79047457|617210030232|1|329000|329000|0|0|0|0|0|0|329000|03025|3563|1
07-03-2025|07-03-2025|951195|"KASIH KARUNIA SEJATI PT.-951195"|697|"Plaza Pekalongan MAL"|"T-SHIRT BASIC"|"EMBA JEANS"|"MEN YOUNG CASUAL"|"EMBA JEANS"|"MEN DENIM"|BLACK|32|79047457|617210030232|1|329000|329000|0|0|0|0|0|0|329000|01040|9462|1
07-03-2025|07-03-2025|951195|"KASIH KARUNIA SEJATI PT.-951195"|319|"MDS ONE BATAM MALL"|"T-SHIRT BASIC"|"EMBA JEANS"|"MEN YOUNG CASUAL"|"EMBA JEANS"|"MEN DENIM"|"NAVY BLUE"|40|79047073|618069032040|1|270000|270000|0|0|0|0|0|0|270000|01011|8278|1
07-03-2025|07-03-2025|951195|"KASIH KARUNIA SEJATI PT.-951195"|223|"Batu Town Sq MAL MLG"|"T-SHIRT BASIC"|"EMBA JEANS"|"MEN YOUNG CASUAL"|"EMBA JEANS"|"MEN DENIM"|BLACK|31|79046841|617210030231|1|329000|329000|0|0|0|0|0|0|329000|01004|5737|5
07-03-2025|07-03-2025|951195|"KASIH KARUNIA SEJATI PT.-951195"|233|"Bangkalan PLZ MAL"|"T-SHIRT BASIC"|"EMBA JEANS"|"MEN YOUNG CASUAL"|"EMBA JEANS"|"MEN DENIM"|GREY|42|79037226|618236068842|1|290000|290000|80000|0|0|0|0|27.6|210000|01006|8254|1
07-03-2025|07-03-2025|951195|"KASIH KARUNIA SEJATI PT.-951195"|293|"Royal Plaza TC SBY"|"T-SHIRT BASIC"|"EMBA JEANS"|"MEN YOUNG CASUAL"|"EMBA JEANS"|"MEN DENIM"|GREY|42|79037226|618236068842|1|290000|290000|80000|0|0|0|0|27.6|210000|02012|4870|1
07-03-2025|07-03-2025|951195|"KASIH KARUNIA SEJATI PT.-951195"|389|"Java Supermall SMG"|"T-SHIRT BASIC"|"EMBA JEANS"|"MEN YOUNG CASUAL"|"EMBA JEANS"|"MEN DENIM"|BROWN|40|79037084|618236063340|1|290000|290000|80000|0|0|0|0|27.6|210000|02008|994|1
07-03-2025|07-03-2025|951195|"KASIH KARUNIA SEJATI PT.-951195"|352|"Sunrise MAL MJK"|"T-SHIRT BASIC"|"EMBA JEANS"|"MEN YOUNG CASUAL"|"EMBA JEANS"|"MEN DENIM"|GREY|40|79037066|618236068840|1|290000|290000|0|0|0|0|0|0|290000|02022|6120|3
07-03-2025|07-03-2025|951195|"KASIH KARUNIA SEJATI PT.-951195"|239|"Ciputra MAL Cibubur"|"T-SHIRT BASIC"|"EMBA JEANS"|"MEN YOUNG CASUAL"|"EMBA JEANS"|"MEN DENIM"|BLACK|31|79037039|617112093231|1|290000|290000|0|0|0|0|0|0|290000|02021|9283|2
07-03-2025|07-03-2025|951195|"KASIH KARUNIA SEJATI PT.-951195"|261|"Plaza Medan Fair TC"|"T-SHIRT BASIC"|"EMBA JEANS"|"MEN YOUNG CASUAL"|"EMBA JEANS"|"MEN DENIM"|BLACK|31|79037039|617112093231|1|290000|290000|0|0|0|0|0|0|290000|80134|3775|1
07-03-2025|07-03-2025|951195|"KASIH KARUNIA SEJATI PT.-951195"|334|"OPI MAL Palembang"|"T-SHIRT BASIC"|"EMBA JEANS"|"MEN YOUNG CASUAL"|"EMBA JEANS"|"MEN DENIM"|BLACK|31|79037039|617112093231|1|290000|290000|0|0|0|0|0|0|290000|01007|7447|1
07-03-2025|07-03-2025|951195|"KASIH KARUNIA SEJATI PT.-951195"|334|"OPI MAL Palembang"|"T-SHIRT BASIC"|"EMBA JEANS"|"MEN YOUNG CASUAL"|"EMBA JEANS"|"MEN DENIM"|BLACK|31|79037039|617112093231|2|290000|580000|0|0|0|0|0|0|580000|01006|7851|1
07-03-2025|07-03-2025|951195|"KASIH KARUNIA SEJATI PT.-951195"|337|"Basko Grand MAL PAD"|"T-SHIRT BASIC"|"EMBA JEANS"|"MEN YOUNG CASUAL"|"EMBA JEANS"|"MEN DENIM"|BLACK|31|79037039|617112093231|1|290000|290000|0|0|0|0|0|0|290000|02015|586|1
07-03-2025|07-03-2025|951195|"KASIH KARUNIA SEJATI PT.-951195"|338|"Palembang Square MAL"|"T-SHIRT BASIC"|"EMBA JEANS"|"MEN YOUNG CASUAL"|"EMBA JEANS"|"MEN DENIM"|BLACK|31|79037039|617112093231|1|290000|290000|0|0|0|0|0|0|290000|01021|370|1
07-03-2025|07-03-2025|951195|"KASIH KARUNIA SEJATI PT.-951195"|338|"Palembang Square MAL"|"T-SHIRT BASIC"|"EMBA JEANS"|"MEN YOUNG CASUAL"|"EMBA JEANS"|"MEN DENIM"|BLACK|31|79037039|617112093231|1|290000|290000|0|0|0|0|0|0|290000|01021|9904|3
07-03-2025|07-03-2025|951195|"KASIH KARUNIA SEJATI PT.-951195"|352|"Sunrise MAL MJK"|"T-SHIRT BASIC"|"EMBA JEANS"|"MEN YOUNG CASUAL"|"EMBA JEANS"|"MEN DENIM"|BLACK|31|79037039|617112093231|1|290000|290000|0|0|0|0|0|0|290000|01003|6392|4
07-03-2025|07-03-2025|951195|"KASIH KARUNIA SEJATI PT.-951195"|388|"Suncity MAL Madiun"|"T-SHIRT BASIC"|"EMBA JEANS"|"MEN YOUNG CASUAL"|"EMBA JEANS"|"MEN DENIM"|BLACK|31|79037039|617112093231|1|290000|290000|0|0|0|0|0|0|290000|02016|3649|2
07-03-2025|07-03-2025|951195|"KASIH KARUNIA SEJATI PT.-951195"|406|"Revo TC Bekasi"|"T-SHIRT BASIC"|"EMBA JEANS"|"MEN YOUNG CASUAL"|"EMBA JEANS"|"MEN DENIM"|BLACK|31|79037039|617112093231|1|290000|290000|0|0|0|0|0|0|290000|01011|226|1
07-03-2025|07-03-2025|951195|"KASIH KARUNIA SEJATI PT.-951195"|501|"Duta Plaza MAL DPR"|"T-SHIRT BASIC"|"EMBA JEANS"|"MEN YOUNG CASUAL"|"EMBA JEANS"|"MEN DENIM"|BLACK|31|79037039|617112093231|1|290000|290000|0|0|0|0|0|0|290000|02012|3497|12
07-03-2025|07-03-2025|951195|"KASIH KARUNIA SEJATI PT.-951195"|653|"Lippo MAL Cikarang"|"T-SHIRT BASIC"|"EMBA JEANS"|"MEN YOUNG CASUAL"|"EMBA JEANS"|"MEN DENIM"|BLACK|31|79037039|617112093231|1|290000|290000|0|0|0|0|0|0|290000|02010|8124|2
07-03-2025|07-03-2025|951195|"KASIH KARUNIA SEJATI PT.-951195"|697|"Plaza Pekalongan MAL"|"T-SHIRT BASIC"|"EMBA JEANS"|"MEN YOUNG CASUAL"|"EMBA JEANS"|"MEN DENIM"|BLACK|31|79037039|617112093231|1|290000|290000|0|0|0|0|0|0|290000|01016|16|2
07-03-2025|07-03-2025|951195|"KASIH KARUNIA SEJATI PT.-951195"|643|"Ambon Indah Plaza TC"|"T-SHIRT BASIC"|"EMBA JEANS"|"MEN YOUNG CASUAL"|"EMBA JEANS"|"MEN DENIM"|BLACK|31|79037039|617112093231|1|290000|290000|0|0|0|0|0|0|290000|02016|3522|3
07-03-2025|07-03-2025|951195|"KASIH KARUNIA SEJATI PT.-951195"|394|"TangCity MAL TNG"|"T-SHIRT BASIC"|"EMBA JEANS"|"MEN YOUNG CASUAL"|"EMBA JEANS"|"MEN DENIM"|BLACK|31|79037039|617112093231|1|290000|290000|0|0|0|0|0|0|290000|02023|2355|1
07-03-2025|07-03-2025|951195|"KASIH KARUNIA SEJATI PT.-951195"|241|"BIG MAL Samarinda"|"T-SHIRT BASIC"|"EMBA JEANS"|"MEN YOUNG CASUAL"|"EMBA JEANS"|"MEN DENIM"|BLACK|34|79037020|617112103234|1|290000|290000|0|0|0|0|0|0|290000|02006|1546|2
07-03-2025|07-03-2025|951195|"KASIH KARUNIA SEJATI PT.-951195"|263|"Mega Mall TC Manado"|"T-SHIRT BASIC"|"EMBA JEANS"|"MEN YOUNG CASUAL"|"EMBA JEANS"|"MEN DENIM"|BLACK|34|79037020|617112103234|1|290000|290000|0|0|0|0|0|0|290000|02013|3262|1
07-03-2025|07-03-2025|951195|"KASIH KARUNIA SEJATI PT.-951195"|327|"Citimall Sampit"|"T-SHIRT BASIC"|"EMBA JEANS"|"MEN YOUNG CASUAL"|"EMBA JEANS"|"MEN DENIM"|BLACK|34|79037020|617112103234|1|290000|290000|0|0|0|0|0|0|290000|90101|188|1
07-03-2025|07-03-2025|951195|"KASIH KARUNIA SEJATI PT.-951195"|338|"Palembang Square MAL"|"T-SHIRT BASIC"|"EMBA JEANS"|"MEN YOUNG CASUAL"|"EMBA JEANS"|"MEN DENIM"|BLACK|34|79037020|617112103234|1|290000|290000|0|0|0|0|0|0|290000|01049|315|2
07-03-2025|07-03-2025|951195|"KASIH KARUNIA SEJATI PT.-951195"|345|"Central PLZ MAL BDL"|"T-SHIRT BASIC"|"EMBA JEANS"|"MEN YOUNG CASUAL"|"EMBA JEANS"|"MEN DENIM"|BLACK|34|79037020|617112103234|1|290000|290000|0|0|0|0|0|0|290000|02031|7948|2
07-03-2025|07-03-2025|951195|"KASIH KARUNIA SEJATI PT.-951195"|537|"Johar Plaza TC JMR"|"T-SHIRT BASIC"|"EMBA JEANS"|"MEN YOUNG CASUAL"|"EMBA JEANS"|"MEN DENIM"|BLACK|34|79037020|617112103234|1|290000|290000|0|0|0|0|0|0|290000|02007|5829|2
07-03-2025|07-03-2025|951195|"KASIH KARUNIA SEJATI PT.-951195"|563|"Plaza Malioboro"|"T-SHIRT BASIC"|"EMBA JEANS"|"MEN YOUNG CASUAL"|"EMBA JEANS"|"MEN DENIM"|BLACK|34|79037020|617112103234|1|290000|290000|0|0|0|0|0|0|290000|02014|8875|1
07-03-2025|07-03-2025|951195|"KASIH KARUNIA SEJATI PT.-951195"|673|"Daan Mogot MAL JKT"|"T-SHIRT BASIC"|"EMBA JEANS"|"MEN YOUNG CASUAL"|"EMBA JEANS"|"MEN DENIM"|BLACK|34|79037020|617112103234|1|290000|290000|0|0|0|0|0|0|290000|01028|4404|1
07-03-2025|07-03-2025|951195|"KASIH KARUNIA SEJATI PT.-951195"|255|"Malang Town Sq TC"|"T-SHIRT BASIC"|"EMBA JEANS"|"MEN YOUNG CASUAL"|"EMBA JEANS"|"MEN DENIM"|BLACK|34|79037020|617112103234|1|290000|290000|0|0|0|0|0|0|290000|02014|9404|1
07-03-2025|07-03-2025|951195|"KASIH KARUNIA SEJATI PT.-951195"|221|"Panakkukang MAL MKS"|"T-SHIRT BASIC"|"EMBA JEANS"|"MEN YOUNG CASUAL"|"EMBA JEANS"|"MEN DENIM"|BLACK|28|79037011|617112093228|2|290000|580000|0|0|0|0|0|0|580000|03030|754|4
07-03-2025|07-03-2025|951195|"KASIH KARUNIA SEJATI PT.-951195"|221|"Panakkukang MAL MKS"|"T-SHIRT BASIC"|"EMBA JEANS"|"MEN YOUNG CASUAL"|"EMBA JEANS"|"MEN DENIM"|BLACK|28|79037011|617112093228|1|290000|290000|0|0|0|0|0|0|290000|03030|726|2
07-03-2025|07-03-2025|951195|"KASIH KARUNIA SEJATI PT.-951195"|241|"BIG MAL Samarinda"|"T-SHIRT BASIC"|"EMBA JEANS"|"MEN YOUNG CASUAL"|"EMBA JEANS"|"MEN DENIM"|BLACK|28|79037011|617112093228|1|290000|290000|0|0|0|0|0|0|290000|02021|1391|4
07-03-2025|07-03-2025|951195|"KASIH KARUNIA SEJATI PT.-951195"|241|"BIG MAL Samarinda"|"T-SHIRT BASIC"|"EMBA JEANS"|"MEN YOUNG CASUAL"|"EMBA JEANS"|"MEN DENIM"|BLACK|28|79037011|617112093228|1|290000|290000|0|0|0|0|0|0|290000|02003|1175|2
07-03-2025|07-03-2025|951195|"KASIH KARUNIA SEJATI PT.-951195"|273|"SKA MAL Pekanbaru"|"T-SHIRT BASIC"|"EMBA JEANS"|"MEN YOUNG CASUAL"|"EMBA JEANS"|"MEN DENIM"|BLACK|28|79037011|617112093228|1|290000|290000|0|0|0|0|0|0|290000|80602|9354|1
07-03-2025|07-03-2025|951195|"KASIH KARUNIA SEJATI PT.-951195"|302|"Festive Walk MAL KWG"|"T-SHIRT BASIC"|"EMBA JEANS"|"MEN YOUNG CASUAL"|"EMBA JEANS"|"MEN DENIM"|BLACK|28|79037011|617112093228|1|290000|290000|0|0|0|0|0|0|290000|02044|6013|2
07-03-2025|07-03-2025|951195|"KASIH KARUNIA SEJATI PT.-951195"|311|"Duta MAL BJM"|"T-SHIRT BASIC"|"EMBA JEANS"|"MEN YOUNG CASUAL"|"EMBA JEANS"|"MEN DENIM"|BLACK|28|79037011|617112093228|1|290000|290000|0|0|0|0|0|0|290000|01003|7104|4
07-03-2025|07-03-2025|951195|"KASIH KARUNIA SEJATI PT.-951195"|326|"Lippo PLZ MAL Jember"|"T-SHIRT BASIC"|"EMBA JEANS"|"MEN YOUNG CASUAL"|"EMBA JEANS"|"MEN DENIM"|BLACK|28|79037011|617112093228|1|290000|290000|0|0|0|0|0|0|290000|03034|698|1
07-03-2025|07-03-2025|951195|"KASIH KARUNIA SEJATI PT.-951195"|352|"Sunrise MAL MJK"|"T-SHIRT BASIC"|"EMBA JEANS"|"MEN YOUNG CASUAL"|"EMBA JEANS"|"MEN DENIM"|BLACK|28|79037011|617112093228|1|290000|290000|0|0|0|0|0|0|290000|02021|6136|1
07-03-2025|07-03-2025|951195|"KASIH KARUNIA SEJATI PT.-951195"|405|"Lembuswana TC SMR"|"T-SHIRT BASIC"|"EMBA JEANS"|"MEN YOUNG CASUAL"|"EMBA JEANS"|"MEN DENIM"|BLACK|28|79037011|617112093228|1|290000|290000|0|0|0|0|0|0|290000|02016|4998|2
07-03-2025|07-03-2025|951195|"KASIH KARUNIA SEJATI PT.-951195"|503|"Matahari HS Magelang"|"T-SHIRT BASIC"|"EMBA JEANS"|"MEN YOUNG CASUAL"|"EMBA JEANS"|"MEN DENIM"|BLACK|28|79037011|617112093228|1|290000|290000|0|0|0|0|0|0|290000|02014|468|1
07-03-2025|07-03-2025|951195|"KASIH KARUNIA SEJATI PT.-951195"|394|"TangCity MAL TNG"|"T-SHIRT BASIC"|"EMBA JEANS"|"MEN YOUNG CASUAL"|"EMBA JEANS"|"MEN DENIM"|BLACK|28|79037011|617112093228|1|290000|290000|0|0|0|0|0|0|290000|02015|2599|1
07-03-2025|07-03-2025|951195|"KASIH KARUNIA SEJATI PT.-951195"|419|"Pakuwon MAL SBY"|"T-SHIRT BASIC"|"EMBA JEANS"|"MEN YOUNG CASUAL"|"EMBA JEANS"|"MEN DENIM"|BLACK|28|79037011|617112093228|1|290000|290000|0|0|0|0|0|0|290000|01041|9568|2
07-03-2025|07-03-2025|951195|"KASIH KARUNIA SEJATI PT.-951195"|276|"Bondowoso MAL"|"T-SHIRT BASIC"|"EMBA JEANS"|"MEN YOUNG CASUAL"|"EMBA JEANS"|"MEN DENIM"|BLACK|28|79037011|617112093228|1|290000|290000|0|0|0|0|0|0|290000|01009|5118|1
07-03-2025|07-03-2025|951195|"KASIH KARUNIA SEJATI PT.-951195"|307|"Citimall TC Sukabumi"|"T-SHIRT BASIC"|"EMBA JEANS"|"MEN YOUNG CASUAL"|"EMBA JEANS"|"MEN DENIM"|BLACK|27|79036996|617112093227|1|290000|290000|0|0|0|0|0|0|290000|02015|163|3
07-03-2025|07-03-2025|951195|"KASIH KARUNIA SEJATI PT.-951195"|333|"Manado Town Sq MAL"|"T-SHIRT BASIC"|"EMBA JEANS"|"MEN YOUNG CASUAL"|"EMBA JEANS"|"MEN DENIM"|BLACK|27|79036996|617112093227|1|290000|290000|0|0|0|0|0|0|290000|02047|8882|10
07-03-2025|07-03-2025|951195|"KASIH KARUNIA SEJATI PT.-951195"|334|"OPI MAL Palembang"|"T-SHIRT BASIC"|"EMBA JEANS"|"MEN YOUNG CASUAL"|"EMBA JEANS"|"MEN DENIM"|BLACK|27|79036996|617112093227|1|290000|290000|0|0|0|0|0|0|290000|01018|7571|1
07-03-2025|07-03-2025|951195|"KASIH KARUNIA SEJATI PT.-951195"|381|"Singosaren MAL Solo"|"T-SHIRT BASIC"|"EMBA JEANS"|"MEN YOUNG CASUAL"|"EMBA JEANS"|"MEN DENIM"|BLACK|27|79036996|617112093227|1|290000|290000|0|0|0|0|0|0|290000|01001|9468|1
07-03-2025|07-03-2025|951195|"KASIH KARUNIA SEJATI PT.-951195"|445|"PTC MAL TC PLG"|"T-SHIRT BASIC"|"EMBA JEANS"|"MEN YOUNG CASUAL"|"EMBA JEANS"|"MEN DENIM"|BLACK|27|79036996|617112093227|1|290000|290000|0|0|0|0|0|0|290000|02035|3559|1
07-03-2025|07-03-2025|951195|"KASIH KARUNIA SEJATI PT.-951195"|697|"Plaza Pekalongan MAL"|"T-SHIRT BASIC"|"EMBA JEANS"|"MEN YOUNG CASUAL"|"EMBA JEANS"|"MEN DENIM"|BLACK|27|79036996|617112093227|1|290000|290000|0|0|0|0|0|0|290000|01023|9878|1
07-03-2025|07-03-2025|951195|"KASIH KARUNIA SEJATI PT.-951195"|555|"Metmal Bekasi"|"T-SHIRT BASIC"|"EMBA JEANS"|"MEN YOUNG CASUAL"|"EMBA JEANS"|"MEN DENIM"|BLACK|27|79036996|617112093227|1|290000|290000|0|0|0|0|0|0|290000|80358|6225|1
07-03-2025|07-03-2025|951195|"KASIH KARUNIA SEJATI PT.-951195"|645|"Medan MAL"|"T-SHIRT BASIC"|"EMBA JEANS"|"MEN YOUNG CASUAL"|"EMBA JEANS"|"MEN DENIM"|BLACK|27|79036996|617112093227|1|290000|290000|0|0|0|0|0|0|290000|01001|7|1
07-03-2025|07-03-2025|951195|"KASIH KARUNIA SEJATI PT.-951195"|351|"Citimall Gorontalo"|"T-SHIRT BASIC"|"EMBA JEANS"|"MEN YOUNG CASUAL"|"EMBA JEANS"|"MEN DENIM"|BLACK|27|79036996|617112093227|1|290000|290000|0|0|0|0|0|0|290000|02007|1166|1
07-03-2025|07-03-2025|951195|"KASIH KARUNIA SEJATI PT.-951195"|273|"SKA MAL Pekanbaru"|"T-SHIRT BASIC"|"EMBA JEANS"|"MEN YOUNG CASUAL"|"EMBA JEANS"|"MEN DENIM"|BLACK|38|79036969|617112103238|1|290000|290000|0|0|0|0|0|0|290000|03029|7612|3
07-03-2025|07-03-2025|951195|"KASIH KARUNIA SEJATI PT.-951195"|302|"Festive Walk MAL KWG"|"T-SHIRT BASIC"|"EMBA JEANS"|"MEN YOUNG CASUAL"|"EMBA JEANS"|"MEN DENIM"|BLACK|38|79036969|617112103238|1|290000|290000|0|0|0|0|0|0|290000|02017|6116|1
07-03-2025|07-03-2025|951195|"KASIH KARUNIA SEJATI PT.-951195"|302|"Festive Walk MAL KWG"|"T-SHIRT BASIC"|"EMBA JEANS"|"MEN YOUNG CASUAL"|"EMBA JEANS"|"MEN DENIM"|BLACK|38|79036969|617112103238|1|290000|290000|0|0|0|0|0|0|290000|02017|5878|8
07-03-2025|07-03-2025|951195|"KASIH KARUNIA SEJATI PT.-951195"|326|"Lippo PLZ MAL Jember"|"T-SHIRT BASIC"|"EMBA JEANS"|"MEN YOUNG CASUAL"|"EMBA JEANS"|"MEN DENIM"|BLACK|38|79036969|617112103238|1|290000|290000|0|0|0|0|0|0|290000|03015|771|1
07-03-2025|07-03-2025|951195|"KASIH KARUNIA SEJATI PT.-951195"|338|"Palembang Square MAL"|"T-SHIRT BASIC"|"EMBA JEANS"|"MEN YOUNG CASUAL"|"EMBA JEANS"|"MEN DENIM"|BLACK|38|79036969|617112103238|1|290000|290000|0|0|0|0|0|0|290000|01020|397|1
07-03-2025|07-03-2025|951195|"KASIH KARUNIA SEJATI PT.-951195"|352|"Sunrise MAL MJK"|"T-SHIRT BASIC"|"EMBA JEANS"|"MEN YOUNG CASUAL"|"EMBA JEANS"|"MEN DENIM"|BLACK|38|79036969|617112103238|1|290000|290000|0|0|0|0|0|0|290000|02028|6221|1
07-03-2025|07-03-2025|951195|"KASIH KARUNIA SEJATI PT.-951195"|384|"Citimall Lahat"|"T-SHIRT BASIC"|"EMBA JEANS"|"MEN YOUNG CASUAL"|"EMBA JEANS"|"MEN DENIM"|BLACK|38|79036969|617112103238|1|290000|290000|0|0|0|0|0|0|290000|80104|2616|9
07-03-2025|07-03-2025|951195|"KASIH KARUNIA SEJATI PT.-951195"|387|"Manhattan MAL Medan"|"T-SHIRT BASIC"|"EMBA JEANS"|"MEN YOUNG CASUAL"|"EMBA JEANS"|"MEN DENIM"|BLACK|38|79036969|617112103238|1|290000|290000|0|0|0|0|0|0|290000|03017|1242|4
07-03-2025|07-03-2025|951195|"KASIH KARUNIA SEJATI PT.-951195"|399|"Icon MAL Gresik"|"T-SHIRT BASIC"|"EMBA JEANS"|"MEN YOUNG CASUAL"|"EMBA JEANS"|"MEN DENIM"|BLACK|38|79036969|617112103238|1|290000|290000|0|0|0|0|0|0|290000|02021|9538|1
07-03-2025|07-03-2025|951195|"KASIH KARUNIA SEJATI PT.-951195"|537|"Johar Plaza TC JMR"|"T-SHIRT BASIC"|"EMBA JEANS"|"MEN YOUNG CASUAL"|"EMBA JEANS"|"MEN DENIM"|BLACK|38|79036969|617112103238|1|290000|290000|0|0|0|0|0|0|290000|02007|6153|2
07-03-2025|07-03-2025|951195|"KASIH KARUNIA SEJATI PT.-951195"|649|"Galeria MAL Yogya"|"T-SHIRT BASIC"|"EMBA JEANS"|"MEN YOUNG CASUAL"|"EMBA JEANS"|"MEN DENIM"|BLACK|38|79036969|617112103238|1|290000|290000|0|0|0|0|0|0|290000|03059|2965|1
07-03-2025|07-03-2025|951195|"KASIH KARUNIA SEJATI PT.-951195"|673|"Daan Mogot MAL JKT"|"T-SHIRT BASIC"|"EMBA JEANS"|"MEN YOUNG CASUAL"|"EMBA JEANS"|"MEN DENIM"|BLACK|38|79036969|617112103238|1|290000|290000|0|0|0|0|0|0|290000|01002|4257|2
07-03-2025|07-03-2025|951195|"KASIH KARUNIA SEJATI PT.-951195"|245|"CBD Ciledug MAL TNG"|"T-SHIRT BASIC"|"EMBA JEANS"|"MEN YOUNG CASUAL"|"EMBA JEANS"|"MEN DENIM"|BLACK|36|79036932|617112103236|1|290000|290000|0|0|0|0|0|0|290000|01033|6908|2
07-03-2025|07-03-2025|951195|"KASIH KARUNIA SEJATI PT.-951195"|254|"Cibinong MAL BGR"|"T-SHIRT BASIC"|"EMBA JEANS"|"MEN YOUNG CASUAL"|"EMBA JEANS"|"MEN DENIM"|BLACK|36|79036932|617112103236|1|290000|290000|0|0|0|0|0|0|290000|02071|8108|2
07-03-2025|07-03-2025|951195|"KASIH KARUNIA SEJATI PT.-951195"|293|"Royal Plaza TC SBY"|"T-SHIRT BASIC"|"EMBA JEANS"|"MEN YOUNG CASUAL"|"EMBA JEANS"|"MEN DENIM"|BLACK|36|79036932|617112103236|1|290000|290000|0|0|0|0|0|0|290000|80151|2959|2
07-03-2025|07-03-2025|951195|"KASIH KARUNIA SEJATI PT.-951195"|645|"Medan MAL"|"T-SHIRT BASIC"|"EMBA JEANS"|"MEN YOUNG CASUAL"|"EMBA JEANS"|"MEN DENIM"|KHAKI|L|87545215|112018030303|1|369000|369000|184500|0|0|0|0|50|184500|01005|9854|1
07-03-2025|07-03-2025|951195|"KASIH KARUNIA SEJATI PT.-951195"|221|"Panakkukang MAL MKS"|"T-SHIRT BASIC"|"EMBA JEANS"|"MEN YOUNG CASUAL"|"EMBA JEANS"|"MEN DENIM"|BLUE|27|87544841|617112125427|1|290000|290000|0|0|0|0|0|0|290000|03074|318|4
07-03-2025|07-03-2025|951195|"KASIH KARUNIA SEJATI PT.-951195"|392|"Pacific MAL Tegal"|"T-SHIRT BASIC"|"EMBA JEANS"|"MEN YOUNG CASUAL"|"EMBA JEANS"|"MEN DENIM"|BLACK|31|87544832|616030033131|1|569000|569000|284500|0|0|0|0|50|284500|01010|2970|4
07-03-2025|07-03-2025|951195|"KASIH KARUNIA SEJATI PT.-951195"|405|"Lembuswana TC SMR"|"T-SHIRT BASIC"|"EMBA JEANS"|"MEN YOUNG CASUAL"|"EMBA JEANS"|"MEN DENIM"|BLACK|29|87544770|616030033129|1|569000|569000|284500|0|0|0|0|50|284500|02016|4990|1
07-03-2025|07-03-2025|951195|"KASIH KARUNIA SEJATI PT.-951195"|294|"Jogja City MAL"|"T-SHIRT BASIC"|"EMBA JEANS"|"MEN YOUNG CASUAL"|"EMBA JEANS"|"MEN DENIM"|"NAVY BLUE"|32|87327835|633065023132|1|499000|499000|149700|0|0|0|0|30|349300|02007|8975|4
07-03-2025|07-03-2025|951195|"KASIH KARUNIA SEJATI PT.-951195"|567|"Delta PLZ MAL SBY"|"T-SHIRT BASIC"|"EMBA JEANS"|"MEN YOUNG CASUAL"|"EMBA JEANS"|"MEN DENIM"|"NAVY BLUE"|33|87327657|633065023133|1|499000|499000|149700|0|0|0|0|30|349300|03008|3121|1
07-03-2025|07-03-2025|951195|"KASIH KARUNIA SEJATI PT.-951195"|641|"Citra PLZ MAL PBR"|"T-SHIRT BASIC"|"EMBA JEANS"|"MEN YOUNG CASUAL"|"EMBA JEANS"|"MEN DENIM"|BLACK|32|87327504|623311010232|1|529000|529000|0|264500|0|0|0|50|264500|80651|8821|2
07-03-2025|07-03-2025|951195|"KASIH KARUNIA SEJATI PT.-951195"|273|"SKA MAL Pekanbaru"|"T-SHIRT BASIC"|"EMBA JEANS"|"MEN YOUNG CASUAL"|"EMBA JEANS"|"MEN DENIM"|BLUE|33|87202817|633305017233|1|389000|389000|116700|0|0|0|0|30|272300|03040|7497|1
07-03-2025|07-03-2025|951195|"KASIH KARUNIA SEJATI PT.-951195"|266|"Lippo Puri MAL JKT"|"T-SHIRT BASIC"|"EMBA JEANS"|"MEN YOUNG CASUAL"|"EMBA JEANS"|"MEN DENIM"|BLUE|32|87202657|633305017232|1|389000|389000|116700|0|0|0|0|30|272300|01018|4931|7
07-03-2025|07-03-2025|951195|"KASIH KARUNIA SEJATI PT.-951195"|419|"Pakuwon MAL SBY"|"T-SHIRT BASIC"|"EMBA JEANS"|"MEN YOUNG CASUAL"|"EMBA JEANS"|"MEN DENIM"|BLUE|29|87202497|617132279729|1|599000|599000|299500|0|0|0|0|50|299500|01027|9453|9
07-03-2025|07-03-2025|951195|"KASIH KARUNIA SEJATI PT.-951195"|334|"OPI MAL Palembang"|"T-SHIRT BASIC"|"EMBA JEANS"|"MEN YOUNG CASUAL"|"EMBA JEANS"|"MEN DENIM"|BLUE|32|87202344|617132275432|1|599000|599000|299500|0|0|0|0|50|299500|71021|7702|2
07-03-2025|07-03-2025|951195|"KASIH KARUNIA SEJATI PT.-951195"|555|"Metmal Bekasi"|"T-SHIRT BASIC"|"EMBA JEANS"|"MEN YOUNG CASUAL"|"EMBA JEANS"|"MEN DENIM"|"NAVY BLUE"|29|87202326|633313012029|1|389000|389000|116700|0|0|0|0|30|272300|02013|7960|6
07-03-2025|07-03-2025|951195|"KASIH KARUNIA SEJATI PT.-951195"|351|"Citimall Gorontalo"|"T-SHIRT BASIC"|"EMBA JEANS"|"MEN YOUNG CASUAL"|"EMBA JEANS"|"MEN DENIM"|BLACK|32|87201989|633313013232|1|389000|389000|116700|0|0|0|0|30|272300|02008|1004|1
07-03-2025|07-03-2025|951195|"KASIH KARUNIA SEJATI PT.-951195"|303|"Solo Square MAL"|"T-SHIRT BASIC"|"EMBA JEANS"|"MEN YOUNG CASUAL"|"EMBA JEANS"|"MEN DENIM"|GREY|28|85954250|616315037228|1|390000|390000|191000|0|0|0|0|49|199000|01006|1496|1
07-03-2025|07-03-2025|951195|"KASIH KARUNIA SEJATI PT.-951195"|255|"Malang Town Sq TC"|"T-SHIRT BASIC"|"EMBA JEANS"|"MEN YOUNG CASUAL"|"EMBA JEANS"|"MEN DENIM"|GREY|27|85954152|616315037227|1|390000|390000|0|191000|0|0|0|49|199000|80361|2181|3
07-03-2025|07-03-2025|951195|"KASIH KARUNIA SEJATI PT.-951195"|294|"Jogja City MAL"|"T-SHIRT BASIC"|"EMBA JEANS"|"MEN YOUNG CASUAL"|"EMBA JEANS"|"MEN DENIM"|"NAVY BLUE"|30|84265498|633180023130|1|469000|469000|140700|0|0|0|0|30|328300|02008|9072|1
07-03-2025|07-03-2025|951195|"KASIH KARUNIA SEJATI PT.-951195"|221|"Panakkukang MAL MKS"|"T-SHIRT BASIC"|"EMBA JEANS"|"MEN YOUNG CASUAL"|"EMBA JEANS"|"MEN DENIM"|"NAVY BLUE"|30|83854960|614132073130|1|679000|679000|339500|0|0|0|0|50|339500|03025|9425|8
07-03-2025|07-03-2025|951195|"KASIH KARUNIA SEJATI PT.-951195"|402|"Uptown Mall Semarang"|"T-SHIRT BASIC"|"EMBA JEANS"|"MEN YOUNG CASUAL"|"EMBA JEANS"|"MEN DENIM"|"NAVY BLUE"|31|83854924|614132073131|1|679000|679000|339500|0|0|0|0|50|339500|02008|2472|1
07-03-2025|07-03-2025|951195|"KASIH KARUNIA SEJATI PT.-951195"|338|"Palembang Square MAL"|"T-SHIRT BASIC"|"EMBA JEANS"|"MEN YOUNG CASUAL"|"EMBA JEANS"|"MEN DENIM"|"NAVY BLUE"|36|83854755|618064012036|1|369000|369000|0|0|0|0|0|0|369000|01020|446|2
07-03-2025|07-03-2025|951195|"KASIH KARUNIA SEJATI PT.-951195"|677|"Grage MAL Cirebon"|"T-SHIRT BASIC"|"EMBA JEANS"|"MEN YOUNG CASUAL"|"EMBA JEANS"|"MEN DENIM"|"NAVY BLUE"|36|83854755|618064012036|1|369000|369000|0|0|0|0|0|0|369000|03029|9728|5
07-03-2025|07-03-2025|951195|"KASIH KARUNIA SEJATI PT.-951195"|382|"Citimall Baturaja"|"T-SHIRT BASIC"|"EMBA JEANS"|"MEN YOUNG CASUAL"|"EMBA JEANS"|"MEN DENIM"|BLUE|30|83731548|617232021530|1|849000|849000|424500|0|0|0|0|50|424500|01002|1106|1
07-03-2025|07-03-2025|951195|"KASIH KARUNIA SEJATI PT.-951195"|473|"Gress MAL Gresik"|"T-SHIRT BASIC"|"EMBA JEANS"|"MEN YOUNG CASUAL"|"EMBA JEANS"|"MEN DENIM"|"NAVY BLUE"|38|83731342|616037073138|1|390000|390000|191000|0|0|0|0|49|199000|02020|7763|2
07-03-2025|07-03-2025|951195|"KASIH KARUNIA SEJATI PT.-951195"|619|"Plasa HS Klaten"|"T-SHIRT BASIC"|"EMBA JEANS"|"MEN YOUNG CASUAL"|"EMBA JEANS"|"MEN DENIM"|"NAVY BLUE"|30|83731002|617232013130|1|849000|849000|0|424500|0|0|0|50|424500|80336|3760|2
07-03-2025|07-03-2025|951195|"KASIH KARUNIA SEJATI PT.-951195"|284|"Q MAL Banjarbaru"|"T-SHIRT BASIC"|"EMBA JEANS"|"MEN YOUNG CASUAL"|"EMBA JEANS"|"MEN DENIM"|"NAVY BLUE"|33|83730441|616037073133|1|390000|390000|191000|0|0|0|0|49|199000|01021|5574|3
07-03-2025|07-03-2025|951195|"KASIH KARUNIA SEJATI PT.-951195"|473|"Gress MAL Gresik"|"T-SHIRT BASIC"|"EMBA JEANS"|"MEN YOUNG CASUAL"|"EMBA JEANS"|"MEN DENIM"|BLUE|29|83730398|616037071529|1|390000|390000|191000|0|0|0|0|49|199000|02023|7766|1
07-03-2025|07-03-2025|951195|"KASIH KARUNIA SEJATI PT.-951195"|641|"Citra PLZ MAL PBR"|"T-SHIRT BASIC"|"EMBA JEANS"|"MEN YOUNG CASUAL"|"EMBA JEANS"|"MEN DENIM"|"NAVY BLUE"|30|83551993|618029013830|1|290000|290000|0|0|0|0|0|0|290000|80401|6150|2
07-03-2025|07-03-2025|951195|"KASIH KARUNIA SEJATI PT.-951195"|352|"Sunrise MAL MJK"|"T-SHIRT BASIC"|"EMBA JEANS"|"MEN YOUNG CASUAL"|"EMBA JEANS"|"MEN DENIM"|BLACK|31|83551886|616315023231|1|390000|390000|191000|0|0|0|0|49|199000|02027|6170|1
07-03-2025|07-03-2025|951195|"KASIH KARUNIA SEJATI PT.-951195"|645|"Medan MAL"|"T-SHIRT BASIC"|"EMBA JEANS"|"MEN YOUNG CASUAL"|"EMBA JEANS"|"MEN DENIM"|GREY|M|83551680|112265024002|1|499000|499000|149700|0|0|0|0|30|349300|01001|9915|4
07-03-2025|07-03-2025|951195|"KASIH KARUNIA SEJATI PT.-951195"|523|"Tunjungan MAL SBY"|"T-SHIRT BASIC"|"EMBA JEANS"|"MEN YOUNG CASUAL"|"EMBA JEANS"|"MEN DENIM"|"NAVY BLUE"|32|83551064|618029013832|1|290000|290000|0|0|0|0|0|0|290000|04043|51|1
07-03-2025|07-03-2025|951195|"KASIH KARUNIA SEJATI PT.-951195"|338|"Palembang Square MAL"|"T-SHIRT BASIC"|"EMBA JEANS"|"MEN YOUNG CASUAL"|"EMBA JEANS"|"MEN DENIM"|YELLOW|XL|83550976|113229014904|1|569000|569000|284500|0|0|0|0|50|284500|01003|468|4
07-03-2025|07-03-2025|951195|"KASIH KARUNIA SEJATI PT.-951195"|253|"Mega Town Sq MAL PLK"|"T-SHIRT BASIC"|"EMBA JEANS"|"MEN YOUNG CASUAL"|"EMBA JEANS"|"MEN DENIM"|BLUE|L|83550681|112261025103|1|499000|499000|249500|0|0|0|0|50|249500|01003|2925|1
07-03-2025|07-03-2025|951195|"KASIH KARUNIA SEJATI PT.-951195"|503|"Matahari HS Magelang"|"T-SHIRT BASIC"|"EMBA JEANS"|"MEN YOUNG CASUAL"|"EMBA JEANS"|"MEN DENIM"|"NAVY BLUE"|28|83550636|618029013828|1|290000|290000|0|0|0|0|0|0|290000|01002|107|6
07-03-2025|07-03-2025|951195|"KASIH KARUNIA SEJATI PT.-951195"|649|"Galeria MAL Yogya"|"T-SHIRT BASIC"|"EMBA JEANS"|"MEN YOUNG CASUAL"|"EMBA JEANS"|"MEN DENIM"|BLACK|M|82587215|207007460202|1|299000|299000|149500|0|0|0|0|50|149500|03056|3031|8
07-03-2025|07-03-2025|951195|"KASIH KARUNIA SEJATI PT.-951195"|523|"Tunjungan MAL SBY"|"T-SHIRT BASIC"|"EMBA JEANS"|"MEN YOUNG CASUAL"|"EMBA JEANS"|"MEN DENIM"|RED|L|82587126|112516019503|1|129000|129000|0|0|0|0|0|0|129000|04041|89|1
07-03-2025|07-03-2025|951195|"KASIH KARUNIA SEJATI PT.-951195"|507|"Int. Plaza TC PLG"|"T-SHIRT BASIC"|"EMBA JEANS"|"MEN YOUNG CASUAL"|"EMBA JEANS"|"MEN DENIM"|BLUE|36|82587117|614132035436|1|629000|629000|314500|0|0|0|0|50|314500|02005|931|13
07-03-2025|07-03-2025|951195|"KASIH KARUNIA SEJATI PT.-951195"|328|"THE PARK MAL SMG"|"T-SHIRT BASIC"|"EMBA JEANS"|"MEN YOUNG CASUAL"|"EMBA JEANS"|"MEN DENIM"|BLUE|34|82587073|617132255434|1|599000|599000|299500|0|0|0|0|50|299500|02043|2250|1
07-03-2025|07-03-2025|951195|"KASIH KARUNIA SEJATI PT.-951195"|697|"Plaza Pekalongan MAL"|"T-SHIRT BASIC"|"EMBA JEANS"|"MEN YOUNG CASUAL"|"EMBA JEANS"|"MEN DENIM"|BLACK|L|82587028|207007460203|1|299000|299000|0|149500|0|0|0|50|149500|80263|6098|1
07-03-2025|07-03-2025|951195|"KASIH KARUNIA SEJATI PT.-951195"|282|"Pakuwon Mall Jogja"|"T-SHIRT BASIC"|"EMBA JEANS"|"MEN YOUNG CASUAL"|"EMBA JEANS"|"MEN DENIM"|BLUE|32|82587019|617132259732|1|599000|599000|299500|0|0|0|0|50|299500|71024|4284|1
07-03-2025|07-03-2025|951195|"KASIH KARUNIA SEJATI PT.-951195"|305|"Nagoya Hill TC Batam"|"T-SHIRT BASIC"|"EMBA JEANS"|"MEN YOUNG CASUAL"|"EMBA JEANS"|"MEN DENIM"|BLUE|32|82587019|617132259732|1|599000|599000|299500|0|0|0|0|50|299500|02017|2731|1
07-03-2025|07-03-2025|951195|"KASIH KARUNIA SEJATI PT.-951195"|326|"Lippo PLZ MAL Jember"|"T-SHIRT BASIC"|"EMBA JEANS"|"MEN YOUNG CASUAL"|"EMBA JEANS"|"MEN DENIM"|BLACK|XL|82586967|112058040204|1|329000|329000|0|164500|0|0|0|50|164500|80357|3676|1
07-03-2025|07-03-2025|951195|"KASIH KARUNIA SEJATI PT.-951195"|653|"Lippo MAL Cikarang"|"T-SHIRT BASIC"|"EMBA JEANS"|"MEN YOUNG CASUAL"|"EMBA JEANS"|"MEN DENIM"|BROWN|L|82586814|207007473303|1|149000|149000|0|0|0|0|0|0|149000|90204|5087|9
07-03-2025|07-03-2025|951195|"KASIH KARUNIA SEJATI PT.-951195"|653|"Lippo MAL Cikarang"|"T-SHIRT BASIC"|"EMBA JEANS"|"MEN YOUNG CASUAL"|"EMBA JEANS"|"MEN DENIM"|BROWN|L|82586814|207007473303|1|149000|149000|0|0|0|0|0|0|149000|90204|5072|2
07-03-2025|07-03-2025|951195|"KASIH KARUNIA SEJATI PT.-951195"|322|"Singkawang City MAL"|"T-SHIRT BASIC"|"EMBA JEANS"|"MEN YOUNG CASUAL"|"EMBA JEANS"|"MEN DENIM"|BLUE|33|82586707|614132035433|1|629000|629000|314500|0|0|0|0|50|314500|02011|9936|15
07-03-2025|07-03-2025|951195|"KASIH KARUNIA SEJATI PT.-951195"|338|"Palembang Square MAL"|"T-SHIRT BASIC"|"EMBA JEANS"|"MEN YOUNG CASUAL"|"EMBA JEANS"|"MEN DENIM"|BLUE|36|82586510|617132255436|1|599000|599000|299500|0|0|0|0|50|299500|80122|2419|1
07-03-2025|07-03-2025|951195|"KASIH KARUNIA SEJATI PT.-951195"|653|"Lippo MAL Cikarang"|"T-SHIRT BASIC"|"EMBA JEANS"|"MEN YOUNG CASUAL"|"EMBA JEANS"|"MEN DENIM"|"NAVY BLUE"|28|82156172|617132233128|1|599000|599000|300000|0|0|0|0|50.1|299000|02012|8075|1
07-03-2025|07-03-2025|951195|"KASIH KARUNIA SEJATI PT.-951195"|392|"Pacific MAL Tegal"|"T-SHIRT BASIC"|"EMBA JEANS"|"MEN YOUNG CASUAL"|"EMBA JEANS"|"MEN DENIM"|BLUE|32|82155708|614132065432|1|599000|599000|299500|0|0|0|0|50|299500|01010|2970|5
07-03-2025|07-03-2025|951195|"KASIH KARUNIA SEJATI PT.-951195"|446|"Ubertos MAL Bandung"|"T-SHIRT BASIC"|"EMBA JEANS"|"MEN YOUNG CASUAL"|"EMBA JEANS"|"MEN DENIM"|BLUE|34|82155048|616037081534|1|390000|390000|0|111000|0|0|0|28.5|279000|90226|5934|2
07-03-2025|07-03-2025|951195|"KASIH KARUNIA SEJATI PT.-951195"|227|"Sidoarjo Town Sq MAL"|"T-SHIRT BASIC"|"EMBA JEANS"|"MEN YOUNG CASUAL"|"EMBA JEANS"|"MEN DENIM"|BLACK|32|82154825|616065028932|1|390000|390000|0|191000|0|0|0|49|199000|80435|5994|1
07-03-2025|07-03-2025|951195|"KASIH KARUNIA SEJATI PT.-951195"|536|"Kudus BZR"|"T-SHIRT BASIC"|"EMBA JEANS"|"MEN YOUNG CASUAL"|"EMBA JEANS"|"MEN DENIM"|"NAVY BLUE"|XL|82154665|113513019204|1|149000|149000|0|0|0|0|0|0|149000|80118|9729|2
07-03-2025|07-03-2025|951195|"KASIH KARUNIA SEJATI PT.-951195"|523|"Tunjungan MAL SBY"|"T-SHIRT BASIC"|"EMBA JEANS"|"MEN YOUNG CASUAL"|"EMBA JEANS"|"MEN DENIM"|BLACK|27|82154601|616065028927|1|390000|390000|0|111000|0|0|0|28.5|279000|93091|4776|1
07-03-2025|07-03-2025|951195|"KASIH KARUNIA SEJATI PT.-951195"|376|"Mitra Malang HS"|"T-SHIRT BASIC"|"EMBA JEANS"|"MEN YOUNG CASUAL"|"EMBA JEANS"|"MEN DENIM"|BROWN|L|82154021|113515013303|1|149000|149000|0|0|0|0|0|0|149000|91437|8313|1
07-03-2025|07-03-2025|951195|"KASIH KARUNIA SEJATI PT.-951195"|284|"Q MAL Banjarbaru"|"T-SHIRT BASIC"|"EMBA JEANS"|"MEN YOUNG CASUAL"|"EMBA JEANS"|"MEN DENIM"|"NAVY BLUE"|38|82153942|616037083138|1|390000|390000|191000|0|0|0|0|49|199000|01071|5613|5
07-03-2025|07-03-2025|951195|"KASIH KARUNIA SEJATI PT.-951195"|255|"Malang Town Sq TC"|"T-SHIRT BASIC"|"EMBA JEANS"|"MEN YOUNG CASUAL"|"EMBA JEANS"|"MEN DENIM"|"NAVY BLUE"|38|82153942|616037083138|1|390000|390000|0|191000|0|0|0|49|199000|80176|7106|3
07-03-2025|07-03-2025|951195|"KASIH KARUNIA SEJATI PT.-951195"|256|"Kaza City MAL SBY"|"T-SHIRT BASIC"|"EMBA JEANS"|"MEN YOUNG CASUAL"|"EMBA JEANS"|"MEN DENIM"|"NAVY BLUE"|32|82153899|617232033832|1|799000|799000|399500|0|0|0|0|50|399500|02033|8895|4
07-03-2025|07-03-2025|951195|"KASIH KARUNIA SEJATI PT.-951195"|619|"Plasa HS Klaten"|"T-SHIRT BASIC"|"EMBA JEANS"|"MEN YOUNG CASUAL"|"EMBA JEANS"|"MEN DENIM"|"NAVY BLUE"|L|82153862|113514019203|2|149000|298000|0|0|0|0|0|0|298000|02008|7361|1
07-03-2025|07-03-2025|951195|"KASIH KARUNIA SEJATI PT.-951195"|352|"Sunrise MAL MJK"|"T-SHIRT BASIC"|"EMBA JEANS"|"MEN YOUNG CASUAL"|"EMBA JEANS"|"MEN DENIM"|GREEN|L|82153666|207007455703|2|249000|498000|249000|0|0|0|0|50|249000|02021|6304|5
07-03-2025|07-03-2025|951195|"KASIH KARUNIA SEJATI PT.-951195"|523|"Tunjungan MAL SBY"|"T-SHIRT BASIC"|"EMBA JEANS"|"MEN YOUNG CASUAL"|"EMBA JEANS"|"MEN DENIM"|RED|XL|82153415|112510049504|1|129000|129000|0|0|0|0|0|0|129000|93091|4777|7
07-03-2025|07-03-2025|951195|"KASIH KARUNIA SEJATI PT.-951195"|241|"BIG MAL Samarinda"|"T-SHIRT BASIC"|"EMBA JEANS"|"MEN YOUNG CASUAL"|"EMBA JEANS"|"MEN DENIM"|YELLOW|M|82153308|207007451702|1|249000|249000|0|124500|0|0|0|50|124500|90115|5567|1
07-03-2025|07-03-2025|951195|"KASIH KARUNIA SEJATI PT.-951195"|536|"Kudus BZR"|"T-SHIRT BASIC"|"EMBA JEANS"|"MEN YOUNG CASUAL"|"EMBA JEANS"|"MEN DENIM"|BROWN|XL|82153228|113515013304|1|149000|149000|0|0|0|0|0|0|149000|80118|9729|1
07-03-2025|07-03-2025|951195|"KASIH KARUNIA SEJATI PT.-951195"|389|"Java Supermall SMG"|"T-SHIRT BASIC"|"EMBA JEANS"|"MEN YOUNG CASUAL"|"EMBA JEANS"|"MEN DENIM"|"NAVY BLUE"|36|82152792|614132042036|1|699000|699000|349500|0|0|0|0|50|349500|02007|992|2
07-03-2025|07-03-2025|951195|"KASIH KARUNIA SEJATI PT.-951195"|298|"PLZ Kalibata MAL JKT"|"T-SHIRT BASIC"|"EMBA JEANS"|"MEN YOUNG CASUAL"|"EMBA JEANS"|"MEN DENIM"|"NAVY BLUE"|30|82152621|633065018930|1|399000|399000|0|199500|0|0|0|50|199500|90301|3438|2
07-03-2025|07-03-2025|951195|"KASIH KARUNIA SEJATI PT.-951195"|413|"Kediri Town Sq MAL"|"T-SHIRT BASIC"|"EMBA JEANS"|"MEN YOUNG CASUAL"|"EMBA JEANS"|"MEN DENIM"|BLACK|XL|82059054|112043070204|1|329000|329000|0|179000|0|0|0|54.4|150000|91304|6156|4
07-03-2025|07-03-2025|951195|"KASIH KARUNIA SEJATI PT.-951195"|507|"Int. Plaza TC PLG"|"T-SHIRT BASIC"|"EMBA JEANS"|"MEN YOUNG CASUAL"|"EMBA JEANS"|"MEN DENIM"|BLUE|36|81993797|614132021536|1|569000|569000|284500|0|0|0|0|50|284500|03025|1173|1
07-03-2025|07-03-2025|951195|"KASIH KARUNIA SEJATI PT.-951195"|374|"Taman Anggrek JKT"|"T-SHIRT BASIC"|"EMBA JEANS"|"MEN YOUNG CASUAL"|"EMBA JEANS"|"MEN DENIM"|BLACK|L|81677889|112036010203|1|249000|249000|74700|0|0|0|0|30|174300|02032|3399|3
07-03-2025|07-03-2025|951195|"KASIH KARUNIA SEJATI PT.-951195"|333|"Manado Town Sq MAL"|"T-SHIRT BASIC"|"EMBA JEANS"|"MEN YOUNG CASUAL"|"EMBA JEANS"|"MEN DENIM"|BLACK|M|81677174|112036010202|1|249000|249000|0|0|0|0|0|0|249000|02047|8882|11
07-03-2025|07-03-2025|951195|"KASIH KARUNIA SEJATI PT.-951195"|503|"Matahari HS Magelang"|"T-SHIRT BASIC"|"EMBA JEANS"|"MEN YOUNG CASUAL"|"EMBA JEANS"|"MEN DENIM"|BLACK|M|81677174|112036010202|1|249000|249000|0|0|0|0|0|0|249000|02014|335|1
07-03-2025|07-03-2025|951195|"KASIH KARUNIA SEJATI PT.-951195"|619|"Plasa HS Klaten"|"T-SHIRT BASIC"|"EMBA JEANS"|"MEN YOUNG CASUAL"|"EMBA JEANS"|"MEN DENIM"|BLUE|42|81677003|618032061542|1|369000|369000|0|0|0|0|0|0|369000|02005|7613|1
07-03-2025|07-03-2025|951195|"KASIH KARUNIA SEJATI PT.-951195"|255|"Malang Town Sq TC"|"T-SHIRT BASIC"|"EMBA JEANS"|"MEN YOUNG CASUAL"|"EMBA JEANS"|"MEN DENIM"|"NAVY BLUE"|27|81676906|616064033127|1|390000|390000|191000|0|0|0|0|49|199000|02037|9136|4
07-03-2025|07-03-2025|951195|"KASIH KARUNIA SEJATI PT.-951195"|673|"Daan Mogot MAL JKT"|"T-SHIRT BASIC"|"EMBA JEANS"|"MEN YOUNG CASUAL"|"EMBA JEANS"|"MEN DENIM"|"NAVY BLUE"|33|81543862|633132013133|1|469000|469000|93800|0|0|0|0|20|375200|01020|4282|3
07-03-2025|07-03-2025|951195|"KASIH KARUNIA SEJATI PT.-951195"|221|"Panakkukang MAL MKS"|"T-SHIRT BASIC"|"EMBA JEANS"|"MEN YOUNG CASUAL"|"EMBA JEANS"|"MEN DENIM"|BROWN|XL|81543657|113035063304|1|299000|299000|0|0|0|0|0|0|299000|02020|9629|1
07-03-2025|07-03-2025|951195|"KASIH KARUNIA SEJATI PT.-951195"|264|"Palu Grand MAL"|"T-SHIRT BASIC"|"EMBA JEANS"|"MEN YOUNG CASUAL"|"EMBA JEANS"|"MEN DENIM"|VANILLA|36|81543522|620223083536|1|290000|290000|0|0|0|0|0|0|290000|02013|4361|1
07-03-2025|07-03-2025|951195|"KASIH KARUNIA SEJATI PT.-951195"|337|"Basko Grand MAL PAD"|"T-SHIRT BASIC"|"EMBA JEANS"|"MEN YOUNG CASUAL"|"EMBA JEANS"|"MEN DENIM"|BLACK|33|81543460|617112113233|1|369000|369000|0|0|0|0|0|0|369000|02013|589|1
07-03-2025|07-03-2025|951195|"KASIH KARUNIA SEJATI PT.-951195"|374|"Taman Anggrek JKT"|"T-SHIRT BASIC"|"EMBA JEANS"|"MEN YOUNG CASUAL"|"EMBA JEANS"|"MEN DENIM"|BLUE|36|81543433|633132011536|1|469000|469000|234500|0|0|0|0|50|234500|02032|3399|2
07-03-2025|07-03-2025|951195|"KASIH KARUNIA SEJATI PT.-951195"|300|"Lippo MAL LLG"|"T-SHIRT BASIC"|"EMBA JEANS"|"MEN YOUNG CASUAL"|"EMBA JEANS"|"MEN DENIM"|"NAVY BLUE"|31|81543317|616064033131|1|390000|390000|210000|0|0|0|0|53.8|180000|71011|3312|1
07-03-2025|07-03-2025|951195|"KASIH KARUNIA SEJATI PT.-951195"|233|"Bangkalan PLZ MAL"|"T-SHIRT BASIC"|"EMBA JEANS"|"MEN YOUNG CASUAL"|"EMBA JEANS"|"MEN DENIM"|BLACK|31|81542827|617213030231|1|250000|250000|0|40000|0|0|0|16|210000|91511|1939|2
07-03-2025|07-03-2025|951195|"KASIH KARUNIA SEJATI PT.-951195"|269|"Depok Town Square TC"|"T-SHIRT BASIC"|"EMBA JEANS"|"MEN YOUNG CASUAL"|"EMBA JEANS"|"MEN DENIM"|"NAVY BLUE"|30|81542774|616013063130|1|599000|599000|419000|0|0|0|0|69.9|180000|01038|4172|2
07-03-2025|07-03-2025|951195|"KASIH KARUNIA SEJATI PT.-951195"|382|"Citimall Baturaja"|"T-SHIRT BASIC"|"EMBA JEANS"|"MEN YOUNG CASUAL"|"EMBA JEANS"|"MEN DENIM"|BLACK|28|81542738|620223070228|1|290000|290000|0|0|0|0|0|0|290000|71018|1056|16
07-03-2025|07-03-2025|951195|"KASIH KARUNIA SEJATI PT.-951195"|269|"Depok Town Square TC"|"T-SHIRT BASIC"|"EMBA JEANS"|"MEN YOUNG CASUAL"|"EMBA JEANS"|"MEN DENIM"|BLUE|29|81542489|616013051529|1|599000|599000|419000|0|0|0|0|69.9|180000|02039|4181|1
07-03-2025|07-03-2025|951195|"KASIH KARUNIA SEJATI PT.-951195"|269|"Depok Town Square TC"|"T-SHIRT BASIC"|"EMBA JEANS"|"MEN YOUNG CASUAL"|"EMBA JEANS"|"MEN DENIM"|"NAVY BLUE"|29|81542363|616013063129|1|599000|599000|419000|0|0|0|0|69.9|180000|02020|4067|1
07-03-2025|07-03-2025|951195|"KASIH KARUNIA SEJATI PT.-951195"|501|"Duta Plaza MAL DPR"|"T-SHIRT BASIC"|"EMBA JEANS"|"MEN YOUNG CASUAL"|"EMBA JEANS"|"MEN DENIM"|BLACK|29|81542336|617112113229|1|369000|369000|0|0|0|0|0|0|369000|02019|3537|1
07-03-2025|07-03-2025|951195|"KASIH KARUNIA SEJATI PT.-951195"|503|"Matahari HS Magelang"|"T-SHIRT BASIC"|"EMBA JEANS"|"MEN YOUNG CASUAL"|"EMBA JEANS"|"MEN DENIM"|GREY|XL|81284375|112035093904|1|269000|269000|0|0|0|0|0|0|269000|02019|445|5
07-03-2025|07-03-2025|951195|"KASIH KARUNIA SEJATI PT.-951195"|318|"Indramayu MAL"|"T-SHIRT BASIC"|"EMBA JEANS"|"MEN YOUNG CASUAL"|"EMBA JEANS"|"MEN DENIM"|GREY|L|81284213|112035093903|1|269000|269000|0|0|0|0|0|0|269000|02026|1306|1
07-03-2025|07-03-2025|951195|"KASIH KARUNIA SEJATI PT.-951195"|536|"Kudus BZR"|"T-SHIRT BASIC"|"EMBA JEANS"|"MEN YOUNG CASUAL"|"EMBA JEANS"|"MEN DENIM"|GREY|L|81284213|112035093903|1|269000|269000|0|0|0|0|0|0|269000|01001|387|1
07-03-2025|07-03-2025|951195|"KASIH KARUNIA SEJATI PT.-951195"|245|"CBD Ciledug MAL TNG"|"T-SHIRT BASIC"|"EMBA JEANS"|"MEN YOUNG CASUAL"|"EMBA JEANS"|"MEN DENIM"|BLACK|XL|81283689|112172010204|1|449000|449000|199000|0|0|0|0|44.3|250000|01002|6867|1
07-03-2025|07-03-2025|951195|"KASIH KARUNIA SEJATI PT.-951195"|413|"Kediri Town Sq MAL"|"T-SHIRT BASIC"|"EMBA JEANS"|"MEN YOUNG CASUAL"|"EMBA JEANS"|"MEN DENIM"|BLACK|L|81283607|102004010203|1|369000|369000|0|184500|0|0|0|50|184500|91304|6158|4
07-03-2025|07-03-2025|951195|"KASIH KARUNIA SEJATI PT.-951195"|275|"Mega MAL Batam"|"T-SHIRT BASIC"|"EMBA JEANS"|"MEN YOUNG CASUAL"|"EMBA JEANS"|"MEN DENIM"|GREY|M|81283465|112035093902|1|269000|269000|0|0|0|0|0|0|269000|72014|2226|1
07-03-2025|07-03-2025|951195|"KASIH KARUNIA SEJATI PT.-951195"|283|"Ayani Mega MAL PTK"|"T-SHIRT BASIC"|"EMBA JEANS"|"MEN YOUNG CASUAL"|"EMBA JEANS"|"MEN DENIM"|"NAVY BLUE"|34|81283376|617112137234|1|290000|290000|0|0|0|0|0|0|290000|02015|3968|5
07-03-2025|07-03-2025|951195|"KASIH KARUNIA SEJATI PT.-951195"|311|"Duta MAL BJM"|"T-SHIRT BASIC"|"EMBA JEANS"|"MEN YOUNG CASUAL"|"EMBA JEANS"|"MEN DENIM"|"NAVY BLUE"|34|81283376|617112137234|1|290000|290000|0|0|0|0|0|0|290000|01008|6982|2
07-03-2025|07-03-2025|951195|"KASIH KARUNIA SEJATI PT.-951195"|333|"Manado Town Sq MAL"|"T-SHIRT BASIC"|"EMBA JEANS"|"MEN YOUNG CASUAL"|"EMBA JEANS"|"MEN DENIM"|"NAVY BLUE"|34|81283376|617112137234|1|290000|290000|0|0|0|0|0|0|290000|02047|8987|1
07-03-2025|07-03-2025|951195|"KASIH KARUNIA SEJATI PT.-951195"|637|"Blok M Plaza MAL JKT"|"T-SHIRT BASIC"|"EMBA JEANS"|"MEN YOUNG CASUAL"|"EMBA JEANS"|"MEN DENIM"|"NAVY BLUE"|34|81283376|617112137234|1|290000|290000|0|0|0|0|0|0|290000|03018|6499|1
07-03-2025|07-03-2025|951195|"KASIH KARUNIA SEJATI PT.-951195"|255|"Malang Town Sq TC"|"T-SHIRT BASIC"|"EMBA JEANS"|"MEN YOUNG CASUAL"|"EMBA JEANS"|"MEN DENIM"|"NAVY BLUE"|34|81283376|617112137234|1|290000|290000|0|0|0|0|0|0|290000|02014|9404|2
07-03-2025|07-03-2025|951195|"KASIH KARUNIA SEJATI PT.-951195"|227|"Sidoarjo Town Sq MAL"|"T-SHIRT BASIC"|"EMBA JEANS"|"MEN YOUNG CASUAL"|"EMBA JEANS"|"MEN DENIM"|"NAVY BLUE"|30|81283358|617112127230|1|290000|290000|0|0|0|0|0|0|290000|01017|2350|1
07-03-2025|07-03-2025|951195|"KASIH KARUNIA SEJATI PT.-951195"|333|"Manado Town Sq MAL"|"T-SHIRT BASIC"|"EMBA JEANS"|"MEN YOUNG CASUAL"|"EMBA JEANS"|"MEN DENIM"|"NAVY BLUE"|30|81283358|617112127230|1|290000|290000|0|0|0|0|0|0|290000|02051|8942|2
07-03-2025|07-03-2025|951195|"KASIH KARUNIA SEJATI PT.-951195"|413|"Kediri Town Sq MAL"|"T-SHIRT BASIC"|"EMBA JEANS"|"MEN YOUNG CASUAL"|"EMBA JEANS"|"MEN DENIM"|"NAVY BLUE"|30|81283358|617112127230|1|290000|290000|0|0|0|0|0|0|290000|01001|8817|2
07-03-2025|07-03-2025|951195|"KASIH KARUNIA SEJATI PT.-951195"|413|"Kediri Town Sq MAL"|"T-SHIRT BASIC"|"EMBA JEANS"|"MEN YOUNG CASUAL"|"EMBA JEANS"|"MEN DENIM"|"NAVY BLUE"|29|81283241|617112127229|1|290000|290000|0|0|0|0|0|0|290000|01036|8438|2
07-03-2025|07-03-2025|951195|"KASIH KARUNIA SEJATI PT.-951195"|653|"Lippo MAL Cikarang"|"T-SHIRT BASIC"|"EMBA JEANS"|"MEN YOUNG CASUAL"|"EMBA JEANS"|"MEN DENIM"|"NAVY BLUE"|29|81283241|617112127229|1|290000|290000|0|0|0|0|0|0|290000|90204|5087|5
07-03-2025|07-03-2025|951195|"KASIH KARUNIA SEJATI PT.-951195"|273|"SKA MAL Pekanbaru"|"T-SHIRT BASIC"|"EMBA JEANS"|"MEN YOUNG CASUAL"|"EMBA JEANS"|"MEN DENIM"|"NAVY BLUE"|28|81283205|617112127228|1|290000|290000|0|0|0|0|0|0|290000|03063|7009|1
07-03-2025|07-03-2025|951195|"KASIH KARUNIA SEJATI PT.-951195"|311|"Duta MAL BJM"|"T-SHIRT BASIC"|"EMBA JEANS"|"MEN YOUNG CASUAL"|"EMBA JEANS"|"MEN DENIM"|"NAVY BLUE"|31|81283170|617112127231|1|290000|290000|0|0|0|0|0|0|290000|80935|4883|1
07-03-2025|07-03-2025|951195|"KASIH KARUNIA SEJATI PT.-951195"|333|"Manado Town Sq MAL"|"T-SHIRT BASIC"|"EMBA JEANS"|"MEN YOUNG CASUAL"|"EMBA JEANS"|"MEN DENIM"|"NAVY BLUE"|31|81283170|617112127231|1|290000|290000|0|0|0|0|0|0|290000|91172|1684|2
07-03-2025|07-03-2025|951195|"KASIH KARUNIA SEJATI PT.-951195"|334|"OPI MAL Palembang"|"T-SHIRT BASIC"|"EMBA JEANS"|"MEN YOUNG CASUAL"|"EMBA JEANS"|"MEN DENIM"|"NAVY BLUE"|31|81283170|617112127231|1|290000|290000|0|0|0|0|0|0|290000|01006|7851|2
07-03-2025|07-03-2025|951195|"KASIH KARUNIA SEJATI PT.-951195"|553|"Thamrin PLZ MAL MDN"|"T-SHIRT BASIC"|"EMBA JEANS"|"MEN YOUNG CASUAL"|"EMBA JEANS"|"MEN DENIM"|"NAVY BLUE"|31|81283170|617112127231|1|290000|290000|0|0|0|0|0|0|290000|04016|8248|3
07-03-2025|07-03-2025|951195|"KASIH KARUNIA SEJATI PT.-951195"|311|"Duta MAL BJM"|"T-SHIRT BASIC"|"EMBA JEANS"|"MEN YOUNG CASUAL"|"EMBA JEANS"|"MEN DENIM"|"NAVY BLUE"|27|81283161|617112127227|1|290000|290000|0|0|0|0|0|0|290000|02012|7261|2
07-03-2025|07-03-2025|951195|"KASIH KARUNIA SEJATI PT.-951195"|284|"Q MAL Banjarbaru"|"T-SHIRT BASIC"|"EMBA JEANS"|"MEN YOUNG CASUAL"|"EMBA JEANS"|"MEN DENIM"|"NAVY BLUE"|32|81283143|617112127232|1|290000|290000|0|0|0|0|0|0|290000|01016|5390|1
07-03-2025|07-03-2025|951195|"KASIH KARUNIA SEJATI PT.-951195"|289|"Paragon City MAL SMG"|"T-SHIRT BASIC"|"EMBA JEANS"|"MEN YOUNG CASUAL"|"EMBA JEANS"|"MEN DENIM"|"NAVY BLUE"|32|81283143|617112127232|1|290000|290000|0|0|0|0|0|0|290000|02019|4424|1
07-03-2025|07-03-2025|951195|"KASIH KARUNIA SEJATI PT.-951195"|333|"Manado Town Sq MAL"|"T-SHIRT BASIC"|"EMBA JEANS"|"MEN YOUNG CASUAL"|"EMBA JEANS"|"MEN DENIM"|"NAVY BLUE"|32|81283143|617112127232|1|290000|290000|0|0|0|0|0|0|290000|02047|8985|2
07-03-2025|07-03-2025|951195|"KASIH KARUNIA SEJATI PT.-951195"|273|"SKA MAL Pekanbaru"|"T-SHIRT BASIC"|"EMBA JEANS"|"MEN YOUNG CASUAL"|"EMBA JEANS"|"MEN DENIM"|"NAVY BLUE"|33|81283125|617112137233|1|290000|290000|0|0|0|0|0|0|290000|03040|6919|1
07-03-2025|07-03-2025|951195|"KASIH KARUNIA SEJATI PT.-951195"|358|"CSB MAL Cirebon"|"T-SHIRT BASIC"|"EMBA JEANS"|"MEN YOUNG CASUAL"|"EMBA JEANS"|"MEN DENIM"|"NAVY BLUE"|33|81283125|617112137233|1|290000|290000|0|0|0|0|0|0|290000|02075|7389|2
07-03-2025|07-03-2025|951195|"KASIH KARUNIA SEJATI PT.-951195"|313|"Pejaten MAL JKT"|"T-SHIRT BASIC"|"EMBA JEANS"|"MEN YOUNG CASUAL"|"EMBA JEANS"|"MEN DENIM"|"NAVY BLUE"|33|81283125|617112137233|1|290000|290000|0|0|0|0|0|0|290000|03014|4305|1
07-03-2025|07-03-2025|951195|"KASIH KARUNIA SEJATI PT.-951195"|269|"Depok Town Square TC"|"T-SHIRT BASIC"|"EMBA JEANS"|"MEN YOUNG CASUAL"|"EMBA JEANS"|"MEN DENIM"|GREEN|36|79808796|616063029436|1|390000|390000|191000|0|0|0|0|49|199000|02009|3990|1
07-03-2025|07-03-2025|951195|"KASIH KARUNIA SEJATI PT.-951195"|312|"Lippo PLZ MAL Jambi"|"T-SHIRT BASIC"|"EMBA JEANS"|"MEN YOUNG CASUAL"|"EMBA JEANS"|"MEN DENIM"|VANILLA|32|79808732|617210033532|1|329000|329000|0|0|0|0|0|0|329000|01004|5593|1
07-03-2025|07-03-2025|951195|"KASIH KARUNIA SEJATI PT.-951195"|283|"Ayani Mega MAL PTK"|"T-SHIRT BASIC"|"EMBA JEANS"|"MEN YOUNG CASUAL"|"EMBA JEANS"|"MEN DENIM"|VANILLA|30|79808616|617210033530|1|329000|329000|0|0|0|0|0|0|329000|02013|3582|3
07-03-2025|07-03-2025|951195|"KASIH KARUNIA SEJATI PT.-951195"|453|"Supermal Karawaci"|"T-SHIRT BASIC"|"EMBA JEANS"|"MEN YOUNG CASUAL"|"EMBA JEANS"|"MEN DENIM"|VANILLA|38|79808581|617210033538|1|329000|329000|0|0|0|0|0|0|329000|02022|7803|3
07-03-2025|07-03-2025|951195|"KASIH KARUNIA SEJATI PT.-951195"|249|"Pakuwon Mall Solo"|"T-SHIRT BASIC"|"EMBA JEANS"|"MEN YOUNG CASUAL"|"EMBA JEANS"|"MEN DENIM"|GREY|33|79808509|617210031133|1|329000|329000|0|0|0|0|0|0|329000|02013|9784|1
07-03-2025|07-03-2025|951195|"KASIH KARUNIA SEJATI PT.-951195"|283|"Ayani Mega MAL PTK"|"T-SHIRT BASIC"|"EMBA JEANS"|"MEN YOUNG CASUAL"|"EMBA JEANS"|"MEN DENIM"|KHAKI|36|79808250|617210030336|1|329000|329000|0|0|0|0|0|0|329000|02011|3585|2
07-03-2025|07-03-2025|951195|"KASIH KARUNIA SEJATI PT.-951195"|345|"Central PLZ MAL BDL"|"T-SHIRT BASIC"|"EMBA JEANS"|"MEN YOUNG CASUAL"|"EMBA JEANS"|"MEN DENIM"|KHAKI|36|79808250|617210030336|1|329000|329000|0|0|0|0|0|0|329000|02035|7390|2
07-03-2025|07-03-2025|951195|"KASIH KARUNIA SEJATI PT.-951195"|473|"Gress MAL Gresik"|"T-SHIRT BASIC"|"EMBA JEANS"|"MEN YOUNG CASUAL"|"EMBA JEANS"|"MEN DENIM"|KHAKI|36|79808250|617210030336|1|329000|329000|0|0|0|0|0|0|329000|01011|7434|1
07-03-2025|07-03-2025|951195|"KASIH KARUNIA SEJATI PT.-951195"|289|"Paragon City MAL SMG"|"T-SHIRT BASIC"|"EMBA JEANS"|"MEN YOUNG CASUAL"|"EMBA JEANS"|"MEN DENIM"|GREY|38|79808232|616063021138|1|390000|390000|191000|0|0|0|0|49|199000|02018|4534|1
07-03-2025|07-03-2025|951195|"KASIH KARUNIA SEJATI PT.-951195"|443|"Citimall Prabumulih"|"T-SHIRT BASIC"|"EMBA JEANS"|"MEN YOUNG CASUAL"|"EMBA JEANS"|"MEN DENIM"|KHAKI|31|79807297|616063020331|1|390000|390000|111000|0|0|0|0|28.5|279000|01015|6030|1
07-03-2025|07-03-2025|951195|"KASIH KARUNIA SEJATI PT.-951195"|303|"Solo Square MAL"|"T-SHIRT BASIC"|"EMBA JEANS"|"MEN YOUNG CASUAL"|"EMBA JEANS"|"MEN DENIM"|BLACK|36|79036932|617112103236|1|290000|290000|0|0|0|0|0|0|290000|01002|1695|1
07-03-2025|07-03-2025|951195|"KASIH KARUNIA SEJATI PT.-951195"|309|"Binjai Supermall TC"|"T-SHIRT BASIC"|"EMBA JEANS"|"MEN YOUNG CASUAL"|"EMBA JEANS"|"MEN DENIM"|BLACK|36|79036932|617112103236|1|290000|290000|0|0|0|0|0|0|290000|02010|5449|1
07-03-2025|07-03-2025|951195|"KASIH KARUNIA SEJATI PT.-951195"|327|"Citimall Sampit"|"T-SHIRT BASIC"|"EMBA JEANS"|"MEN YOUNG CASUAL"|"EMBA JEANS"|"MEN DENIM"|BLACK|36|79036932|617112103236|1|290000|290000|0|0|0|0|0|0|290000|90101|188|2
07-03-2025|07-03-2025|951195|"KASIH KARUNIA SEJATI PT.-951195"|368|"Armada Sq MAL MGG"|"T-SHIRT BASIC"|"EMBA JEANS"|"MEN YOUNG CASUAL"|"EMBA JEANS"|"MEN DENIM"|BLACK|36|79036932|617112103236|1|290000|290000|0|0|0|0|0|0|290000|01018|252|6
07-03-2025|07-03-2025|951195|"KASIH KARUNIA SEJATI PT.-951195"|389|"Java Supermall SMG"|"T-SHIRT BASIC"|"EMBA JEANS"|"MEN YOUNG CASUAL"|"EMBA JEANS"|"MEN DENIM"|BLACK|36|79036932|617112103236|1|290000|290000|0|0|0|0|0|0|290000|02008|671|1
07-03-2025|07-03-2025|951195|"KASIH KARUNIA SEJATI PT.-951195"|507|"Int. Plaza TC PLG"|"T-SHIRT BASIC"|"EMBA JEANS"|"MEN YOUNG CASUAL"|"EMBA JEANS"|"MEN DENIM"|BLACK|36|79036932|617112103236|1|290000|290000|0|0|0|0|0|0|290000|03025|1309|1
07-03-2025|07-03-2025|951195|"KASIH KARUNIA SEJATI PT.-951195"|507|"Int. Plaza TC PLG"|"T-SHIRT BASIC"|"EMBA JEANS"|"MEN YOUNG CASUAL"|"EMBA JEANS"|"MEN DENIM"|BLACK|36|79036932|617112103236|1|290000|290000|0|0|0|0|0|0|290000|03025|1212|1
07-03-2025|07-03-2025|951195|"KASIH KARUNIA SEJATI PT.-951195"|511|"Arion MAL Jakarta"|"T-SHIRT BASIC"|"EMBA JEANS"|"MEN YOUNG CASUAL"|"EMBA JEANS"|"MEN DENIM"|BLACK|36|79036932|617112103236|1|290000|290000|0|0|0|0|0|0|290000|90359|6969|2
07-03-2025|07-03-2025|951195|"KASIH KARUNIA SEJATI PT.-951195"|523|"Tunjungan MAL SBY"|"T-SHIRT BASIC"|"EMBA JEANS"|"MEN YOUNG CASUAL"|"EMBA JEANS"|"MEN DENIM"|BLACK|36|79036932|617112103236|1|290000|290000|0|0|0|0|0|0|290000|04044|270|1
07-03-2025|07-03-2025|951195|"KASIH KARUNIA SEJATI PT.-951195"|673|"Daan Mogot MAL JKT"|"T-SHIRT BASIC"|"EMBA JEANS"|"MEN YOUNG CASUAL"|"EMBA JEANS"|"MEN DENIM"|BLACK|36|79036932|617112103236|1|290000|290000|0|0|0|0|0|0|290000|01001|4466|1
07-03-2025|07-03-2025|951195|"KASIH KARUNIA SEJATI PT.-951195"|677|"Grage MAL Cirebon"|"T-SHIRT BASIC"|"EMBA JEANS"|"MEN YOUNG CASUAL"|"EMBA JEANS"|"MEN DENIM"|BLACK|36|79036932|617112103236|1|290000|290000|0|0|0|0|0|0|290000|02011|9620|1
07-03-2025|07-03-2025|951195|"KASIH KARUNIA SEJATI PT.-951195"|553|"Thamrin PLZ MAL MDN"|"T-SHIRT BASIC"|"EMBA JEANS"|"MEN YOUNG CASUAL"|"EMBA JEANS"|"MEN DENIM"|BLACK|36|79036932|617112103236|1|290000|290000|0|0|0|0|0|0|290000|04015|8003|4
07-03-2025|07-03-2025|951195|"KASIH KARUNIA SEJATI PT.-951195"|643|"Ambon Indah Plaza TC"|"T-SHIRT BASIC"|"EMBA JEANS"|"MEN YOUNG CASUAL"|"EMBA JEANS"|"MEN DENIM"|BLACK|36|79036932|617112103236|1|290000|290000|0|0|0|0|0|0|290000|02016|3522|2
07-03-2025|07-03-2025|951195|"KASIH KARUNIA SEJATI PT.-951195"|221|"Panakkukang MAL MKS"|"T-SHIRT BASIC"|"EMBA JEANS"|"MEN YOUNG CASUAL"|"EMBA JEANS"|"MEN DENIM"|BLACK|29|79036914|617112093229|1|290000|290000|0|0|0|0|0|0|290000|02020|9653|3
07-03-2025|07-03-2025|951195|"KASIH KARUNIA SEJATI PT.-951195"|293|"Royal Plaza TC SBY"|"T-SHIRT BASIC"|"EMBA JEANS"|"MEN YOUNG CASUAL"|"EMBA JEANS"|"MEN DENIM"|BLACK|29|79036914|617112093229|1|290000|290000|0|0|0|0|0|0|290000|82222|7158|1
07-03-2025|07-03-2025|951195|"KASIH KARUNIA SEJATI PT.-951195"|405|"Lembuswana TC SMR"|"T-SHIRT BASIC"|"EMBA JEANS"|"MEN YOUNG CASUAL"|"EMBA JEANS"|"MEN DENIM"|BLACK|29|79036914|617112093229|1|290000|290000|0|0|0|0|0|0|290000|02019|4943|2
07-03-2025|07-03-2025|951195|"KASIH KARUNIA SEJATI PT.-951195"|501|"Duta Plaza MAL DPR"|"T-SHIRT BASIC"|"EMBA JEANS"|"MEN YOUNG CASUAL"|"EMBA JEANS"|"MEN DENIM"|BLACK|29|79036914|617112093229|1|290000|290000|0|0|0|0|0|0|290000|90235|5522|2
07-03-2025|07-03-2025|951195|"KASIH KARUNIA SEJATI PT.-951195"|567|"Delta PLZ MAL SBY"|"T-SHIRT BASIC"|"EMBA JEANS"|"MEN YOUNG CASUAL"|"EMBA JEANS"|"MEN DENIM"|BLACK|29|79036914|617112093229|1|290000|290000|0|0|0|0|0|0|290000|03029|2540|7
07-03-2025|07-03-2025|951195|"KASIH KARUNIA SEJATI PT.-951195"|641|"Citra PLZ MAL PBR"|"T-SHIRT BASIC"|"EMBA JEANS"|"MEN YOUNG CASUAL"|"EMBA JEANS"|"MEN DENIM"|BLACK|29|79036914|617112093229|1|290000|290000|0|0|0|0|0|0|290000|03066|8859|1
07-03-2025|07-03-2025|951195|"KASIH KARUNIA SEJATI PT.-951195"|653|"Lippo MAL Cikarang"|"T-SHIRT BASIC"|"EMBA JEANS"|"MEN YOUNG CASUAL"|"EMBA JEANS"|"MEN DENIM"|BLACK|29|79036914|617112093229|1|290000|290000|0|0|0|0|0|0|290000|90204|5057|3
07-03-2025|07-03-2025|951195|"KASIH KARUNIA SEJATI PT.-951195"|350|"Bencoolen MAL BGL"|"T-SHIRT BASIC"|"EMBA JEANS"|"MEN YOUNG CASUAL"|"EMBA JEANS"|"MEN DENIM"|BLACK|29|79036914|617112093229|1|290000|290000|0|0|0|0|0|0|290000|01014|8154|4
07-03-2025|07-03-2025|951195|"KASIH KARUNIA SEJATI PT.-951195"|351|"Citimall Gorontalo"|"T-SHIRT BASIC"|"EMBA JEANS"|"MEN YOUNG CASUAL"|"EMBA JEANS"|"MEN DENIM"|BLACK|29|79036914|617112093229|1|290000|290000|0|0|0|0|0|0|290000|02007|1194|7
07-03-2025|07-03-2025|951195|"KASIH KARUNIA SEJATI PT.-951195"|419|"Pakuwon MAL SBY"|"T-SHIRT BASIC"|"EMBA JEANS"|"MEN YOUNG CASUAL"|"EMBA JEANS"|"MEN DENIM"|BLACK|29|79036914|617112093229|1|290000|290000|0|0|0|0|0|0|290000|01041|9568|1
07-03-2025|07-03-2025|951195|"KASIH KARUNIA SEJATI PT.-951195"|221|"Panakkukang MAL MKS"|"T-SHIRT BASIC"|"EMBA JEANS"|"MEN YOUNG CASUAL"|"EMBA JEANS"|"MEN DENIM"|BLACK|32|79036870|617112093232|1|290000|290000|0|0|0|0|0|0|290000|02019|9990|2
07-03-2025|07-03-2025|951195|"KASIH KARUNIA SEJATI PT.-951195"|245|"CBD Ciledug MAL TNG"|"T-SHIRT BASIC"|"EMBA JEANS"|"MEN YOUNG CASUAL"|"EMBA JEANS"|"MEN DENIM"|BLACK|32|79036870|617112093232|1|290000|290000|0|0|0|0|0|0|290000|01002|6987|1
07-03-2025|07-03-2025|951195|"KASIH KARUNIA SEJATI PT.-951195"|249|"Pakuwon Mall Solo"|"T-SHIRT BASIC"|"EMBA JEANS"|"MEN YOUNG CASUAL"|"EMBA JEANS"|"MEN DENIM"|BLACK|32|79036870|617112093232|1|290000|290000|0|0|0|0|0|0|290000|02013|9684|2
07-03-2025|07-03-2025|951195|"KASIH KARUNIA SEJATI PT.-951195"|254|"Cibinong MAL BGR"|"T-SHIRT BASIC"|"EMBA JEANS"|"MEN YOUNG CASUAL"|"EMBA JEANS"|"MEN DENIM"|BLACK|32|79036870|617112093232|1|290000|290000|0|0|0|0|0|0|290000|02072|8147|2
07-03-2025|07-03-2025|951195|"KASIH KARUNIA SEJATI PT.-951195"|309|"Binjai Supermall TC"|"T-SHIRT BASIC"|"EMBA JEANS"|"MEN YOUNG CASUAL"|"EMBA JEANS"|"MEN DENIM"|BLACK|32|79036870|617112093232|1|290000|290000|0|0|0|0|0|0|290000|02012|5526|2
07-03-2025|07-03-2025|951195|"KASIH KARUNIA SEJATI PT.-951195"|328|"THE PARK MAL SMG"|"T-SHIRT BASIC"|"EMBA JEANS"|"MEN YOUNG CASUAL"|"EMBA JEANS"|"MEN DENIM"|BLACK|32|79036870|617112093232|1|290000|290000|0|0|0|0|0|0|290000|80172|2249|2
07-03-2025|07-03-2025|951195|"KASIH KARUNIA SEJATI PT.-951195"|334|"OPI MAL Palembang"|"T-SHIRT BASIC"|"EMBA JEANS"|"MEN YOUNG CASUAL"|"EMBA JEANS"|"MEN DENIM"|BLACK|32|79036870|617112093232|1|290000|290000|0|0|0|0|0|0|290000|01065|7701|1
07-03-2025|07-03-2025|951195|"KASIH KARUNIA SEJATI PT.-951195"|334|"OPI MAL Palembang"|"T-SHIRT BASIC"|"EMBA JEANS"|"MEN YOUNG CASUAL"|"EMBA JEANS"|"MEN DENIM"|BLACK|32|79036870|617112093232|1|290000|290000|0|0|0|0|0|0|290000|01055|7671|1
07-03-2025|07-03-2025|951195|"KASIH KARUNIA SEJATI PT.-951195"|334|"OPI MAL Palembang"|"T-SHIRT BASIC"|"EMBA JEANS"|"MEN YOUNG CASUAL"|"EMBA JEANS"|"MEN DENIM"|BLACK|32|79036870|617112093232|1|290000|290000|0|0|0|0|0|0|290000|01055|7552|1
07-03-2025|07-03-2025|951195|"KASIH KARUNIA SEJATI PT.-951195"|358|"CSB MAL Cirebon"|"T-SHIRT BASIC"|"EMBA JEANS"|"MEN YOUNG CASUAL"|"EMBA JEANS"|"MEN DENIM"|BLACK|32|79036870|617112093232|1|290000|290000|0|0|0|0|0|0|290000|02031|7428|1
07-03-2025|07-03-2025|951195|"KASIH KARUNIA SEJATI PT.-951195"|358|"CSB MAL Cirebon"|"T-SHIRT BASIC"|"EMBA JEANS"|"MEN YOUNG CASUAL"|"EMBA JEANS"|"MEN DENIM"|BLACK|32|79036870|617112093232|1|290000|290000|0|0|0|0|0|0|290000|02020|7097|1
07-03-2025|07-03-2025|951195|"KASIH KARUNIA SEJATI PT.-951195"|381|"Singosaren MAL Solo"|"T-SHIRT BASIC"|"EMBA JEANS"|"MEN YOUNG CASUAL"|"EMBA JEANS"|"MEN DENIM"|BLACK|32|79036870|617112093232|1|290000|290000|0|0|0|0|0|0|290000|01017|9457|5
07-03-2025|07-03-2025|951195|"KASIH KARUNIA SEJATI PT.-951195"|388|"Suncity MAL Madiun"|"T-SHIRT BASIC"|"EMBA JEANS"|"MEN YOUNG CASUAL"|"EMBA JEANS"|"MEN DENIM"|BLACK|32|79036870|617112093232|1|290000|290000|0|0|0|0|0|0|290000|02016|3649|3
07-03-2025|07-03-2025|951195|"KASIH KARUNIA SEJATI PT.-951195"|440|"Ciputra MAL TNG"|"T-SHIRT BASIC"|"EMBA JEANS"|"MEN YOUNG CASUAL"|"EMBA JEANS"|"MEN DENIM"|BLACK|32|79036870|617112093232|1|290000|290000|0|0|0|0|0|0|290000|03056|4646|1
07-03-2025|07-03-2025|951195|"KASIH KARUNIA SEJATI PT.-951195"|445|"PTC MAL TC PLG"|"T-SHIRT BASIC"|"EMBA JEANS"|"MEN YOUNG CASUAL"|"EMBA JEANS"|"MEN DENIM"|BLACK|32|79036870|617112093232|1|290000|290000|0|0|0|0|0|0|290000|02022|3265|1
07-03-2025|07-03-2025|951195|"KASIH KARUNIA SEJATI PT.-951195"|507|"Int. Plaza TC PLG"|"T-SHIRT BASIC"|"EMBA JEANS"|"MEN YOUNG CASUAL"|"EMBA JEANS"|"MEN DENIM"|BLACK|32|79036870|617112093232|1|290000|290000|0|0|0|0|0|0|290000|03023|917|5
07-03-2025|07-03-2025|951195|"KASIH KARUNIA SEJATI PT.-951195"|523|"Tunjungan MAL SBY"|"T-SHIRT BASIC"|"EMBA JEANS"|"MEN YOUNG CASUAL"|"EMBA JEANS"|"MEN DENIM"|BLACK|32|79036870|617112093232|1|290000|290000|0|0|0|0|0|0|290000|04047|143|1
07-03-2025|07-03-2025|951195|"KASIH KARUNIA SEJATI PT.-951195"|523|"Tunjungan MAL SBY"|"T-SHIRT BASIC"|"EMBA JEANS"|"MEN YOUNG CASUAL"|"EMBA JEANS"|"MEN DENIM"|BLACK|32|79036870|617112093232|1|290000|290000|0|0|0|0|0|0|290000|04044|513|1
07-03-2025|07-03-2025|951195|"KASIH KARUNIA SEJATI PT.-951195"|655|"Millennium Mall JKT"|"T-SHIRT BASIC"|"EMBA JEANS"|"MEN YOUNG CASUAL"|"EMBA JEANS"|"MEN DENIM"|BLACK|32|79036870|617112093232|2|290000|580000|0|0|0|0|0|0|580000|03024|3461|5
07-03-2025|07-03-2025|951195|"KASIH KARUNIA SEJATI PT.-951195"|296|"Serang MAL"|"T-SHIRT BASIC"|"EMBA JEANS"|"MEN YOUNG CASUAL"|"EMBA JEANS"|"MEN DENIM"|BLACK|32|79036870|617112093232|1|290000|290000|0|0|0|0|0|0|290000|02010|3224|7
07-03-2025|07-03-2025|951195|"KASIH KARUNIA SEJATI PT.-951195"|314|"Epicentrum MAL MTR"|"T-SHIRT BASIC"|"EMBA JEANS"|"MEN YOUNG CASUAL"|"EMBA JEANS"|"MEN DENIM"|BLACK|32|79036870|617112093232|1|290000|290000|0|0|0|0|0|0|290000|80203|4711|3
07-03-2025|07-03-2025|951195|"KASIH KARUNIA SEJATI PT.-951195"|227|"Sidoarjo Town Sq MAL"|"T-SHIRT BASIC"|"EMBA JEANS"|"MEN YOUNG CASUAL"|"EMBA JEANS"|"MEN DENIM"|BLACK|30|79036843|617112093230|1|290000|290000|0|0|0|0|0|0|290000|01014|2338|1
07-03-2025|07-03-2025|951195|"KASIH KARUNIA SEJATI PT.-951195"|273|"SKA MAL Pekanbaru"|"T-SHIRT BASIC"|"EMBA JEANS"|"MEN YOUNG CASUAL"|"EMBA JEANS"|"MEN DENIM"|BLACK|30|79036843|617112093230|1|290000|290000|0|0|0|0|0|0|290000|03040|7244|2
07-03-2025|07-03-2025|951195|"KASIH KARUNIA SEJATI PT.-951195"|338|"Palembang Square MAL"|"T-SHIRT BASIC"|"EMBA JEANS"|"MEN YOUNG CASUAL"|"EMBA JEANS"|"MEN DENIM"|BLACK|30|79036843|617112093230|1|290000|290000|0|0|0|0|0|0|290000|01002|9633|1
07-03-2025|07-03-2025|951195|"KASIH KARUNIA SEJATI PT.-951195"|345|"Central PLZ MAL BDL"|"T-SHIRT BASIC"|"EMBA JEANS"|"MEN YOUNG CASUAL"|"EMBA JEANS"|"MEN DENIM"|BLACK|30|79036843|617112093230|1|290000|290000|0|0|0|0|0|0|290000|02020|7912|4
07-03-2025|07-03-2025|951195|"KASIH KARUNIA SEJATI PT.-951195"|376|"Mitra Malang HS"|"T-SHIRT BASIC"|"EMBA JEANS"|"MEN YOUNG CASUAL"|"EMBA JEANS"|"MEN DENIM"|BLACK|30|79036843|617112093230|1|290000|290000|0|0|0|0|0|0|290000|02013|3588|2
07-03-2025|07-03-2025|951195|"KASIH KARUNIA SEJATI PT.-951195"|453|"Supermal Karawaci"|"T-SHIRT BASIC"|"EMBA JEANS"|"MEN YOUNG CASUAL"|"EMBA JEANS"|"MEN DENIM"|BLACK|30|79036843|617112093230|1|290000|290000|0|0|0|0|0|0|290000|02019|7771|4
07-03-2025|07-03-2025|951195|"KASIH KARUNIA SEJATI PT.-951195"|523|"Tunjungan MAL SBY"|"T-SHIRT BASIC"|"EMBA JEANS"|"MEN YOUNG CASUAL"|"EMBA JEANS"|"MEN DENIM"|BLACK|30|79036843|617112093230|1|290000|290000|0|0|0|0|0|0|290000|04044|176|5
07-03-2025|07-03-2025|951195|"KASIH KARUNIA SEJATI PT.-951195"|296|"Serang MAL"|"T-SHIRT BASIC"|"EMBA JEANS"|"MEN YOUNG CASUAL"|"EMBA JEANS"|"MEN DENIM"|BLACK|30|79036843|617112093230|1|290000|290000|0|0|0|0|0|0|290000|80291|305|2
07-03-2025|07-03-2025|951195|"KASIH KARUNIA SEJATI PT.-951195"|239|"Ciputra MAL Cibubur"|"T-SHIRT BASIC"|"EMBA JEANS"|"MEN YOUNG CASUAL"|"EMBA JEANS"|"MEN DENIM"|"NAVY BLUE"|38|78745052|617029175838|1|290000|290000|0|0|0|0|0|0|290000|01094|9196|2
07-03-2025|07-03-2025|951195|"KASIH KARUNIA SEJATI PT.-951195"|334|"OPI MAL Palembang"|"T-SHIRT BASIC"|"EMBA JEANS"|"MEN YOUNG CASUAL"|"EMBA JEANS"|"MEN DENIM"|"NAVY BLUE"|34|78745034|617029175834|1|290000|290000|29000|0|0|0|0|10|261000|01005|7848|1
07-03-2025|07-03-2025|951195|"KASIH KARUNIA SEJATI PT.-951195"|641|"Citra PLZ MAL PBR"|"T-SHIRT BASIC"|"EMBA JEANS"|"MEN YOUNG CASUAL"|"EMBA JEANS"|"MEN DENIM"|"NAVY BLUE"|34|78745034|617029175834|1|290000|290000|0|0|0|0|0|0|290000|03031|9028|1
07-03-2025|07-03-2025|951195|"KASIH KARUNIA SEJATI PT.-951195"|345|"Central PLZ MAL BDL"|"T-SHIRT BASIC"|"EMBA JEANS"|"MEN YOUNG CASUAL"|"EMBA JEANS"|"MEN DENIM"|BLUE|34|78745025|617029172034|1|290000|290000|20000|0|0|0|0|6.9|270000|02031|7948|3
07-03-2025|07-03-2025|951195|"KASIH KARUNIA SEJATI PT.-951195"|289|"Paragon City MAL SMG"|"T-SHIRT BASIC"|"EMBA JEANS"|"MEN YOUNG CASUAL"|"EMBA JEANS"|"MEN DENIM"|BLUE|29|78745016|617029162029|1|290000|290000|29000|0|0|0|0|10|261000|02015|4719|1
07-03-2025|07-03-2025|951195|"KASIH KARUNIA SEJATI PT.-951195"|655|"Millennium Mall JKT"|"T-SHIRT BASIC"|"EMBA JEANS"|"MEN YOUNG CASUAL"|"EMBA JEANS"|"MEN DENIM"|BLUE|29|78745016|617029162029|1|290000|290000|0|0|0|0|0|0|290000|03022|3531|2
07-03-2025|07-03-2025|951195|"KASIH KARUNIA SEJATI PT.-951195"|382|"Citimall Baturaja"|"T-SHIRT BASIC"|"EMBA JEANS"|"MEN YOUNG CASUAL"|"EMBA JEANS"|"MEN DENIM"|BLUE|32|78745007|617029162032|1|290000|290000|0|0|0|0|0|0|290000|01003|1023|1
07-03-2025|07-03-2025|951195|"KASIH KARUNIA SEJATI PT.-951195"|445|"PTC MAL TC PLG"|"T-SHIRT BASIC"|"EMBA JEANS"|"MEN YOUNG CASUAL"|"EMBA JEANS"|"MEN DENIM"|BLUE|32|78745007|617029162032|1|290000|290000|0|0|0|0|0|0|290000|02021|3685|1
07-03-2025|07-03-2025|951195|"KASIH KARUNIA SEJATI PT.-951195"|254|"Cibinong MAL BGR"|"T-SHIRT BASIC"|"EMBA JEANS"|"MEN YOUNG CASUAL"|"EMBA JEANS"|"MEN DENIM"|BLUE|27|78744973|617029162027|1|290000|290000|0|0|0|0|0|0|290000|02012|8434|2
07-03-2025|07-03-2025|951195|"KASIH KARUNIA SEJATI PT.-951195"|412|"CITIMALL BONTANG"|"T-SHIRT BASIC"|"EMBA JEANS"|"MEN YOUNG CASUAL"|"EMBA JEANS"|"MEN DENIM"|BLUE|27|78744973|617029162027|1|290000|290000|0|0|0|0|0|0|290000|01008|6865|2
07-03-2025|07-03-2025|951195|"KASIH KARUNIA SEJATI PT.-951195"|254|"Cibinong MAL BGR"|"T-SHIRT BASIC"|"EMBA JEANS"|"MEN YOUNG CASUAL"|"EMBA JEANS"|"MEN DENIM"|"NAVY BLUE"|30|78744955|617029165830|1|290000|290000|0|0|0|0|0|0|290000|02032|8529|1
07-03-2025|07-03-2025|951195|"KASIH KARUNIA SEJATI PT.-951195"|413|"Kediri Town Sq MAL"|"T-SHIRT BASIC"|"EMBA JEANS"|"MEN YOUNG CASUAL"|"EMBA JEANS"|"MEN DENIM"|"NAVY BLUE"|30|78744955|617029165830|1|290000|290000|0|0|0|0|0|0|290000|01026|8585|3
07-03-2025|07-03-2025|951195|"KASIH KARUNIA SEJATI PT.-951195"|345|"Central PLZ MAL BDL"|"T-SHIRT BASIC"|"EMBA JEANS"|"MEN YOUNG CASUAL"|"EMBA JEANS"|"MEN DENIM"|BLUE|36|76091726|618064011536|1|369000|369000|0|0|0|0|0|0|369000|02017|7375|7
07-03-2025|07-03-2025|951195|"KASIH KARUNIA SEJATI PT.-951195"|392|"Pacific MAL Tegal"|"T-SHIRT BASIC"|"EMBA JEANS"|"MEN YOUNG CASUAL"|"EMBA JEANS"|"MEN DENIM"|BLUE|32|76091333|617030031532|1|499000|499000|149700|0|0|0|0|30|349300|01011|2914|1
07-03-2025|07-03-2025|951195|"KASIH KARUNIA SEJATI PT.-951195"|261|"Plaza Medan Fair TC"|"T-SHIRT BASIC"|"EMBA JEANS"|"MEN YOUNG CASUAL"|"EMBA JEANS"|"MEN DENIM"|"NAVY BLUE"|L|75764144|409061015403|1|499000|499000|149700|0|0|0|0|30|349300|01039|3896|4
07-03-2025|07-03-2025|951195|"KASIH KARUNIA SEJATI PT.-951195"|567|"Delta PLZ MAL SBY"|"T-SHIRT BASIC"|"EMBA JEANS"|"MEN YOUNG CASUAL"|"EMBA JEANS"|"MEN DENIM"|"NAVY BLUE"|L|75764144|409061015403|1|499000|499000|149700|0|0|0|0|30|349300|03028|3135|1
07-03-2025|07-03-2025|951195|"KASIH KARUNIA SEJATI PT.-951195"|412|"CITIMALL BONTANG"|"T-SHIRT BASIC"|"EMBA JEANS"|"MEN YOUNG CASUAL"|"EMBA JEANS"|"MEN DENIM"|"NAVY BLUE"|XL|75764135|409061011504|1|499000|499000|149700|0|0|0|0|30|349300|01003|6799|1
07-03-2025|07-03-2025|951195|"KASIH KARUNIA SEJATI PT.-951195"|440|"Ciputra MAL TNG"|"T-SHIRT BASIC"|"EMBA JEANS"|"MEN YOUNG CASUAL"|"EMBA JEANS"|"MEN DENIM"|"NAVY BLUE"|XL|75764135|409061011504|1|499000|499000|149700|0|0|0|0|30|349300|03055|4635|6
07-03-2025|07-03-2025|951195|"KASIH KARUNIA SEJATI PT.-951195"|316|"Batam City Square TC"|"T-SHIRT BASIC"|"EMBA JEANS"|"MEN YOUNG CASUAL"|"EMBA JEANS"|"MEN DENIM"|"NAVY BLUE"|L|75764117|409061011503|1|499000|499000|149700|0|0|0|0|30|349300|02040|379|1
07-03-2025|07-03-2025|951195|"KASIH KARUNIA SEJATI PT.-951195"|567|"Delta PLZ MAL SBY"|"T-SHIRT BASIC"|"EMBA JEANS"|"MEN YOUNG CASUAL"|"EMBA JEANS"|"MEN DENIM"|"NAVY BLUE"|L|75764117|409061011503|1|499000|499000|149700|0|0|0|0|30|349300|03009|2660|1
07-03-2025|07-03-2025|951195|"KASIH KARUNIA SEJATI PT.-951195"|327|"Citimall Sampit"|"T-SHIRT BASIC"|"EMBA JEANS"|"MEN YOUNG CASUAL"|"EMBA JEANS"|"MEN DENIM"|BROWN|29|75342064|618202053629|1|250000|250000|0|0|0|0|0|0|250000|90101|205|1
07-03-2025|07-03-2025|951195|"KASIH KARUNIA SEJATI PT.-951195"|254|"Cibinong MAL BGR"|"T-SHIRT BASIC"|"EMBA JEANS"|"MEN YOUNG CASUAL"|"EMBA JEANS"|"MEN DENIM"|GREY|33|75340379|618236058833|1|290000|290000|0|0|0|0|0|0|290000|80102|6333|4
07-03-2025|07-03-2025|951195|"KASIH KARUNIA SEJATI PT.-951195"|326|"Lippo PLZ MAL Jember"|"T-SHIRT BASIC"|"EMBA JEANS"|"MEN YOUNG CASUAL"|"EMBA JEANS"|"MEN DENIM"|GREY|33|75340379|618236058833|1|290000|290000|0|0|0|0|0|0|290000|80357|3618|3
07-03-2025|07-03-2025|951195|"KASIH KARUNIA SEJATI PT.-951195"|267|"Ciputra MAL PBR"|"T-SHIRT BASIC"|"EMBA JEANS"|"MEN YOUNG CASUAL"|"EMBA JEANS"|"MEN DENIM"|BLACK|28|75340360|618236040228|1|290000|290000|0|0|0|0|0|0|290000|03072|5091|3
07-03-2025|07-03-2025|951195|"KASIH KARUNIA SEJATI PT.-951195"|804|"Matahari HS PWT"|"T-SHIRT BASIC"|"EMBA JEANS"|"MEN YOUNG CASUAL"|"EMBA JEANS"|"MEN DENIM"|BLACK|28|75340360|618236040228|1|290000|290000|0|0|0|0|0|0|290000|01003|7337|1
07-03-2025|07-03-2025|951195|"KASIH KARUNIA SEJATI PT.-951195"|307|"Citimall TC Sukabumi"|"T-SHIRT BASIC"|"EMBA JEANS"|"MEN YOUNG CASUAL"|"EMBA JEANS"|"MEN DENIM"|BLACK|33|75340351|618236050233|1|290000|290000|0|0|0|0|0|0|290000|02023|311|1
07-03-2025|07-03-2025|951195|"KASIH KARUNIA SEJATI PT.-951195"|413|"Kediri Town Sq MAL"|"T-SHIRT BASIC"|"EMBA JEANS"|"MEN YOUNG CASUAL"|"EMBA JEANS"|"MEN DENIM"|BLACK|33|75340351|618236050233|1|290000|290000|0|0|0|0|0|0|290000|01007|8249|6
07-03-2025|07-03-2025|951195|"KASIH KARUNIA SEJATI PT.-951195"|440|"Ciputra MAL TNG"|"T-SHIRT BASIC"|"EMBA JEANS"|"MEN YOUNG CASUAL"|"EMBA JEANS"|"MEN DENIM"|BLACK|33|75340351|618236050233|1|290000|290000|0|0|0|0|0|0|290000|80111|1616|2
07-03-2025|07-03-2025|951195|"KASIH KARUNIA SEJATI PT.-951195"|327|"Citimall Sampit"|"T-SHIRT BASIC"|"EMBA JEANS"|"MEN YOUNG CASUAL"|"EMBA JEANS"|"MEN DENIM"|BROWN|31|75340333|618236043331|1|290000|290000|0|0|0|0|0|0|290000|01001|8048|1
07-03-2025|07-03-2025|951195|"KASIH KARUNIA SEJATI PT.-951195"|307|"Citimall TC Sukabumi"|"T-SHIRT BASIC"|"EMBA JEANS"|"MEN YOUNG CASUAL"|"EMBA JEANS"|"MEN DENIM"|GREY|27|75340299|618236048827|1|290000|290000|0|0|0|0|0|0|290000|02029|226|4
07-03-2025|07-03-2025|951195|"KASIH KARUNIA SEJATI PT.-951195"|337|"Basko Grand MAL PAD"|"T-SHIRT BASIC"|"EMBA JEANS"|"MEN YOUNG CASUAL"|"EMBA JEANS"|"MEN DENIM"|GREY|27|75340299|618236048827|1|290000|290000|0|0|0|0|0|0|290000|80202|8773|1
07-03-2025|07-03-2025|951195|"KASIH KARUNIA SEJATI PT.-951195"|697|"Plaza Pekalongan MAL"|"T-SHIRT BASIC"|"EMBA JEANS"|"MEN YOUNG CASUAL"|"EMBA JEANS"|"MEN DENIM"|GREY|27|75340299|618236048827|1|290000|290000|0|0|0|0|0|0|290000|80263|6113|2
07-03-2025|07-03-2025|951195|"KASIH KARUNIA SEJATI PT.-951195"|302|"Festive Walk MAL KWG"|"T-SHIRT BASIC"|"EMBA JEANS"|"MEN YOUNG CASUAL"|"EMBA JEANS"|"MEN DENIM"|KHAKI|27|75340280|618236041827|1|290000|290000|0|0|0|0|0|0|290000|02055|5836|2
07-03-2025|07-03-2025|951195|"KASIH KARUNIA SEJATI PT.-951195"|273|"SKA MAL Pekanbaru"|"T-SHIRT BASIC"|"EMBA JEANS"|"MEN YOUNG CASUAL"|"EMBA JEANS"|"MEN DENIM"|KHAKI|29|75340271|618236041829|1|290000|290000|0|0|0|0|0|0|290000|01005|7530|4
07-03-2025|07-03-2025|951195|"KASIH KARUNIA SEJATI PT.-951195"|312|"Lippo PLZ MAL Jambi"|"T-SHIRT BASIC"|"EMBA JEANS"|"MEN YOUNG CASUAL"|"EMBA JEANS"|"MEN DENIM"|BROWN|32|75340262|618236043332|1|290000|290000|0|0|0|0|0|0|290000|90252|7593|2
07-03-2025|07-03-2025|951195|"KASIH KARUNIA SEJATI PT.-951195"|312|"Lippo PLZ MAL Jambi"|"T-SHIRT BASIC"|"EMBA JEANS"|"MEN YOUNG CASUAL"|"EMBA JEANS"|"MEN DENIM"|BROWN|32|75340262|618236043332|1|290000|290000|0|0|0|0|0|0|290000|01012|5426|1
07-03-2025|07-03-2025|951195|"KASIH KARUNIA SEJATI PT.-951195"|337|"Basko Grand MAL PAD"|"T-SHIRT BASIC"|"EMBA JEANS"|"MEN YOUNG CASUAL"|"EMBA JEANS"|"MEN DENIM"|BROWN|32|75340262|618236043332|1|290000|290000|0|0|0|0|0|0|290000|80202|8772|1
07-03-2025|07-03-2025|951195|"KASIH KARUNIA SEJATI PT.-951195"|267|"Ciputra MAL PBR"|"T-SHIRT BASIC"|"EMBA JEANS"|"MEN YOUNG CASUAL"|"EMBA JEANS"|"MEN DENIM"|GREY|31|75340244|618236048831|1|290000|290000|0|0|0|0|0|0|290000|03073|5136|3
07-03-2025|07-03-2025|951195|"KASIH KARUNIA SEJATI PT.-951195"|307|"Citimall TC Sukabumi"|"T-SHIRT BASIC"|"EMBA JEANS"|"MEN YOUNG CASUAL"|"EMBA JEANS"|"MEN DENIM"|GREY|31|75340244|618236048831|1|290000|290000|0|0|0|0|0|0|290000|02023|54|2
07-03-2025|07-03-2025|951195|"KASIH KARUNIA SEJATI PT.-951195"|415|"Plaza MAL Madiun"|"T-SHIRT BASIC"|"EMBA JEANS"|"MEN YOUNG CASUAL"|"EMBA JEANS"|"MEN DENIM"|BROWN|28|75340191|618236043328|1|290000|290000|0|0|0|0|0|0|290000|01033|6228|1
07-03-2025|07-03-2025|951195|"KASIH KARUNIA SEJATI PT.-951195"|312|"Lippo PLZ MAL Jambi"|"T-SHIRT BASIC"|"EMBA JEANS"|"MEN YOUNG CASUAL"|"EMBA JEANS"|"MEN DENIM"|BROWN|29|75340173|618236043329|1|290000|290000|0|0|0|0|0|0|290000|01012|5557|2
07-03-2025|07-03-2025|951195|"KASIH KARUNIA SEJATI PT.-951195"|327|"Citimall Sampit"|"T-SHIRT BASIC"|"EMBA JEANS"|"MEN YOUNG CASUAL"|"EMBA JEANS"|"MEN DENIM"|GREY|32|75340128|618236048832|1|290000|290000|0|0|0|0|0|0|290000|90102|184|1
07-03-2025|07-03-2025|951195|"KASIH KARUNIA SEJATI PT.-951195"|275|"Mega MAL Batam"|"T-SHIRT BASIC"|"EMBA JEANS"|"MEN YOUNG CASUAL"|"EMBA JEANS"|"MEN DENIM"|GREY|38|75340100|618236058838|1|290000|290000|0|0|0|0|0|0|290000|02009|2028|1
07-03-2025|07-03-2025|951195|"KASIH KARUNIA SEJATI PT.-951195"|293|"Royal Plaza TC SBY"|"T-SHIRT BASIC"|"EMBA JEANS"|"MEN YOUNG CASUAL"|"EMBA JEANS"|"MEN DENIM"|GREY|28|75340093|618236048828|1|290000|290000|0|0|0|0|0|0|290000|82224|7614|1
07-03-2025|07-03-2025|951195|"KASIH KARUNIA SEJATI PT.-951195"|536|"Kudus BZR"|"T-SHIRT BASIC"|"EMBA JEANS"|"MEN YOUNG CASUAL"|"EMBA JEANS"|"MEN DENIM"|GREY|28|75340093|618236048828|1|290000|290000|0|0|0|0|0|0|290000|01006|300|3
07-03-2025|07-03-2025|951195|"KASIH KARUNIA SEJATI PT.-951195"|273|"SKA MAL Pekanbaru"|"T-SHIRT BASIC"|"EMBA JEANS"|"MEN YOUNG CASUAL"|"EMBA JEANS"|"MEN DENIM"|BLACK|27|75340084|618236040227|1|290000|290000|0|0|0|0|0|0|290000|80602|9385|2
07-03-2025|07-03-2025|951195|"KASIH KARUNIA SEJATI PT.-951195"|440|"Ciputra MAL TNG"|"T-SHIRT BASIC"|"EMBA JEANS"|"MEN YOUNG CASUAL"|"EMBA JEANS"|"MEN DENIM"|BLACK|27|75340084|618236040227|1|290000|290000|0|0|0|0|0|0|290000|80111|1604|3
07-03-2025|07-03-2025|951195|"KASIH KARUNIA SEJATI PT.-951195"|309|"Binjai Supermall TC"|"T-SHIRT BASIC"|"EMBA JEANS"|"MEN YOUNG CASUAL"|"EMBA JEANS"|"MEN DENIM"|BROWN|27|75340048|618236043327|1|290000|290000|0|0|0|0|0|0|290000|02012|5475|3
07-03-2025|07-03-2025|951195|"KASIH KARUNIA SEJATI PT.-951195"|440|"Ciputra MAL TNG"|"T-SHIRT BASIC"|"EMBA JEANS"|"MEN YOUNG CASUAL"|"EMBA JEANS"|"MEN DENIM"|BROWN|27|75340048|618236043327|1|290000|290000|0|0|0|0|0|0|290000|80111|1604|2
07-03-2025|07-03-2025|951195|"KASIH KARUNIA SEJATI PT.-951195"|645|"Medan MAL"|"T-SHIRT BASIC"|"EMBA JEANS"|"MEN YOUNG CASUAL"|"EMBA JEANS"|"MEN DENIM"|BLACK|34|75340011|618236050234|1|290000|290000|0|0|0|0|0|0|290000|01008|9813|1
07-03-2025|07-03-2025|951195|"KASIH KARUNIA SEJATI PT.-951195"|352|"Sunrise MAL MJK"|"T-SHIRT BASIC"|"EMBA JEANS"|"MEN YOUNG CASUAL"|"EMBA JEANS"|"MEN DENIM"|KHAKI|34|75339989|618236051834|1|290000|290000|0|0|0|0|0|0|290000|02027|6258|1
07-03-2025|07-03-2025|951195|"KASIH KARUNIA SEJATI PT.-951195"|537|"Johar Plaza TC JMR"|"T-SHIRT BASIC"|"EMBA JEANS"|"MEN YOUNG CASUAL"|"EMBA JEANS"|"MEN DENIM"|KHAKI|34|75339989|618236051834|1|290000|290000|0|0|0|0|0|0|290000|02082|6119|1
07-03-2025|07-03-2025|951195|"KASIH KARUNIA SEJATI PT.-951195"|249|"Pakuwon Mall Solo"|"T-SHIRT BASIC"|"EMBA JEANS"|"MEN YOUNG CASUAL"|"EMBA JEANS"|"MEN DENIM"|GREY|36|75339943|618236058836|1|290000|290000|0|0|0|0|0|0|290000|02021|9716|1
07-03-2025|07-03-2025|951195|"KASIH KARUNIA SEJATI PT.-951195"|555|"Metmal Bekasi"|"T-SHIRT BASIC"|"EMBA JEANS"|"MEN YOUNG CASUAL"|"EMBA JEANS"|"MEN DENIM"|GREY|36|75339943|618236058836|1|290000|290000|0|0|0|0|0|0|290000|02047|7640|1
07-03-2025|07-03-2025|951195|"KASIH KARUNIA SEJATI PT.-951195"|394|"TangCity MAL TNG"|"T-SHIRT BASIC"|"EMBA JEANS"|"MEN YOUNG CASUAL"|"EMBA JEANS"|"MEN DENIM"|GREY|36|75339943|618236058836|1|290000|290000|0|0|0|0|0|0|290000|02015|2152|2
07-03-2025|07-03-2025|951195|"KASIH KARUNIA SEJATI PT.-951195"|296|"Serang MAL"|"T-SHIRT BASIC"|"EMBA JEANS"|"MEN YOUNG CASUAL"|"EMBA JEANS"|"MEN DENIM"|BROWN|34|75339881|618236053334|1|290000|290000|0|0|0|0|0|0|290000|02015|3966|1
07-03-2025|07-03-2025|951195|"KASIH KARUNIA SEJATI PT.-951195"|336|"Balikpapan Baru TC"|"T-SHIRT BASIC"|"EMBA JEANS"|"MEN YOUNG CASUAL"|"EMBA JEANS"|"MEN DENIM"|BROWN|36|75339863|618236053336|1|290000|290000|0|0|0|0|0|0|290000|80302|3826|1
07-03-2025|07-03-2025|951195|"KASIH KARUNIA SEJATI PT.-951195"|332|"Gajah Mada TC JKT"|"T-SHIRT BASIC"|"EMBA JEANS"|"MEN YOUNG CASUAL"|"EMBA JEANS"|"MEN DENIM"|BROWN|30|75339836|618236043330|1|290000|290000|0|0|0|0|0|0|290000|03005|4043|1
07-03-2025|07-03-2025|951195|"KASIH KARUNIA SEJATI PT.-951195"|223|"Batu Town Sq MAL MLG"|"T-SHIRT BASIC"|"EMBA JEANS"|"MEN YOUNG CASUAL"|"EMBA JEANS"|"MEN DENIM"|BLACK|38|75339774|618236050238|1|290000|290000|40000|0|0|0|0|13.8|250000|01003|5490|2
07-03-2025|07-03-2025|951195|"KASIH KARUNIA SEJATI PT.-951195"|440|"Ciputra MAL TNG"|"T-SHIRT BASIC"|"EMBA JEANS"|"MEN YOUNG CASUAL"|"EMBA JEANS"|"MEN DENIM"|GREY|29|75339765|618236048829|1|290000|290000|0|0|0|0|0|0|290000|80111|1636|2
07-03-2025|07-03-2025|951195|"KASIH KARUNIA SEJATI PT.-951195"|220|"MAL Kediri KDR"|"T-SHIRT BASIC"|"EMBA JEANS"|"MEN YOUNG CASUAL"|"EMBA JEANS"|"MEN DENIM"|KHAKI|30|75339694|618236041830|1|290000|290000|0|0|0|0|0|0|290000|01008|1706|5
07-03-2025|07-03-2025|951195|"KASIH KARUNIA SEJATI PT.-951195"|368|"Armada Sq MAL MGG"|"T-SHIRT BASIC"|"EMBA JEANS"|"MEN YOUNG CASUAL"|"EMBA JEANS"|"MEN DENIM"|KHAKI|30|75339694|618236041830|1|290000|290000|0|0|0|0|0|0|290000|01022|211|1
07-03-2025|07-03-2025|951195|"KASIH KARUNIA SEJATI PT.-951195"|677|"Grage MAL Cirebon"|"T-SHIRT BASIC"|"EMBA JEANS"|"MEN YOUNG CASUAL"|"EMBA JEANS"|"MEN DENIM"|KHAKI|30|75339694|618236041830|1|290000|290000|0|0|0|0|0|0|290000|02017|9744|3
07-03-2025|07-03-2025|951195|"KASIH KARUNIA SEJATI PT.-951195"|298|"PLZ Kalibata MAL JKT"|"T-SHIRT BASIC"|"EMBA JEANS"|"MEN YOUNG CASUAL"|"EMBA JEANS"|"MEN DENIM"|GREY|34|75339658|618236058834|1|290000|290000|0|0|0|0|0|0|290000|90301|3457|1
07-03-2025|07-03-2025|951195|"KASIH KARUNIA SEJATI PT.-951195"|312|"Lippo PLZ MAL Jambi"|"T-SHIRT BASIC"|"EMBA JEANS"|"MEN YOUNG CASUAL"|"EMBA JEANS"|"MEN DENIM"|BLACK|31|75339621|618236040231|1|290000|290000|0|0|0|0|0|0|290000|90252|7593|1
07-03-2025|07-03-2025|951195|"KASIH KARUNIA SEJATI PT.-951195"|255|"Malang Town Sq TC"|"T-SHIRT BASIC"|"EMBA JEANS"|"MEN YOUNG CASUAL"|"EMBA JEANS"|"MEN DENIM"|BLACK|31|75339621|618236040231|1|290000|290000|20000|0|0|0|0|6.9|270000|02014|9501|1
07-03-2025|07-03-2025|951195|"KASIH KARUNIA SEJATI PT.-951195"|256|"Kaza City MAL SBY"|"T-SHIRT BASIC"|"EMBA JEANS"|"MEN YOUNG CASUAL"|"EMBA JEANS"|"MEN DENIM"|BLACK|31|75339621|618236040231|1|290000|290000|0|0|0|0|0|0|290000|02023|8859|1
07-03-2025|07-03-2025|951195|"KASIH KARUNIA SEJATI PT.-951195"|447|"Cilegon Center TC"|"T-SHIRT BASIC"|"EMBA JEANS"|"MEN YOUNG CASUAL"|"EMBA JEANS"|"MEN DENIM"|BROWN|38|75339612|618236053338|1|290000|290000|0|0|0|0|0|0|290000|02019|5383|1
07-03-2025|07-03-2025|951195|"KASIH KARUNIA SEJATI PT.-951195"|221|"Panakkukang MAL MKS"|"T-SHIRT BASIC"|"EMBA JEANS"|"MEN YOUNG CASUAL"|"EMBA JEANS"|"MEN DENIM"|GREY|30|75339603|618236048830|1|290000|290000|0|0|0|0|0|0|290000|01001|821|8
07-03-2025|07-03-2025|951195|"KASIH KARUNIA SEJATI PT.-951195"|307|"Citimall TC Sukabumi"|"T-SHIRT BASIC"|"EMBA JEANS"|"MEN YOUNG CASUAL"|"EMBA JEANS"|"MEN DENIM"|GREY|30|75339603|618236048830|1|290000|290000|0|0|0|0|0|0|290000|02028|84|4
07-03-2025|07-03-2025|951195|"KASIH KARUNIA SEJATI PT.-951195"|453|"Supermal Karawaci"|"T-SHIRT BASIC"|"EMBA JEANS"|"MEN YOUNG CASUAL"|"EMBA JEANS"|"MEN DENIM"|GREY|30|75339603|618236048830|2|290000|580000|0|0|0|0|0|0|580000|02002|7105|1
07-03-2025|07-03-2025|951195|"KASIH KARUNIA SEJATI PT.-951195"|649|"Galeria MAL Yogya"|"T-SHIRT BASIC"|"EMBA JEANS"|"MEN YOUNG CASUAL"|"EMBA JEANS"|"MEN DENIM"|BLUE|34|73518182|617132075434|1|599000|599000|0|419000|0|0|0|69.9|180000|80206|4104|2
07-03-2025|07-03-2025|951195|"KASIH KARUNIA SEJATI PT.-951195"|329|"Lippo PLZ MAL Kupang"|"T-SHIRT BASIC"|"EMBA JEANS"|"MEN YOUNG CASUAL"|"EMBA JEANS"|"MEN DENIM"|GREY|29|73517816|617132073129|1|599000|599000|419000|0|0|0|0|69.9|180000|02020|1556|1
07-03-2025|07-03-2025|951195|"KASIH KARUNIA SEJATI PT.-951195"|405|"Lembuswana TC SMR"|"T-SHIRT BASIC"|"EMBA JEANS"|"MEN YOUNG CASUAL"|"EMBA JEANS"|"MEN DENIM"|BLUE|30|73516639|617132075430|1|599000|599000|299500|0|0|0|0|50|299500|02016|4998|1
07-03-2025|07-03-2025|951195|"KASIH KARUNIA SEJATI PT.-951195"|536|"Kudus BZR"|"T-SHIRT BASIC"|"EMBA JEANS"|"MEN YOUNG CASUAL"|"EMBA JEANS"|"MEN DENIM"|WHITE|M|73464301|103036010102|1|419000|419000|170000|0|0|0|0|40.6|249000|01006|300|2
07-03-2025|07-03-2025|951195|"KASIH KARUNIA SEJATI PT.-951195"|536|"Kudus BZR"|"T-SHIRT BASIC"|"EMBA JEANS"|"MEN YOUNG CASUAL"|"EMBA JEANS"|"MEN DENIM"|WHITE|M|73464301|103036010102|1|419000|419000|170000|0|0|0|0|40.6|249000|01006|291|1
07-03-2025|07-03-2025|951195|"KASIH KARUNIA SEJATI PT.-951195"|637|"Blok M Plaza MAL JKT"|"T-SHIRT BASIC"|"EMBA JEANS"|"MEN YOUNG CASUAL"|"EMBA JEANS"|"MEN DENIM"|WHITE|L|51949936|102049030103|1|279000|279000|0|0|0|0|0|0|279000|03018|6708|1
07-03-2025|07-03-2025|951195|"KASIH KARUNIA SEJATI PT.-951195"|637|"Blok M Plaza MAL JKT"|"T-SHIRT BASIC"|"EMBA JEANS"|"MEN YOUNG CASUAL"|"EMBA JEANS"|"MEN DENIM"|WHITE|L|51949936|102049030103|1|279000|279000|0|0|0|0|0|0|279000|03020|6153|1
07-03-2025|07-03-2025|951195|"KASIH KARUNIA SEJATI PT.-951195"|233|"Bangkalan PLZ MAL"|"T-SHIRT BASIC"|"EMBA JEANS"|"MEN YOUNG CASUAL"|"EMBA JEANS"|"MEN DENIM"|BLACK|L|51949918|230007230203|1|219000|219000|0|0|0|0|0|0|219000|01006|8254|3
07-03-2025|07-03-2025|951195|"KASIH KARUNIA SEJATI PT.-951195"|368|"Armada Sq MAL MGG"|"T-SHIRT BASIC"|"EMBA JEANS"|"MEN YOUNG CASUAL"|"EMBA JEANS"|"MEN DENIM"|WHITE|L|51949874|103032014503|2|279000|558000|0|0|0|0|0|0|558000|01023|193|1
07-03-2025|07-03-2025|951195|"KASIH KARUNIA SEJATI PT.-951195"|453|"Supermal Karawaci"|"T-SHIRT BASIC"|"EMBA JEANS"|"MEN YOUNG CASUAL"|"EMBA JEANS"|"MEN DENIM"|WHITE|M|51949847|231023010102|1|269000|269000|53800|0|0|0|0|20|215200|02019|6917|22
07-03-2025|07-03-2025|951195|"KASIH KARUNIA SEJATI PT.-951195"|563|"Plaza Malioboro"|"T-SHIRT BASIC"|"EMBA JEANS"|"MEN YOUNG CASUAL"|"EMBA JEANS"|"MEN DENIM"|WHITE|L|51949829|102049020103|1|299000|299000|0|0|0|0|0|0|299000|02014|8702|3
07-03-2025|07-03-2025|951195|"KASIH KARUNIA SEJATI PT.-951195"|645|"Medan MAL"|"T-SHIRT BASIC"|"EMBA JEANS"|"MEN YOUNG CASUAL"|"EMBA JEANS"|"MEN DENIM"|BLACK|XL|51949794|230007230204|1|219000|219000|0|0|0|0|0|0|219000|01008|9770|2
07-03-2025|07-03-2025|951195|"KASIH KARUNIA SEJATI PT.-951195"|358|"CSB MAL Cirebon"|"T-SHIRT BASIC"|"EMBA JEANS"|"MEN YOUNG CASUAL"|"EMBA JEANS"|"MEN DENIM"|KHAKI|M|51949641|102049030302|1|279000|279000|0|0|0|0|0|0|279000|02045|7390|1
07-03-2025|07-03-2025|951195|"KASIH KARUNIA SEJATI PT.-951195"|387|"Manhattan MAL Medan"|"T-SHIRT BASIC"|"EMBA JEANS"|"MEN YOUNG CASUAL"|"EMBA JEANS"|"MEN DENIM"|KHAKI|M|51949641|102049030302|1|279000|279000|0|0|0|0|0|0|279000|03019|1289|1
07-03-2025|07-03-2025|951195|"KASIH KARUNIA SEJATI PT.-951195"|392|"Pacific MAL Tegal"|"T-SHIRT BASIC"|"EMBA JEANS"|"MEN YOUNG CASUAL"|"EMBA JEANS"|"MEN DENIM"|"NAVY BLUE"|L|51949605|231023019203|1|269000|269000|0|0|0|0|0|0|269000|01008|3031|2
07-03-2025|07-03-2025|951195|"KASIH KARUNIA SEJATI PT.-951195"|412|"CITIMALL BONTANG"|"T-SHIRT BASIC"|"EMBA JEANS"|"MEN YOUNG CASUAL"|"EMBA JEANS"|"MEN DENIM"|WHITE|M|51949561|207009834502|1|249000|249000|74700|0|0|0|0|30|174300|01004|6693|2
07-03-2025|07-03-2025|951195|"KASIH KARUNIA SEJATI PT.-951195"|697|"Plaza Pekalongan MAL"|"T-SHIRT BASIC"|"EMBA JEANS"|"MEN YOUNG CASUAL"|"EMBA JEANS"|"MEN DENIM"|WHITE|M|51949561|207009834502|1|249000|249000|74700|0|0|0|0|30|174300|01016|16|1
07-03-2025|07-03-2025|951195|"KASIH KARUNIA SEJATI PT.-951195"|697|"Plaza Pekalongan MAL"|"T-SHIRT BASIC"|"EMBA JEANS"|"MEN YOUNG CASUAL"|"EMBA JEANS"|"MEN DENIM"|WHITE|M|51949552|103032014502|1|279000|279000|0|0|0|0|0|0|279000|01006|9531|2
07-03-2025|07-03-2025|951195|"KASIH KARUNIA SEJATI PT.-951195"|362|"Tanjungpinang MAL"|"T-SHIRT BASIC"|"EMBA JEANS"|"MEN YOUNG CASUAL"|"EMBA JEANS"|"MEN DENIM"|BROWN|"NO SIZE"|51949463|301013043300|1|199000|199000|59700|0|0|0|0|30|139300|02022|7057|1
07-03-2025|07-03-2025|951195|"KASIH KARUNIA SEJATI PT.-951195"|381|"Singosaren MAL Solo"|"T-SHIRT BASIC"|"EMBA JEANS"|"MEN YOUNG CASUAL"|"EMBA JEANS"|"MEN DENIM"|BROWN|"NO SIZE"|51949463|301013043300|1|199000|199000|39800|0|0|0|0|20|159200|01005|9360|3
07-03-2025|07-03-2025|951195|"KASIH KARUNIA SEJATI PT.-951195"|392|"Pacific MAL Tegal"|"T-SHIRT BASIC"|"EMBA JEANS"|"MEN YOUNG CASUAL"|"EMBA JEANS"|"MEN DENIM"|OLIVE|L|51949454|231023010603|1|269000|269000|0|0|0|0|0|0|269000|01008|3031|1
07-03-2025|07-03-2025|951195|"KASIH KARUNIA SEJATI PT.-951195"|563|"Plaza Malioboro"|"T-SHIRT BASIC"|"EMBA JEANS"|"MEN YOUNG CASUAL"|"EMBA JEANS"|"MEN DENIM"|BROWN|L|51949427|207009783303|1|199000|199000|0|0|0|0|0|0|199000|02007|8783|1
07-03-2025|07-03-2025|951195|"KASIH KARUNIA SEJATI PT.-951195"|473|"Gress MAL Gresik"|"T-SHIRT BASIC"|"EMBA JEANS"|"MEN YOUNG CASUAL"|"EMBA JEANS"|"MEN DENIM"|GREEN|M|51949374|103032015702|1|279000|279000|0|0|0|0|0|0|279000|02024|7425|4
07-03-2025|07-03-2025|951195|"KASIH KARUNIA SEJATI PT.-951195"|536|"Kudus BZR"|"T-SHIRT BASIC"|"EMBA JEANS"|"MEN YOUNG CASUAL"|"EMBA JEANS"|"MEN DENIM"|GREEN|M|51949374|103032015702|1|279000|279000|0|0|0|0|0|0|279000|01006|707|5
07-03-2025|07-03-2025|951195|"KASIH KARUNIA SEJATI PT.-951195"|673|"Daan Mogot MAL JKT"|"T-SHIRT BASIC"|"EMBA JEANS"|"MEN YOUNG CASUAL"|"EMBA JEANS"|"MEN DENIM"|VANILLA|L|51949294|122188013503|1|299000|299000|0|0|0|0|0|0|299000|01020|4282|2
07-03-2025|07-03-2025|951195|"KASIH KARUNIA SEJATI PT.-951195"|302|"Festive Walk MAL KWG"|"T-SHIRT BASIC"|"EMBA JEANS"|"MEN YOUNG CASUAL"|"EMBA JEANS"|"MEN DENIM"|"NAVY BLUE"|L|51949285|102049029203|1|299000|299000|0|0|0|0|0|0|299000|02017|5878|7
07-03-2025|07-03-2025|951195|"KASIH KARUNIA SEJATI PT.-951195"|537|"Johar Plaza TC JMR"|"T-SHIRT BASIC"|"EMBA JEANS"|"MEN YOUNG CASUAL"|"EMBA JEANS"|"MEN DENIM"|GREEN|L|51949276|103032015703|1|279000|279000|0|0|0|0|0|0|279000|03023|6183|2
07-03-2025|07-03-2025|951195|"KASIH KARUNIA SEJATI PT.-951195"|523|"Tunjungan MAL SBY"|"T-SHIRT BASIC"|"EMBA JEANS"|"MEN YOUNG CASUAL"|"EMBA JEANS"|"MEN DENIM"|YELLOW|L|51949258|207010041703|1|199000|199000|0|0|0|0|0|0|199000|04042|208|1
07-03-2025|07-03-2025|951195|"KASIH KARUNIA SEJATI PT.-951195"|261|"Plaza Medan Fair TC"|"T-SHIRT BASIC"|"EMBA JEANS"|"MEN YOUNG CASUAL"|"EMBA JEANS"|"MEN DENIM"|OLIVE|XXL|51949221|207009800605|1|199000|199000|0|0|0|0|0|0|199000|01002|4529|7
07-03-2025|07-03-2025|951195|"KASIH KARUNIA SEJATI PT.-951195"|302|"Festive Walk MAL KWG"|"T-SHIRT BASIC"|"EMBA JEANS"|"MEN YOUNG CASUAL"|"EMBA JEANS"|"MEN DENIM"|KHAKI|L|51949212|102049030303|1|279000|279000|0|0|0|0|0|0|279000|02017|5878|6
07-03-2025|07-03-2025|951195|"KASIH KARUNIA SEJATI PT.-951195"|501|"Duta Plaza MAL DPR"|"T-SHIRT BASIC"|"EMBA JEANS"|"MEN YOUNG CASUAL"|"EMBA JEANS"|"MEN DENIM"|BROWN|M|51949203|207009783302|1|199000|199000|0|0|0|0|0|0|199000|02011|2900|4
07-03-2025|07-03-2025|951195|"KASIH KARUNIA SEJATI PT.-951195"|653|"Lippo MAL Cikarang"|"T-SHIRT BASIC"|"EMBA JEANS"|"MEN YOUNG CASUAL"|"EMBA JEANS"|"MEN DENIM"|BROWN|M|51949203|207009783302|1|199000|199000|0|0|0|0|0|0|199000|71005|7858|1
07-03-2025|07-03-2025|951195|"KASIH KARUNIA SEJATI PT.-951195"|359|"Fest City MAL BDG"|"T-SHIRT BASIC"|"EMBA JEANS"|"MEN YOUNG CASUAL"|"EMBA JEANS"|"MEN DENIM"|"NAVY BLUE"|XL|51949169|102049029204|1|299000|299000|0|0|0|0|0|0|299000|02027|9254|4
07-03-2025|06-03-2025|951195|"KASIH KARUNIA SEJATI PT.-951195"|369|"Plaza Aceh MAL BNA"|"T-SHIRT BASIC"|"EMBA JEANS"|"MEN YOUNG CASUAL"|"EMBA JEANS"|"MEN DENIM"|"NAVY BLUE"|XL|51949169|102049029204|1|299000|299000|0|0|0|0|0|0|299000|02036|6589|1
07-03-2025|07-03-2025|951195|"KASIH KARUNIA SEJATI PT.-951195"|302|"Festive Walk MAL KWG"|"T-SHIRT BASIC"|"EMBA JEANS"|"MEN YOUNG CASUAL"|"EMBA JEANS"|"MEN DENIM"|"NAVY BLUE"|M|51949141|102049029202|1|299000|299000|0|0|0|0|0|0|299000|02019|6211|1
07-03-2025|07-03-2025|951195|"KASIH KARUNIA SEJATI PT.-951195"|375|"Ekalokasari MAL BGR"|"T-SHIRT BASIC"|"EMBA JEANS"|"MEN YOUNG CASUAL"|"EMBA JEANS"|"MEN DENIM"|"NAVY BLUE"|M|51949141|102049029202|-1|299000|-299000|0|0|0|0|0|0|-299000|03018|3721|1
07-03-2025|07-03-2025|951195|"KASIH KARUNIA SEJATI PT.-951195"|233|"Bangkalan PLZ MAL"|"T-SHIRT BASIC"|"EMBA JEANS"|"MEN YOUNG CASUAL"|"EMBA JEANS"|"MEN DENIM"|BLACK|"NO SIZE"|51949105|301012110200|1|199000|199000|59700|0|0|0|0|30|139300|01006|8194|4
07-03-2025|07-03-2025|951195|"KASIH KARUNIA SEJATI PT.-951195"|673|"Daan Mogot MAL JKT"|"T-SHIRT BASIC"|"EMBA JEANS"|"MEN YOUNG CASUAL"|"EMBA JEANS"|"MEN DENIM"|"NAVY BLUE"|XL|51949089|207010059204|1|199000|199000|0|0|0|0|0|0|199000|01003|4394|6
07-03-2025|07-03-2025|951195|"KASIH KARUNIA SEJATI PT.-951195"|254|"Cibinong MAL BGR"|"T-SHIRT BASIC"|"EMBA JEANS"|"MEN YOUNG CASUAL"|"EMBA JEANS"|"MEN DENIM"|GREEN|XL|51949070|102049032404|1|279000|279000|0|0|0|0|0|0|279000|01030|8658|3
07-03-2025|07-03-2025|951195|"KASIH KARUNIA SEJATI PT.-951195"|673|"Daan Mogot MAL JKT"|"T-SHIRT BASIC"|"EMBA JEANS"|"MEN YOUNG CASUAL"|"EMBA JEANS"|"MEN DENIM"|"NAVY BLUE"|XXL|51949007|207010059205|1|199000|199000|0|0|0|0|0|0|199000|01003|4394|4
07-03-2025|07-03-2025|951195|"KASIH KARUNIA SEJATI PT.-951195"|233|"Bangkalan PLZ MAL"|"T-SHIRT BASIC"|"EMBA JEANS"|"MEN YOUNG CASUAL"|"EMBA JEANS"|"MEN DENIM"|BLACK|M|51948991|230007230202|1|219000|219000|0|0|0|0|0|0|219000|01009|8222|1
07-03-2025|07-03-2025|951195|"KASIH KARUNIA SEJATI PT.-951195"|227|"Sidoarjo Town Sq MAL"|"T-SHIRT BASIC"|"EMBA JEANS"|"MEN YOUNG CASUAL"|"EMBA JEANS"|"MEN DENIM"|BLACK|"NO SIZE"|51948946|301015030200|1|199000|199000|59700|0|0|0|0|30|139300|01017|2014|2
07-03-2025|07-03-2025|951195|"KASIH KARUNIA SEJATI PT.-951195"|326|"Lippo PLZ MAL Jember"|"T-SHIRT BASIC"|"EMBA JEANS"|"MEN YOUNG CASUAL"|"EMBA JEANS"|"MEN DENIM"|VANILLA|"NO SIZE"|51948928|301015053500|1|199000|199000|39800|0|0|0|0|20|159200|03010|718|1
07-03-2025|07-03-2025|951195|"KASIH KARUNIA SEJATI PT.-951195"|381|"Singosaren MAL Solo"|"T-SHIRT BASIC"|"EMBA JEANS"|"MEN YOUNG CASUAL"|"EMBA JEANS"|"MEN DENIM"|VANILLA|"NO SIZE"|51948928|301015053500|1|199000|199000|39800|0|0|0|0|20|159200|01005|9360|2
07-03-2025|07-03-2025|951195|"KASIH KARUNIA SEJATI PT.-951195"|255|"Malang Town Sq TC"|"T-SHIRT BASIC"|"EMBA JEANS"|"MEN YOUNG CASUAL"|"EMBA JEANS"|"MEN DENIM"|GREY|36|51656001|616231013936|1|290000|290000|0|0|0|0|0|0|290000|80176|7103|3
07-03-2025|07-03-2025|951195|"KASIH KARUNIA SEJATI PT.-951195"|326|"Lippo PLZ MAL Jember"|"T-SHIRT BASIC"|"EMBA JEANS"|"MEN YOUNG CASUAL"|"EMBA JEANS"|"MEN DENIM"|GREY|L|51655986|102085014003|1|279000|279000|0|0|0|0|0|0|279000|03010|768|1
07-03-2025|07-03-2025|951195|"KASIH KARUNIA SEJATI PT.-951195"|255|"Malang Town Sq TC"|"T-SHIRT BASIC"|"EMBA JEANS"|"MEN YOUNG CASUAL"|"EMBA JEANS"|"MEN DENIM"|GREY|L|51655986|102085014003|1|279000|279000|0|0|0|0|0|0|279000|01002|9405|10
07-03-2025|07-03-2025|951195|"KASIH KARUNIA SEJATI PT.-951195"|239|"Ciputra MAL Cibubur"|"T-SHIRT BASIC"|"EMBA JEANS"|"MEN YOUNG CASUAL"|"EMBA JEANS"|"MEN DENIM"|"NAVY BLUE"|30|51655922|618045013830|1|369000|369000|0|0|0|0|0|0|369000|01002|9246|4
07-03-2025|07-03-2025|951195|"KASIH KARUNIA SEJATI PT.-951195"|293|"Royal Plaza TC SBY"|"T-SHIRT BASIC"|"EMBA JEANS"|"MEN YOUNG CASUAL"|"EMBA JEANS"|"MEN DENIM"|"NAVY BLUE"|30|51655922|618045013830|1|369000|369000|0|0|0|0|0|0|369000|02012|4488|1
07-03-2025|07-03-2025|951195|"KASIH KARUNIA SEJATI PT.-951195"|473|"Gress MAL Gresik"|"T-SHIRT BASIC"|"EMBA JEANS"|"MEN YOUNG CASUAL"|"EMBA JEANS"|"MEN DENIM"|WHITE|XL|51655913|103036050104|1|279000|279000|0|0|0|0|0|0|279000|01011|7434|2
07-03-2025|07-03-2025|951195|"KASIH KARUNIA SEJATI PT.-951195"|221|"Panakkukang MAL MKS"|"T-SHIRT BASIC"|"EMBA JEANS"|"MEN YOUNG CASUAL"|"EMBA JEANS"|"MEN DENIM"|WHITE|M|51655879|103036050102|1|279000|279000|0|0|0|0|0|0|279000|02017|9619|1
07-03-2025|07-03-2025|951195|"KASIH KARUNIA SEJATI PT.-951195"|249|"Pakuwon Mall Solo"|"T-SHIRT BASIC"|"EMBA JEANS"|"MEN YOUNG CASUAL"|"EMBA JEANS"|"MEN DENIM"|WHITE|M|51655879|103036050102|1|279000|279000|0|0|0|0|0|0|279000|01005|9594|8
07-03-2025|07-03-2025|951195|"KASIH KARUNIA SEJATI PT.-951195"|415|"Plaza MAL Madiun"|"T-SHIRT BASIC"|"EMBA JEANS"|"MEN YOUNG CASUAL"|"EMBA JEANS"|"MEN DENIM"|WHITE|M|51655879|103036050102|1|279000|279000|0|0|0|0|0|0|279000|01017|6157|2
07-03-2025|07-03-2025|951195|"KASIH KARUNIA SEJATI PT.-951195"|388|"Suncity MAL Madiun"|"T-SHIRT BASIC"|"EMBA JEANS"|"MEN YOUNG CASUAL"|"EMBA JEANS"|"MEN DENIM"|KHAKI|M|51655860|112035104402|1|269000|269000|0|0|0|0|0|0|269000|02016|3804|2
07-03-2025|07-03-2025|951195|"KASIH KARUNIA SEJATI PT.-951195"|392|"Pacific MAL Tegal"|"T-SHIRT BASIC"|"EMBA JEANS"|"MEN YOUNG CASUAL"|"EMBA JEANS"|"MEN DENIM"|KHAKI|XL|51655842|112036010304|1|249000|249000|0|0|0|0|0|0|249000|01008|3031|5
07-03-2025|07-03-2025|951195|"KASIH KARUNIA SEJATI PT.-951195"|333|"Manado Town Sq MAL"|"T-SHIRT BASIC"|"EMBA JEANS"|"MEN YOUNG CASUAL"|"EMBA JEANS"|"MEN DENIM"|KHAKI|36|51655799|616231010336|1|290000|290000|0|0|0|0|0|0|290000|02004|8704|2
07-03-2025|07-03-2025|951195|"KASIH KARUNIA SEJATI PT.-951195"|255|"Malang Town Sq TC"|"T-SHIRT BASIC"|"EMBA JEANS"|"MEN YOUNG CASUAL"|"EMBA JEANS"|"MEN DENIM"|KHAKI|36|51655799|616231010336|1|290000|290000|0|0|0|0|0|0|290000|80176|7103|2
07-03-2025|07-03-2025|951195|"KASIH KARUNIA SEJATI PT.-951195"|273|"SKA MAL Pekanbaru"|"T-SHIRT BASIC"|"EMBA JEANS"|"MEN YOUNG CASUAL"|"EMBA JEANS"|"MEN DENIM"|GREY|30|51655780|616231013930|1|290000|290000|0|0|0|0|0|0|290000|02028|7358|1
07-03-2025|07-03-2025|951195|"KASIH KARUNIA SEJATI PT.-951195"|293|"Royal Plaza TC SBY"|"T-SHIRT BASIC"|"EMBA JEANS"|"MEN YOUNG CASUAL"|"EMBA JEANS"|"MEN DENIM"|CREAM|M|51655753|103085013502|1|299000|299000|0|0|0|0|0|0|299000|02012|4182|2
07-03-2025|07-03-2025|951195|"KASIH KARUNIA SEJATI PT.-951195"|381|"Singosaren MAL Solo"|"T-SHIRT BASIC"|"EMBA JEANS"|"MEN YOUNG CASUAL"|"EMBA JEANS"|"MEN DENIM"|CREAM|M|51655753|103085013502|1|299000|299000|0|0|0|0|0|0|299000|01005|9360|1
07-03-2025|07-03-2025|951195|"KASIH KARUNIA SEJATI PT.-951195"|473|"Gress MAL Gresik"|"T-SHIRT BASIC"|"EMBA JEANS"|"MEN YOUNG CASUAL"|"EMBA JEANS"|"MEN DENIM"|ORANGE|L|51655726|112036016803|1|249000|249000|0|0|0|0|0|0|249000|02025|7561|4
07-03-2025|07-03-2025|951195|"KASIH KARUNIA SEJATI PT.-951195"|643|"Ambon Indah Plaza TC"|"T-SHIRT BASIC"|"EMBA JEANS"|"MEN YOUNG CASUAL"|"EMBA JEANS"|"MEN DENIM"|ORANGE|L|51655726|112036016803|1|249000|249000|0|0|0|0|0|0|249000|02018|3361|2
07-03-2025|07-03-2025|951195|"KASIH KARUNIA SEJATI PT.-951195"|445|"PTC MAL TC PLG"|"T-SHIRT BASIC"|"EMBA JEANS"|"MEN YOUNG CASUAL"|"EMBA JEANS"|"MEN DENIM"|KHAKI|L|51655673|231042030303|1|219000|219000|0|0|0|0|0|0|219000|02022|3400|1
07-03-2025|07-03-2025|951195|"KASIH KARUNIA SEJATI PT.-951195"|303|"Solo Square MAL"|"T-SHIRT BASIC"|"EMBA JEANS"|"MEN YOUNG CASUAL"|"EMBA JEANS"|"MEN DENIM"|WHITE|M|51655646|131049010102|1|299000|299000|0|0|0|0|0|0|299000|01002|1569|1
07-03-2025|07-03-2025|951195|"KASIH KARUNIA SEJATI PT.-951195"|221|"Panakkukang MAL MKS"|"T-SHIRT BASIC"|"EMBA JEANS"|"MEN YOUNG CASUAL"|"EMBA JEANS"|"MEN DENIM"|GREY|29|51655600|616231013929|1|290000|290000|0|0|0|0|0|0|290000|02021|494|1
07-03-2025|07-03-2025|951195|"KASIH KARUNIA SEJATI PT.-951195"|263|"Mega Mall TC Manado"|"T-SHIRT BASIC"|"EMBA JEANS"|"MEN YOUNG CASUAL"|"EMBA JEANS"|"MEN DENIM"|GREY|29|51655600|616231013929|1|290000|290000|0|0|0|0|0|0|290000|02014|3630|2
07-03-2025|07-03-2025|951195|"KASIH KARUNIA SEJATI PT.-951195"|293|"Royal Plaza TC SBY"|"T-SHIRT BASIC"|"EMBA JEANS"|"MEN YOUNG CASUAL"|"EMBA JEANS"|"MEN DENIM"|BLUE|M|51655575|103036051002|1|279000|279000|0|0|0|0|0|0|279000|80151|2963|2
07-03-2025|07-03-2025|951195|"KASIH KARUNIA SEJATI PT.-951195"|392|"Pacific MAL Tegal"|"T-SHIRT BASIC"|"EMBA JEANS"|"MEN YOUNG CASUAL"|"EMBA JEANS"|"MEN DENIM"|BLUE|M|51655575|103036051002|1|279000|279000|0|0|0|0|0|0|279000|01025|2924|1
07-03-2025|07-03-2025|951195|"KASIH KARUNIA SEJATI PT.-951195"|453|"Supermal Karawaci"|"T-SHIRT BASIC"|"EMBA JEANS"|"MEN YOUNG CASUAL"|"EMBA JEANS"|"MEN DENIM"|WHITE|L|51655539|131049010103|1|299000|299000|0|0|0|0|0|0|299000|02133|6902|2
07-03-2025|07-03-2025|951195|"KASIH KARUNIA SEJATI PT.-951195"|334|"OPI MAL Palembang"|"T-SHIRT BASIC"|"EMBA JEANS"|"MEN YOUNG CASUAL"|"EMBA JEANS"|"MEN DENIM"|BLACK|27|51655502|616231010227|1|290000|290000|0|0|0|0|0|0|290000|01005|7562|1
07-03-2025|07-03-2025|951195|"KASIH KARUNIA SEJATI PT.-951195"|337|"Basko Grand MAL PAD"|"T-SHIRT BASIC"|"EMBA JEANS"|"MEN YOUNG CASUAL"|"EMBA JEANS"|"MEN DENIM"|BLACK|27|51655502|616231010227|1|290000|290000|0|0|0|0|0|0|290000|02014|96|4
07-03-2025|07-03-2025|951195|"KASIH KARUNIA SEJATI PT.-951195"|453|"Supermal Karawaci"|"T-SHIRT BASIC"|"EMBA JEANS"|"MEN YOUNG CASUAL"|"EMBA JEANS"|"MEN DENIM"|WHITE|M|51655431|102085010102|1|279000|279000|0|0|0|0|0|0|279000|02022|7715|1
07-03-2025|07-03-2025|951195|"KASIH KARUNIA SEJATI PT.-951195"|415|"Plaza MAL Madiun"|"T-SHIRT BASIC"|"EMBA JEANS"|"MEN YOUNG CASUAL"|"EMBA JEANS"|"MEN DENIM"|WHITE|M|51655431|102085010102|1|279000|279000|0|0|0|0|0|0|279000|01017|5913|2
07-03-2025|07-03-2025|951195|"KASIH KARUNIA SEJATI PT.-951195"|273|"SKA MAL Pekanbaru"|"T-SHIRT BASIC"|"EMBA JEANS"|"MEN YOUNG CASUAL"|"EMBA JEANS"|"MEN DENIM"|"NAVY BLUE"|L|51655360|102032019203|1|249000|249000|0|0|0|0|0|0|249000|03040|7575|2
07-03-2025|07-03-2025|951195|"KASIH KARUNIA SEJATI PT.-951195"|327|"Citimall Sampit"|"T-SHIRT BASIC"|"EMBA JEANS"|"MEN YOUNG CASUAL"|"EMBA JEANS"|"MEN DENIM"|BLACK|30|51655351|616231010230|1|290000|290000|0|0|0|0|0|0|290000|90102|182|1
07-03-2025|07-03-2025|951195|"KASIH KARUNIA SEJATI PT.-951195"|453|"Supermal Karawaci"|"T-SHIRT BASIC"|"EMBA JEANS"|"MEN YOUNG CASUAL"|"EMBA JEANS"|"MEN DENIM"|KHAKI|27|51655342|616231010327|1|290000|290000|0|0|0|0|0|0|290000|02057|7151|1
07-03-2025|07-03-2025|951195|"KASIH KARUNIA SEJATI PT.-951195"|337|"Basko Grand MAL PAD"|"T-SHIRT BASIC"|"EMBA JEANS"|"MEN YOUNG CASUAL"|"EMBA JEANS"|"MEN DENIM"|GREY|27|51655315|616231013927|1|290000|290000|0|0|0|0|0|0|290000|02014|96|3
07-03-2025|07-03-2025|951195|"KASIH KARUNIA SEJATI PT.-951195"|249|"Pakuwon Mall Solo"|"T-SHIRT BASIC"|"EMBA JEANS"|"MEN YOUNG CASUAL"|"EMBA JEANS"|"MEN DENIM"|BLACK|XL|51655306|104049010204|1|349000|349000|0|0|0|0|0|0|349000|02014|9294|1
07-03-2025|07-03-2025|951195|"KASIH KARUNIA SEJATI PT.-951195"|267|"Ciputra MAL PBR"|"T-SHIRT BASIC"|"EMBA JEANS"|"MEN YOUNG CASUAL"|"EMBA JEANS"|"MEN DENIM"|"NAVY BLUE"|M|51655271|112036019202|1|249000|249000|0|0|0|0|0|0|249000|03073|5131|6
07-03-2025|07-03-2025|951195|"KASIH KARUNIA SEJATI PT.-951195"|283|"Ayani Mega MAL PTK"|"T-SHIRT BASIC"|"EMBA JEANS"|"MEN YOUNG CASUAL"|"EMBA JEANS"|"MEN DENIM"|"NAVY BLUE"|M|51655271|112036019202|1|249000|249000|0|0|0|0|0|0|249000|02013|4095|1
07-03-2025|07-03-2025|951195|"KASIH KARUNIA SEJATI PT.-951195"|355|"E Walk MAL BPP"|"T-SHIRT BASIC"|"EMBA JEANS"|"MEN YOUNG CASUAL"|"EMBA JEANS"|"MEN DENIM"|"NAVY BLUE"|M|51655271|112036019202|1|249000|249000|0|0|0|0|0|0|249000|02018|6632|4
07-03-2025|07-03-2025|951195|"KASIH KARUNIA SEJATI PT.-951195"|255|"Malang Town Sq TC"|"T-SHIRT BASIC"|"EMBA JEANS"|"MEN YOUNG CASUAL"|"EMBA JEANS"|"MEN DENIM"|BLACK|M|51655226|207009700202|1|199000|199000|0|0|0|0|0|0|199000|02013|9351|4
07-03-2025|07-03-2025|951195|"KASIH KARUNIA SEJATI PT.-951195"|221|"Panakkukang MAL MKS"|"T-SHIRT BASIC"|"EMBA JEANS"|"MEN YOUNG CASUAL"|"EMBA JEANS"|"MEN DENIM"|BLACK|29|51655191|616231010229|1|290000|290000|0|0|0|0|0|0|290000|02021|494|2
07-03-2025|07-03-2025|951195|"KASIH KARUNIA SEJATI PT.-951195"|453|"Supermal Karawaci"|"T-SHIRT BASIC"|"EMBA JEANS"|"MEN YOUNG CASUAL"|"EMBA JEANS"|"MEN DENIM"|KHAKI|28|51655164|616231010328|1|290000|290000|0|0|0|0|0|0|290000|02050|7361|1
07-03-2025|07-03-2025|951195|"KASIH KARUNIA SEJATI PT.-951195"|376|"Mitra Malang HS"|"T-SHIRT BASIC"|"EMBA JEANS"|"MEN YOUNG CASUAL"|"EMBA JEANS"|"MEN DENIM"|"NAVY BLUE"|M|51655155|132049019202|1|329000|329000|0|0|0|0|0|0|329000|03023|3765|1
07-03-2025|07-03-2025|951195|"KASIH KARUNIA SEJATI PT.-951195"|376|"Mitra Malang HS"|"T-SHIRT BASIC"|"EMBA JEANS"|"MEN YOUNG CASUAL"|"EMBA JEANS"|"MEN DENIM"|"NAVY BLUE"|M|51655155|132049019202|1|329000|329000|0|0|0|0|0|0|329000|03025|4145|1
07-03-2025|07-03-2025|951195|"KASIH KARUNIA SEJATI PT.-951195"|415|"Plaza MAL Madiun"|"T-SHIRT BASIC"|"EMBA JEANS"|"MEN YOUNG CASUAL"|"EMBA JEANS"|"MEN DENIM"|"NAVY BLUE"|M|51655155|132049019202|1|329000|329000|0|0|0|0|0|0|329000|01033|5990|2
07-03-2025|07-03-2025|951195|"KASIH KARUNIA SEJATI PT.-951195"|413|"Kediri Town Sq MAL"|"T-SHIRT BASIC"|"EMBA JEANS"|"MEN YOUNG CASUAL"|"EMBA JEANS"|"MEN DENIM"|WHITE|L|51655146|103085010103|1|299000|299000|0|0|0|0|0|0|299000|01001|8945|5
07-03-2025|07-03-2025|951195|"KASIH KARUNIA SEJATI PT.-951195"|261|"Plaza Medan Fair TC"|"T-SHIRT BASIC"|"EMBA JEANS"|"MEN YOUNG CASUAL"|"EMBA JEANS"|"MEN DENIM"|BLACK|33|51655100|616231010233|1|290000|290000|0|0|0|0|0|0|290000|80133|8979|1
07-03-2025|07-03-2025|951195|"KASIH KARUNIA SEJATI PT.-951195"|311|"Duta MAL BJM"|"T-SHIRT BASIC"|"EMBA JEANS"|"MEN YOUNG CASUAL"|"EMBA JEANS"|"MEN DENIM"|BLACK|33|51655100|616231010233|1|290000|290000|0|0|0|0|0|0|290000|01006|6895|6
07-03-2025|07-03-2025|951195|"KASIH KARUNIA SEJATI PT.-951195"|264|"Palu Grand MAL"|"T-SHIRT BASIC"|"EMBA JEANS"|"MEN YOUNG CASUAL"|"EMBA JEANS"|"MEN DENIM"|BLACK|27|51655002|633311013227|1|299000|299000|0|0|0|0|0|0|299000|02013|4255|3
07-03-2025|07-03-2025|951195|"KASIH KARUNIA SEJATI PT.-951195"|303|"Solo Square MAL"|"T-SHIRT BASIC"|"EMBA JEANS"|"MEN YOUNG CASUAL"|"EMBA JEANS"|"MEN DENIM"|BLUE|XL|51654996|112036011004|1|249000|249000|0|0|0|0|0|0|249000|01007|1868|1
07-03-2025|07-03-2025|951195|"KASIH KARUNIA SEJATI PT.-951195"|539|"Solo Grand MAL"|"T-SHIRT BASIC"|"EMBA JEANS"|"MEN YOUNG CASUAL"|"EMBA JEANS"|"MEN DENIM"|BLUE|XL|51654996|112036011004|1|249000|249000|0|0|0|0|0|0|249000|01027|4047|2
07-03-2025|07-03-2025|951195|"KASIH KARUNIA SEJATI PT.-951195"|539|"Solo Grand MAL"|"T-SHIRT BASIC"|"EMBA JEANS"|"MEN YOUNG CASUAL"|"EMBA JEANS"|"MEN DENIM"|BLUE|XL|51654996|112036011004|1|249000|249000|0|0|0|0|0|0|249000|02031|4001|1
07-03-2025|07-03-2025|951195|"KASIH KARUNIA SEJATI PT.-951195"|653|"Lippo MAL Cikarang"|"T-SHIRT BASIC"|"EMBA JEANS"|"MEN YOUNG CASUAL"|"EMBA JEANS"|"MEN DENIM"|BLUE|XL|51654996|112036011004|1|249000|249000|0|0|0|0|0|0|249000|02014|7940|1
07-03-2025|07-03-2025|951195|"KASIH KARUNIA SEJATI PT.-951195"|289|"Paragon City MAL SMG"|"T-SHIRT BASIC"|"EMBA JEANS"|"MEN YOUNG CASUAL"|"EMBA JEANS"|"MEN DENIM"|BLACK|XL|51654978|207009710204|1|199000|199000|0|0|0|0|0|0|199000|02015|4451|6
07-03-2025|07-03-2025|951195|"KASIH KARUNIA SEJATI PT.-951195"|273|"SKA MAL Pekanbaru"|"T-SHIRT BASIC"|"EMBA JEANS"|"MEN YOUNG CASUAL"|"EMBA JEANS"|"MEN DENIM"|"NAVY BLUE"|32|51654969|640190013132|1|449000|449000|134700|0|0|0|0|30|314300|03028|6744|2
07-03-2025|07-03-2025|951195|"KASIH KARUNIA SEJATI PT.-951195"|447|"Cilegon Center TC"|"T-SHIRT BASIC"|"EMBA JEANS"|"MEN YOUNG CASUAL"|"EMBA JEANS"|"MEN DENIM"|"NAVY BLUE"|31|51654950|618045013831|1|369000|369000|0|0|0|0|0|0|369000|02026|5535|8
07-03-2025|07-03-2025|951195|"KASIH KARUNIA SEJATI PT.-951195"|453|"Supermal Karawaci"|"T-SHIRT BASIC"|"EMBA JEANS"|"MEN YOUNG CASUAL"|"EMBA JEANS"|"MEN DENIM"|"NAVY BLUE"|36|51654870|640190013136|1|449000|449000|134700|0|0|0|0|30|314300|02022|7803|1
07-03-2025|07-03-2025|951195|"KASIH KARUNIA SEJATI PT.-951195"|334|"OPI MAL Palembang"|"T-SHIRT BASIC"|"EMBA JEANS"|"MEN YOUNG CASUAL"|"EMBA JEANS"|"MEN DENIM"|WHITE|XL|51654861|102085010104|1|279000|279000|0|0|0|0|0|0|279000|01007|7844|2
07-03-2025|07-03-2025|951195|"KASIH KARUNIA SEJATI PT.-951195"|376|"Mitra Malang HS"|"T-SHIRT BASIC"|"EMBA JEANS"|"MEN YOUNG CASUAL"|"EMBA JEANS"|"MEN DENIM"|"NAVY BLUE"|L|51654834|132049019203|1|329000|329000|0|0|0|0|0|0|329000|03025|3839|1
07-03-2025|07-03-2025|951195|"KASIH KARUNIA SEJATI PT.-951195"|261|"Plaza Medan Fair TC"|"T-SHIRT BASIC"|"EMBA JEANS"|"MEN YOUNG CASUAL"|"EMBA JEANS"|"MEN DENIM"|GREY|34|51654763|616231013934|1|290000|290000|0|0|0|0|0|0|290000|80133|8977|2
07-03-2025|07-03-2025|951195|"KASIH KARUNIA SEJATI PT.-951195"|261|"Plaza Medan Fair TC"|"T-SHIRT BASIC"|"EMBA JEANS"|"MEN YOUNG CASUAL"|"EMBA JEANS"|"MEN DENIM"|GREY|34|51654763|616231013934|1|290000|290000|0|0|0|0|0|0|290000|80134|3812|2
07-03-2025|07-03-2025|951195|"KASIH KARUNIA SEJATI PT.-951195"|555|"Metmal Bekasi"|"T-SHIRT BASIC"|"EMBA JEANS"|"MEN YOUNG CASUAL"|"EMBA JEANS"|"MEN DENIM"|GREY|34|51654763|616231013934|1|290000|290000|0|0|0|0|0|0|290000|02016|7278|2
07-03-2025|07-03-2025|951195|"KASIH KARUNIA SEJATI PT.-951195"|326|"Lippo PLZ MAL Jember"|"T-SHIRT BASIC"|"EMBA JEANS"|"MEN YOUNG CASUAL"|"EMBA JEANS"|"MEN DENIM"|"NAVY BLUE"|XL|51654745|102032019204|1|249000|249000|0|0|0|0|0|0|249000|03034|749|2
07-03-2025|07-03-2025|951195|"KASIH KARUNIA SEJATI PT.-951195"|337|"Basko Grand MAL PAD"|"T-SHIRT BASIC"|"EMBA JEANS"|"MEN YOUNG CASUAL"|"EMBA JEANS"|"MEN DENIM"|WHITE|XL|51654718|207009720104|1|199000|199000|0|0|0|0|0|0|199000|02036|113|3
07-03-2025|07-03-2025|951195|"KASIH KARUNIA SEJATI PT.-951195"|536|"Kudus BZR"|"T-SHIRT BASIC"|"EMBA JEANS"|"MEN YOUNG CASUAL"|"EMBA JEANS"|"MEN DENIM"|ORANGE|M|51654692|112036016802|1|249000|249000|0|0|0|0|0|0|249000|01006|707|2
07-03-2025|07-03-2025|951195|"KASIH KARUNIA SEJATI PT.-951195"|677|"Grage MAL Cirebon"|"T-SHIRT BASIC"|"EMBA JEANS"|"MEN YOUNG CASUAL"|"EMBA JEANS"|"MEN DENIM"|ORANGE|M|51654692|112036016802|1|249000|249000|0|0|0|0|0|0|249000|02035|9508|1
07-03-2025|07-03-2025|951195|"KASIH KARUNIA SEJATI PT.-951195"|293|"Royal Plaza TC SBY"|"T-SHIRT BASIC"|"EMBA JEANS"|"MEN YOUNG CASUAL"|"EMBA JEANS"|"MEN DENIM"|BLUE|L|51654683|103036051003|1|279000|279000|0|0|0|0|0|0|279000|02012|4157|1
07-03-2025|07-03-2025|951195|"KASIH KARUNIA SEJATI PT.-951195"|255|"Malang Town Sq TC"|"T-SHIRT BASIC"|"EMBA JEANS"|"MEN YOUNG CASUAL"|"EMBA JEANS"|"MEN DENIM"|BLUE|L|51654683|103036051003|1|279000|279000|0|0|0|0|0|0|279000|01003|9633|1
07-03-2025|07-03-2025|951195|"KASIH KARUNIA SEJATI PT.-951195"|376|"Mitra Malang HS"|"T-SHIRT BASIC"|"EMBA JEANS"|"MEN YOUNG CASUAL"|"EMBA JEANS"|"MEN DENIM"|BLUE|32|51654665|618045011532|1|369000|369000|0|0|0|0|0|0|369000|03023|3602|2
07-03-2025|07-03-2025|951195|"KASIH KARUNIA SEJATI PT.-951195"|539|"Solo Grand MAL"|"T-SHIRT BASIC"|"EMBA JEANS"|"MEN YOUNG CASUAL"|"EMBA JEANS"|"MEN DENIM"|BLUE|32|51654665|618045011532|1|369000|369000|0|0|0|0|0|0|369000|02013|3863|4
07-03-2025|07-03-2025|951195|"KASIH KARUNIA SEJATI PT.-951195"|227|"Sidoarjo Town Sq MAL"|"T-SHIRT BASIC"|"EMBA JEANS"|"MEN YOUNG CASUAL"|"EMBA JEANS"|"MEN DENIM"|BLUE|L|51654601|207009741003|1|199000|199000|0|0|0|0|0|0|199000|01016|2029|1
07-03-2025|07-03-2025|951195|"KASIH KARUNIA SEJATI PT.-951195"|311|"Duta MAL BJM"|"T-SHIRT BASIC"|"EMBA JEANS"|"MEN YOUNG CASUAL"|"EMBA JEANS"|"MEN DENIM"|BLACK|M|51654558|231042020202|1|219000|219000|0|0|0|0|0|0|219000|01008|6938|1
07-03-2025|07-03-2025|951195|"KASIH KARUNIA SEJATI PT.-951195"|376|"Mitra Malang HS"|"T-SHIRT BASIC"|"EMBA JEANS"|"MEN YOUNG CASUAL"|"EMBA JEANS"|"MEN DENIM"|BLUE|XL|51654530|103036051004|1|279000|279000|0|0|0|0|0|0|279000|03022|3481|1
07-03-2025|07-03-2025|951195|"KASIH KARUNIA SEJATI PT.-951195"|536|"Kudus BZR"|"T-SHIRT BASIC"|"EMBA JEANS"|"MEN YOUNG CASUAL"|"EMBA JEANS"|"MEN DENIM"|BLUE|XL|51654530|103036051004|1|279000|279000|0|0|0|0|0|0|279000|01003|710|5
07-03-2025|07-03-2025|951195|"KASIH KARUNIA SEJATI PT.-951195"|804|"Matahari HS PWT"|"T-SHIRT BASIC"|"EMBA JEANS"|"MEN YOUNG CASUAL"|"EMBA JEANS"|"MEN DENIM"|BLUE|34|51654478|618045011534|1|369000|369000|0|0|0|0|0|0|369000|01001|7279|6
07-03-2025|07-03-2025|951195|"KASIH KARUNIA SEJATI PT.-951195"|334|"OPI MAL Palembang"|"T-SHIRT BASIC"|"EMBA JEANS"|"MEN YOUNG CASUAL"|"EMBA JEANS"|"MEN DENIM"|WHITE|XL|51654450|132049010104|1|329000|329000|0|0|0|0|0|0|329000|01005|7540|1
07-03-2025|07-03-2025|951195|"KASIH KARUNIA SEJATI PT.-951195"|334|"OPI MAL Palembang"|"T-SHIRT BASIC"|"EMBA JEANS"|"MEN YOUNG CASUAL"|"EMBA JEANS"|"MEN DENIM"|WHITE|XL|51654450|132049010104|1|329000|329000|0|0|0|0|0|0|329000|01008|7477|1
07-03-2025|07-03-2025|951195|"KASIH KARUNIA SEJATI PT.-951195"|655|"Millennium Mall JKT"|"T-SHIRT BASIC"|"EMBA JEANS"|"MEN YOUNG CASUAL"|"EMBA JEANS"|"MEN DENIM"|WHITE|XL|51654450|132049010104|1|329000|329000|0|0|0|0|0|0|329000|03018|3159|1
07-03-2025|07-03-2025|951195|"KASIH KARUNIA SEJATI PT.-951195"|553|"Thamrin PLZ MAL MDN"|"T-SHIRT BASIC"|"EMBA JEANS"|"MEN YOUNG CASUAL"|"EMBA JEANS"|"MEN DENIM"|WHITE|XL|51654450|132049010104|1|329000|329000|0|0|0|0|0|0|329000|04014|8228|1
07-03-2025|07-03-2025|951195|"KASIH KARUNIA SEJATI PT.-951195"|392|"Pacific MAL Tegal"|"T-SHIRT BASIC"|"EMBA JEANS"|"MEN YOUNG CASUAL"|"EMBA JEANS"|"MEN DENIM"|YELLOW|XL|51654405|112035101704|1|269000|269000|0|0|0|0|0|0|269000|01008|3031|4
07-03-2025|07-03-2025|951195|"KASIH KARUNIA SEJATI PT.-951195"|294|"Jogja City MAL"|"T-SHIRT BASIC"|"EMBA JEANS"|"MEN YOUNG CASUAL"|"EMBA JEANS"|"MEN DENIM"|"NAVY BLUE"|29|51654389|618045013829|1|369000|369000|0|0|0|0|0|0|369000|01005|9316|6
07-03-2025|07-03-2025|951195|"KASIH KARUNIA SEJATI PT.-951195"|333|"Manado Town Sq MAL"|"T-SHIRT BASIC"|"EMBA JEANS"|"MEN YOUNG CASUAL"|"EMBA JEANS"|"MEN DENIM"|YELLOW|M|51654316|112032014902|1|249000|249000|0|0|0|0|0|0|249000|01003|9065|2
07-03-2025|07-03-2025|951195|"KASIH KARUNIA SEJATI PT.-951195"|334|"OPI MAL Palembang"|"T-SHIRT BASIC"|"EMBA JEANS"|"MEN YOUNG CASUAL"|"EMBA JEANS"|"MEN DENIM"|KHAKI|XL|51654307|103036050304|1|279000|279000|0|0|0|0|0|0|279000|01055|7612|1
07-03-2025|07-03-2025|951195|"KASIH KARUNIA SEJATI PT.-951195"|539|"Solo Grand MAL"|"T-SHIRT BASIC"|"EMBA JEANS"|"MEN YOUNG CASUAL"|"EMBA JEANS"|"MEN DENIM"|WHITE|L|51654272|103036050103|1|279000|279000|0|0|0|0|0|0|279000|02013|3863|3
07-03-2025|07-03-2025|951195|"KASIH KARUNIA SEJATI PT.-951195"|273|"SKA MAL Pekanbaru"|"T-SHIRT BASIC"|"EMBA JEANS"|"MEN YOUNG CASUAL"|"EMBA JEANS"|"MEN DENIM"|"NAVY BLUE"|M|51654209|102085019202|1|279000|279000|0|0|0|0|0|0|279000|03027|6768|2
07-03-2025|07-03-2025|951195|"KASIH KARUNIA SEJATI PT.-951195"|653|"Lippo MAL Cikarang"|"T-SHIRT BASIC"|"EMBA JEANS"|"MEN YOUNG CASUAL"|"EMBA JEANS"|"MEN DENIM"|"NAVY BLUE"|M|51654209|102085019202|1|279000|279000|0|0|0|0|0|0|279000|90204|5087|4
07-03-2025|07-03-2025|951195|"KASIH KARUNIA SEJATI PT.-951195"|294|"Jogja City MAL"|"T-SHIRT BASIC"|"EMBA JEANS"|"MEN YOUNG CASUAL"|"EMBA JEANS"|"MEN DENIM"|BLUE|31|51654183|618045011531|1|369000|369000|0|0|0|0|0|0|369000|02009|9032|1
07-03-2025|07-03-2025|951195|"KASIH KARUNIA SEJATI PT.-951195"|267|"Ciputra MAL PBR"|"T-SHIRT BASIC"|"EMBA JEANS"|"MEN YOUNG CASUAL"|"EMBA JEANS"|"MEN DENIM"|"NAVY BLUE"|L|51654138|112036019203|1|249000|249000|0|0|0|0|0|0|249000|03073|5131|7
07-03-2025|06-03-2025|951195|"KASIH KARUNIA SEJATI PT.-951195"|369|"Plaza Aceh MAL BNA"|"T-SHIRT BASIC"|"EMBA JEANS"|"MEN YOUNG CASUAL"|"EMBA JEANS"|"MEN DENIM"|"NAVY BLUE"|L|51654138|112036019203|1|249000|249000|0|0|0|0|0|0|249000|02041|6904|1
07-03-2025|07-03-2025|951195|"KASIH KARUNIA SEJATI PT.-951195"|536|"Kudus BZR"|"T-SHIRT BASIC"|"EMBA JEANS"|"MEN YOUNG CASUAL"|"EMBA JEANS"|"MEN DENIM"|BLACK|30|51654101|633311013230|1|299000|299000|0|0|0|0|0|0|299000|01006|707|6
07-03-2025|07-03-2025|951195|"KASIH KARUNIA SEJATI PT.-951195"|412|"CITIMALL BONTANG"|"T-SHIRT BASIC"|"EMBA JEANS"|"MEN YOUNG CASUAL"|"EMBA JEANS"|"MEN DENIM"|BLACK|M|51654085|207009680202|1|199000|199000|0|0|0|0|0|0|199000|01004|6693|4
07-03-2025|07-03-2025|951195|"KASIH KARUNIA SEJATI PT.-951195"|413|"Kediri Town Sq MAL"|"T-SHIRT BASIC"|"EMBA JEANS"|"MEN YOUNG CASUAL"|"EMBA JEANS"|"MEN DENIM"|KHAKI|M|51654012|122074014402|1|249000|249000|0|0|0|0|0|0|249000|01007|8929|3
07-03-2025|07-03-2025|951195|"KASIH KARUNIA SEJATI PT.-951195"|221|"Panakkukang MAL MKS"|"T-SHIRT BASIC"|"EMBA JEANS"|"MEN YOUNG CASUAL"|"EMBA JEANS"|"MEN DENIM"|ORANGE|M|51653942|103085016802|1|299000|299000|0|0|0|0|0|0|299000|02017|9619|2
07-03-2025|07-03-2025|951195|"KASIH KARUNIA SEJATI PT.-951195"|381|"Singosaren MAL Solo"|"T-SHIRT BASIC"|"EMBA JEANS"|"MEN YOUNG CASUAL"|"EMBA JEANS"|"MEN DENIM"|ORANGE|M|51653942|103085016802|1|299000|299000|0|0|0|0|0|0|299000|01017|9428|1
07-03-2025|07-03-2025|951195|"KASIH KARUNIA SEJATI PT.-951195"|523|"Tunjungan MAL SBY"|"T-SHIRT BASIC"|"EMBA JEANS"|"MEN YOUNG CASUAL"|"EMBA JEANS"|"MEN DENIM"|ORANGE|M|51653942|103085016802|1|299000|299000|0|0|0|0|0|0|299000|04046|372|1
07-03-2025|07-03-2025|951195|"KASIH KARUNIA SEJATI PT.-951195"|453|"Supermal Karawaci"|"T-SHIRT BASIC"|"EMBA JEANS"|"MEN YOUNG CASUAL"|"EMBA JEANS"|"MEN DENIM"|"NAVY BLUE"|32|51653906|618045013832|1|369000|369000|0|0|0|0|0|0|369000|02002|7380|2
07-03-2025|07-03-2025|951195|"KASIH KARUNIA SEJATI PT.-951195"|413|"Kediri Town Sq MAL"|"T-SHIRT BASIC"|"EMBA JEANS"|"MEN YOUNG CASUAL"|"EMBA JEANS"|"MEN DENIM"|WHITE|M|51653899|103085010102|1|299000|299000|0|0|0|0|0|0|299000|01001|8945|6
07-03-2025|07-03-2025|951195|"KASIH KARUNIA SEJATI PT.-951195"|453|"Supermal Karawaci"|"T-SHIRT BASIC"|"EMBA JEANS"|"MEN YOUNG CASUAL"|"EMBA JEANS"|"MEN DENIM"|WHITE|M|51653899|103085010102|1|299000|299000|0|0|0|0|0|0|299000|02019|7686|1
07-03-2025|07-03-2025|951195|"KASIH KARUNIA SEJATI PT.-951195"|381|"Singosaren MAL Solo"|"T-SHIRT BASIC"|"EMBA JEANS"|"MEN YOUNG CASUAL"|"EMBA JEANS"|"MEN DENIM"|ORANGE|L|51653880|103085016803|1|299000|299000|0|0|0|0|0|0|299000|01017|9428|2
07-03-2025|07-03-2025|951195|"KASIH KARUNIA SEJATI PT.-951195"|249|"Pakuwon Mall Solo"|"T-SHIRT BASIC"|"EMBA JEANS"|"MEN YOUNG CASUAL"|"EMBA JEANS"|"MEN DENIM"|"NAVY BLUE"|L|51653853|102085019203|1|279000|279000|0|0|0|0|0|0|279000|02021|9434|2
07-03-2025|07-03-2025|951195|"KASIH KARUNIA SEJATI PT.-951195"|273|"SKA MAL Pekanbaru"|"T-SHIRT BASIC"|"EMBA JEANS"|"MEN YOUNG CASUAL"|"EMBA JEANS"|"MEN DENIM"|"NAVY BLUE"|L|51653853|102085019203|1|279000|279000|0|0|0|0|0|0|279000|03030|7243|3
07-03-2025|07-03-2025|951195|"KASIH KARUNIA SEJATI PT.-951195"|345|"Central PLZ MAL BDL"|"T-SHIRT BASIC"|"EMBA JEANS"|"MEN YOUNG CASUAL"|"EMBA JEANS"|"MEN DENIM"|"NAVY BLUE"|L|51653853|102085019203|2|279000|558000|0|0|0|0|0|0|558000|02031|7527|1
07-03-2025|07-03-2025|951195|"KASIH KARUNIA SEJATI PT.-951195"|273|"SKA MAL Pekanbaru"|"T-SHIRT BASIC"|"EMBA JEANS"|"MEN YOUNG CASUAL"|"EMBA JEANS"|"MEN DENIM"|"NAVY BLUE"|XL|51653844|112036019204|1|249000|249000|0|0|0|0|0|0|249000|03034|7167|4
07-03-2025|07-03-2025|951195|"KASIH KARUNIA SEJATI PT.-951195"|553|"Thamrin PLZ MAL MDN"|"T-SHIRT BASIC"|"EMBA JEANS"|"MEN YOUNG CASUAL"|"EMBA JEANS"|"MEN DENIM"|WHITE|L|51653773|132049010103|1|329000|329000|0|0|0|0|0|0|329000|04017|8164|2
07-03-2025|07-03-2025|951195|"KASIH KARUNIA SEJATI PT.-951195"|254|"Cibinong MAL BGR"|"T-SHIRT BASIC"|"EMBA JEANS"|"MEN YOUNG CASUAL"|"EMBA JEANS"|"MEN DENIM"|BLUE|L|51653764|131049011003|2|299000|598000|0|0|0|0|0|0|598000|02071|8208|1
07-03-2025|07-03-2025|951195|"KASIH KARUNIA SEJATI PT.-951195"|303|"Solo Square MAL"|"T-SHIRT BASIC"|"EMBA JEANS"|"MEN YOUNG CASUAL"|"EMBA JEANS"|"MEN DENIM"|BLUE|L|51653764|131049011003|1|299000|299000|0|0|0|0|0|0|299000|02010|1847|1
07-03-2025|07-03-2025|951195|"KASIH KARUNIA SEJATI PT.-951195"|227|"Sidoarjo Town Sq MAL"|"T-SHIRT BASIC"|"EMBA JEANS"|"MEN YOUNG CASUAL"|"EMBA JEANS"|"MEN DENIM"|WHITE|L|51653746|102085010103|1|279000|279000|0|0|0|0|0|0|279000|01016|2019|5
07-03-2025|07-03-2025|951195|"KASIH KARUNIA SEJATI PT.-951195"|334|"OPI MAL Palembang"|"T-SHIRT BASIC"|"EMBA JEANS"|"MEN YOUNG CASUAL"|"EMBA JEANS"|"MEN DENIM"|WHITE|L|51653746|102085010103|1|279000|279000|0|0|0|0|0|0|279000|01007|7792|1
07-03-2025|07-03-2025|951195|"KASIH KARUNIA SEJATI PT.-951195"|453|"Supermal Karawaci"|"T-SHIRT BASIC"|"EMBA JEANS"|"MEN YOUNG CASUAL"|"EMBA JEANS"|"MEN DENIM"|WHITE|L|51653746|102085010103|1|279000|279000|0|0|0|0|0|0|279000|02057|7189|1
07-03-2025|07-03-2025|951195|"KASIH KARUNIA SEJATI PT.-951195"|392|"Pacific MAL Tegal"|"T-SHIRT BASIC"|"EMBA JEANS"|"MEN YOUNG CASUAL"|"EMBA JEANS"|"MEN DENIM"|BLUE|38|51653728|618045011538|1|369000|369000|0|0|0|0|0|0|369000|01008|3088|1
07-03-2025|07-03-2025|951195|"KASIH KARUNIA SEJATI PT.-951195"|387|"Manhattan MAL Medan"|"T-SHIRT BASIC"|"EMBA JEANS"|"MEN YOUNG CASUAL"|"EMBA JEANS"|"MEN DENIM"|BLUE|29|51653719|618045011529|1|369000|369000|0|0|0|0|0|0|369000|03067|1151|3
07-03-2025|07-03-2025|951195|"KASIH KARUNIA SEJATI PT.-951195"|536|"Kudus BZR"|"T-SHIRT BASIC"|"EMBA JEANS"|"MEN YOUNG CASUAL"|"EMBA JEANS"|"MEN DENIM"|GREY|XL|51653693|102085014004|1|279000|279000|0|0|0|0|0|0|279000|01009|303|3
07-03-2025|07-03-2025|951195|"KASIH KARUNIA SEJATI PT.-951195"|453|"Supermal Karawaci"|"T-SHIRT BASIC"|"EMBA JEANS"|"MEN YOUNG CASUAL"|"EMBA JEANS"|"MEN DENIM"|KHAKI|38|51653675|616231010338|1|290000|290000|0|0|0|0|0|0|290000|02050|7050|3
07-03-2025|07-03-2025|951195|"KASIH KARUNIA SEJATI PT.-951195"|263|"Mega Mall TC Manado"|"T-SHIRT BASIC"|"EMBA JEANS"|"MEN YOUNG CASUAL"|"EMBA JEANS"|"MEN DENIM"|GREY|M|51653577|102085014002|1|279000|279000|0|0|0|0|0|0|279000|02014|3723|1
07-03-2025|07-03-2025|951195|"KASIH KARUNIA SEJATI PT.-951195"|263|"Mega Mall TC Manado"|"T-SHIRT BASIC"|"EMBA JEANS"|"MEN YOUNG CASUAL"|"EMBA JEANS"|"MEN DENIM"|GREY|M|51653577|102085014002|1|279000|279000|0|0|0|0|0|0|279000|02014|3630|3
07-03-2025|07-03-2025|951195|"KASIH KARUNIA SEJATI PT.-951195"|338|"Palembang Square MAL"|"T-SHIRT BASIC"|"EMBA JEANS"|"MEN YOUNG CASUAL"|"EMBA JEANS"|"MEN DENIM"|GREY|M|51653577|102085014002|1|279000|279000|0|0|0|0|0|0|279000|01022|9658|1
07-03-2025|07-03-2025|951195|"KASIH KARUNIA SEJATI PT.-951195"|697|"Plaza Pekalongan MAL"|"T-SHIRT BASIC"|"EMBA JEANS"|"MEN YOUNG CASUAL"|"EMBA JEANS"|"MEN DENIM"|GREY|M|51653577|102085014002|1|279000|279000|0|0|0|0|0|0|279000|01013|98|1
07-03-2025|07-03-2025|951195|"KASIH KARUNIA SEJATI PT.-951195"|697|"Plaza Pekalongan MAL"|"T-SHIRT BASIC"|"EMBA JEANS"|"MEN YOUNG CASUAL"|"EMBA JEANS"|"MEN DENIM"|BLUE|36|51653559|618045011536|1|369000|369000|0|0|0|0|0|0|369000|01016|9368|2
07-03-2025|07-03-2025|951195|"KASIH KARUNIA SEJATI PT.-951195"|273|"SKA MAL Pekanbaru"|"T-SHIRT BASIC"|"EMBA JEANS"|"MEN YOUNG CASUAL"|"EMBA JEANS"|"MEN DENIM"|WHITE|XL|51653531|103085010104|1|299000|299000|0|0|0|0|0|0|299000|03060|7550|1
07-03-2025|07-03-2025|951195|"KASIH KARUNIA SEJATI PT.-951195"|311|"Duta MAL BJM"|"T-SHIRT BASIC"|"EMBA JEANS"|"MEN YOUNG CASUAL"|"EMBA JEANS"|"MEN DENIM"|WHITE|XL|51653531|103085010104|1|299000|299000|0|0|0|0|0|0|299000|01008|7011|1
07-03-2025|07-03-2025|951195|"KASIH KARUNIA SEJATI PT.-951195"|536|"Kudus BZR"|"T-SHIRT BASIC"|"EMBA JEANS"|"MEN YOUNG CASUAL"|"EMBA JEANS"|"MEN DENIM"|WHITE|XL|51653531|103085010104|1|299000|299000|0|0|0|0|0|0|299000|01001|383|2
07-03-2025|07-03-2025|951195|"KASIH KARUNIA SEJATI PT.-951195"|227|"Sidoarjo Town Sq MAL"|"T-SHIRT BASIC"|"EMBA JEANS"|"MEN YOUNG CASUAL"|"EMBA JEANS"|"MEN DENIM"|WHITE|M|50340442|102036070102|1|249000|249000|0|0|0|0|0|0|249000|01020|2021|7
07-03-2025|07-03-2025|951195|"KASIH KARUNIA SEJATI PT.-951195"|263|"Mega Mall TC Manado"|"T-SHIRT BASIC"|"EMBA JEANS"|"MEN YOUNG CASUAL"|"EMBA JEANS"|"MEN DENIM"|WHITE|M|50340442|102036070102|1|249000|249000|0|0|0|0|0|0|249000|02014|3723|3
07-03-2025|07-03-2025|951195|"KASIH KARUNIA SEJATI PT.-951195"|536|"Kudus BZR"|"T-SHIRT BASIC"|"EMBA JEANS"|"MEN YOUNG CASUAL"|"EMBA JEANS"|"MEN DENIM"|WHITE|M|50340442|102036070102|1|249000|249000|0|0|0|0|0|0|249000|01011|709|1
07-03-2025|07-03-2025|951195|"KASIH KARUNIA SEJATI PT.-951195"|296|"Serang MAL"|"T-SHIRT BASIC"|"EMBA JEANS"|"MEN YOUNG CASUAL"|"EMBA JEANS"|"MEN DENIM"|"NAVY BLUE"|32|50340335|616181039932|1|299000|299000|0|0|0|0|0|0|299000|02028|3740|1
07-03-2025|07-03-2025|951195|"KASIH KARUNIA SEJATI PT.-951195"|352|"Sunrise MAL MJK"|"T-SHIRT BASIC"|"EMBA JEANS"|"MEN YOUNG CASUAL"|"EMBA JEANS"|"MEN DENIM"|ORANGE|M|50340326|102058056802|1|229000|229000|0|0|0|0|0|0|229000|02027|6166|4
07-03-2025|07-03-2025|951195|"KASIH KARUNIA SEJATI PT.-951195"|536|"Kudus BZR"|"T-SHIRT BASIC"|"EMBA JEANS"|"MEN YOUNG CASUAL"|"EMBA JEANS"|"MEN DENIM"|ORANGE|M|50340326|102058056802|1|229000|229000|0|0|0|0|0|0|229000|01006|707|1
07-03-2025|07-03-2025|951195|"KASIH KARUNIA SEJATI PT.-951195"|653|"Lippo MAL Cikarang"|"T-SHIRT BASIC"|"EMBA JEANS"|"MEN YOUNG CASUAL"|"EMBA JEANS"|"MEN DENIM"|ORANGE|M|50340326|102058056802|1|229000|229000|0|0|0|0|0|0|229000|90204|5087|10
07-03-2025|07-03-2025|951195|"KASIH KARUNIA SEJATI PT.-951195"|294|"Jogja City MAL"|"T-SHIRT BASIC"|"EMBA JEANS"|"MEN YOUNG CASUAL"|"EMBA JEANS"|"MEN DENIM"|ORANGE|M|50340317|102036076802|1|249000|249000|0|0|0|0|0|0|249000|02008|9072|2
07-03-2025|07-03-2025|951195|"KASIH KARUNIA SEJATI PT.-951195"|537|"Johar Plaza TC JMR"|"T-SHIRT BASIC"|"EMBA JEANS"|"MEN YOUNG CASUAL"|"EMBA JEANS"|"MEN DENIM"|ORANGE|M|50340317|102036076802|1|249000|249000|0|0|0|0|0|0|249000|02007|5829|1
07-03-2025|07-03-2025|951195|"KASIH KARUNIA SEJATI PT.-951195"|326|"Lippo PLZ MAL Jember"|"T-SHIRT BASIC"|"EMBA JEANS"|"MEN YOUNG CASUAL"|"EMBA JEANS"|"MEN DENIM"|KHAKI|L|50340308|103058030303|1|249000|249000|0|0|0|0|0|0|249000|03010|718|3
07-03-2025|07-03-2025|951195|"KASIH KARUNIA SEJATI PT.-951195"|326|"Lippo PLZ MAL Jember"|"T-SHIRT BASIC"|"EMBA JEANS"|"MEN YOUNG CASUAL"|"EMBA JEANS"|"MEN DENIM"|KHAKI|XL|50340291|102036070304|1|249000|249000|0|0|0|0|0|0|249000|03010|718|2
07-03-2025|07-03-2025|951195|"KASIH KARUNIA SEJATI PT.-951195"|293|"Royal Plaza TC SBY"|"T-SHIRT BASIC"|"EMBA JEANS"|"MEN YOUNG CASUAL"|"EMBA JEANS"|"MEN DENIM"|BLACK|31|50340273|616309033831|1|299000|299000|0|0|0|0|0|0|299000|02011|4884|1
07-03-2025|07-03-2025|951195|"KASIH KARUNIA SEJATI PT.-951195"|571|"Ciputra MAL Jakarta"|"T-SHIRT BASIC"|"EMBA JEANS"|"MEN YOUNG CASUAL"|"EMBA JEANS"|"MEN DENIM"|BLACK|31|50340273|616309033831|1|299000|299000|0|0|0|0|0|0|299000|03027|3240|1
07-03-2025|07-03-2025|951195|"KASIH KARUNIA SEJATI PT.-951195"|473|"Gress MAL Gresik"|"T-SHIRT BASIC"|"EMBA JEANS"|"MEN YOUNG CASUAL"|"EMBA JEANS"|"MEN DENIM"|WHITE|M|50340264|102058050102|1|229000|229000|0|0|0|0|0|0|229000|02025|7657|1
07-03-2025|07-03-2025|951195|"KASIH KARUNIA SEJATI PT.-951195"|293|"Royal Plaza TC SBY"|"T-SHIRT BASIC"|"EMBA JEANS"|"MEN YOUNG CASUAL"|"EMBA JEANS"|"MEN DENIM"|BLACK|XL|50340246|102058050204|1|229000|229000|0|0|0|0|0|0|229000|02012|4276|1
07-03-2025|07-03-2025|951195|"KASIH KARUNIA SEJATI PT.-951195"|376|"Mitra Malang HS"|"T-SHIRT BASIC"|"EMBA JEANS"|"MEN YOUNG CASUAL"|"EMBA JEANS"|"MEN DENIM"|BLACK|XL|50340246|102058050204|1|229000|229000|0|0|0|0|0|0|229000|03025|4138|1
07-03-2025|07-03-2025|951195|"KASIH KARUNIA SEJATI PT.-951195"|221|"Panakkukang MAL MKS"|"T-SHIRT BASIC"|"EMBA JEANS"|"MEN YOUNG CASUAL"|"EMBA JEANS"|"MEN DENIM"|"NAVY BLUE"|32|50340228|618182033832|1|270000|270000|0|0|0|0|0|0|270000|02048|9536|1
07-03-2025|07-03-2025|951195|"KASIH KARUNIA SEJATI PT.-951195"|392|"Pacific MAL Tegal"|"T-SHIRT BASIC"|"EMBA JEANS"|"MEN YOUNG CASUAL"|"EMBA JEANS"|"MEN DENIM"|BLACK|M|50340219|102058050202|1|229000|229000|0|0|0|0|0|0|229000|01006|3081|1
07-03-2025|07-03-2025|951195|"KASIH KARUNIA SEJATI PT.-951195"|294|"Jogja City MAL"|"T-SHIRT BASIC"|"EMBA JEANS"|"MEN YOUNG CASUAL"|"EMBA JEANS"|"MEN DENIM"|ORANGE|L|50340175|102058056803|1|229000|229000|0|0|0|0|0|0|229000|02007|9009|2
07-03-2025|07-03-2025|951195|"KASIH KARUNIA SEJATI PT.-951195"|303|"Solo Square MAL"|"T-SHIRT BASIC"|"EMBA JEANS"|"MEN YOUNG CASUAL"|"EMBA JEANS"|"MEN DENIM"|ORANGE|L|50340175|102058056803|1|229000|229000|0|0|0|0|0|0|229000|01003|1734|1
07-03-2025|07-03-2025|951195|"KASIH KARUNIA SEJATI PT.-951195"|523|"Tunjungan MAL SBY"|"T-SHIRT BASIC"|"EMBA JEANS"|"MEN YOUNG CASUAL"|"EMBA JEANS"|"MEN DENIM"|"NAVY BLUE"|29|50340148|618182033829|1|270000|270000|0|0|0|0|0|0|270000|04044|176|4
07-03-2025|07-03-2025|951195|"KASIH KARUNIA SEJATI PT.-951195"|221|"Panakkukang MAL MKS"|"T-SHIRT BASIC"|"EMBA JEANS"|"MEN YOUNG CASUAL"|"EMBA JEANS"|"MEN DENIM"|"NAVY BLUE"|30|50340111|618182033830|1|270000|270000|0|0|0|0|0|0|270000|01001|821|9
07-03-2025|07-03-2025|951195|"KASIH KARUNIA SEJATI PT.-951195"|284|"Q MAL Banjarbaru"|"T-SHIRT BASIC"|"EMBA JEANS"|"MEN YOUNG CASUAL"|"EMBA JEANS"|"MEN DENIM"|ORANGE|XL|50340086|102068016804|1|269000|269000|0|0|0|0|0|0|269000|01034|5474|5
07-03-2025|07-03-2025|951195|"KASIH KARUNIA SEJATI PT.-951195"|305|"Nagoya Hill TC Batam"|"T-SHIRT BASIC"|"EMBA JEANS"|"MEN YOUNG CASUAL"|"EMBA JEANS"|"MEN DENIM"|WHITE|L|50340022|102058050103|1|229000|229000|0|0|0|0|0|0|229000|02017|2851|1
07-03-2025|07-03-2025|951195|"KASIH KARUNIA SEJATI PT.-951195"|312|"Lippo PLZ MAL Jambi"|"T-SHIRT BASIC"|"EMBA JEANS"|"MEN YOUNG CASUAL"|"EMBA JEANS"|"MEN DENIM"|WHITE|L|50340022|102058050103|1|229000|229000|0|0|0|0|0|0|229000|01011|5775|1
07-03-2025|07-03-2025|951195|"KASIH KARUNIA SEJATI PT.-951195"|261|"Plaza Medan Fair TC"|"T-SHIRT BASIC"|"EMBA JEANS"|"MEN YOUNG CASUAL"|"EMBA JEANS"|"MEN DENIM"|BLACK|34|50339936|616309033834|1|299000|299000|0|0|0|0|0|0|299000|80133|8977|3
07-03-2025|07-03-2025|951195|"KASIH KARUNIA SEJATI PT.-951195"|381|"Singosaren MAL Solo"|"T-SHIRT BASIC"|"EMBA JEANS"|"MEN YOUNG CASUAL"|"EMBA JEANS"|"MEN DENIM"|"NAVY BLUE"|27|50339909|618182033827|1|270000|270000|0|0|0|0|0|0|270000|01021|9171|1
07-03-2025|07-03-2025|951195|"KASIH KARUNIA SEJATI PT.-951195"|314|"Epicentrum MAL MTR"|"T-SHIRT BASIC"|"EMBA JEANS"|"MEN YOUNG CASUAL"|"EMBA JEANS"|"MEN DENIM"|WHITE|XL|50339883|102036070104|1|249000|249000|0|0|0|0|0|0|249000|02011|2618|1
07-03-2025|07-03-2025|951195|"KASIH KARUNIA SEJATI PT.-951195"|677|"Grage MAL Cirebon"|"T-SHIRT BASIC"|"EMBA JEANS"|"MEN YOUNG CASUAL"|"EMBA JEANS"|"MEN DENIM"|YELLOW|XL|50339865|102058054904|1|229000|229000|0|0|0|0|0|0|229000|02049|9682|1
07-03-2025|07-03-2025|951195|"KASIH KARUNIA SEJATI PT.-951195"|227|"Sidoarjo Town Sq MAL"|"T-SHIRT BASIC"|"EMBA JEANS"|"MEN YOUNG CASUAL"|"EMBA JEANS"|"MEN DENIM"|WHITE|L|50339856|102036070103|1|249000|249000|0|0|0|0|0|0|249000|01020|2021|6
07-03-2025|07-03-2025|951195|"KASIH KARUNIA SEJATI PT.-951195"|473|"Gress MAL Gresik"|"T-SHIRT BASIC"|"EMBA JEANS"|"MEN YOUNG CASUAL"|"EMBA JEANS"|"MEN DENIM"|WHITE|L|50339856|102036070103|2|249000|498000|0|0|0|0|0|0|498000|02025|7728|1
07-03-2025|07-03-2025|951195|"KASIH KARUNIA SEJATI PT.-951195"|645|"Medan MAL"|"T-SHIRT BASIC"|"EMBA JEANS"|"MEN YOUNG CASUAL"|"EMBA JEANS"|"MEN DENIM"|WHITE|L|50339856|102036070103|1|249000|249000|0|0|0|0|0|0|249000|01004|9664|4
07-03-2025|07-03-2025|951195|"KASIH KARUNIA SEJATI PT.-951195"|453|"Supermal Karawaci"|"T-SHIRT BASIC"|"EMBA JEANS"|"MEN YOUNG CASUAL"|"EMBA JEANS"|"MEN DENIM"|WHITE|M|50339838|103058030102|1|249000|249000|0|0|0|0|0|0|249000|80102|5505|3
07-03-2025|07-03-2025|951195|"KASIH KARUNIA SEJATI PT.-951195"|673|"Daan Mogot MAL JKT"|"T-SHIRT BASIC"|"EMBA JEANS"|"MEN YOUNG CASUAL"|"EMBA JEANS"|"MEN DENIM"|"NAVY BLUE"|34|50339776|616181039934|1|299000|299000|0|0|0|0|0|0|299000|01003|4394|1
07-03-2025|07-03-2025|951195|"KASIH KARUNIA SEJATI PT.-951195"|261|"Plaza Medan Fair TC"|"T-SHIRT BASIC"|"EMBA JEANS"|"MEN YOUNG CASUAL"|"EMBA JEANS"|"MEN DENIM"|BROWN|34|16323025|620231022734|1|290000|290000|0|0|0|0|0|0|290000|80135|1780|2
07-03-2025|07-03-2025|951195|"KASIH KARUNIA SEJATI PT.-951195"|333|"Manado Town Sq MAL"|"T-SHIRT BASIC"|"EMBA JEANS"|"MEN YOUNG CASUAL"|"EMBA JEANS"|"MEN DENIM"|BROWN|38|16322964|620231022738|1|290000|290000|0|0|0|0|0|0|290000|91172|1696|2
07-03-2025|07-03-2025|951195|"KASIH KARUNIA SEJATI PT.-951195"|677|"Grage MAL Cirebon"|"T-SHIRT BASIC"|"EMBA JEANS"|"MEN YOUNG CASUAL"|"EMBA JEANS"|"MEN DENIM"|GREY|"NO SIZE"|16322795|302162021100|1|199000|199000|59700|0|0|0|0|30|139300|02011|9947|1
07-03-2025|07-03-2025|951195|"KASIH KARUNIA SEJATI PT.-951195"|293|"Royal Plaza TC SBY"|"T-SHIRT BASIC"|"EMBA JEANS"|"MEN YOUNG CASUAL"|"EMBA JEANS"|"MEN DENIM"|GREY|29|16322722|620231011129|1|290000|290000|0|0|0|0|0|0|290000|82222|7149|1
07-03-2025|07-03-2025|951195|"KASIH KARUNIA SEJATI PT.-951195"|296|"Serang MAL"|"T-SHIRT BASIC"|"EMBA JEANS"|"MEN YOUNG CASUAL"|"EMBA JEANS"|"MEN DENIM"|GREY|29|16322722|620231011129|1|290000|290000|0|0|0|0|0|0|290000|80293|3519|3
07-03-2025|07-03-2025|951195|"KASIH KARUNIA SEJATI PT.-951195"|537|"Johar Plaza TC JMR"|"T-SHIRT BASIC"|"EMBA JEANS"|"MEN YOUNG CASUAL"|"EMBA JEANS"|"MEN DENIM"|BROWN|30|16322615|620231012730|1|290000|290000|0|0|0|0|0|0|290000|02007|6264|3
07-03-2025|07-03-2025|951195|"KASIH KARUNIA SEJATI PT.-951195"|303|"Solo Square MAL"|"T-SHIRT BASIC"|"EMBA JEANS"|"MEN YOUNG CASUAL"|"EMBA JEANS"|"MEN DENIM"|BROWN|32|16322571|620231012732|1|290000|290000|0|0|0|0|0|0|290000|01006|1406|3
07-03-2025|07-03-2025|951195|"KASIH KARUNIA SEJATI PT.-951195"|314|"Epicentrum MAL MTR"|"T-SHIRT BASIC"|"EMBA JEANS"|"MEN YOUNG CASUAL"|"EMBA JEANS"|"MEN DENIM"|BROWN|32|16322571|620231012732|1|290000|290000|0|0|0|0|0|0|290000|02017|2568|1
07-03-2025|07-03-2025|951195|"KASIH KARUNIA SEJATI PT.-951195"|254|"Cibinong MAL BGR"|"T-SHIRT BASIC"|"EMBA JEANS"|"MEN YOUNG CASUAL"|"EMBA JEANS"|"MEN DENIM"|GREY|36|16322179|620231021136|1|290000|290000|0|0|0|0|0|0|290000|80103|1315|1
07-03-2025|07-03-2025|951195|"KASIH KARUNIA SEJATI PT.-951195"|283|"Ayani Mega MAL PTK"|"T-SHIRT BASIC"|"EMBA JEANS"|"MEN YOUNG CASUAL"|"EMBA JEANS"|"MEN DENIM"|GREY|36|16322179|620231021136|1|290000|290000|0|0|0|0|0|0|290000|02011|3585|3
07-03-2025|07-03-2025|951195|"KASIH KARUNIA SEJATI PT.-951195"|523|"Tunjungan MAL SBY"|"T-SHIRT BASIC"|"EMBA JEANS"|"MEN YOUNG CASUAL"|"EMBA JEANS"|"MEN DENIM"|GREY|36|16322179|620231021136|1|290000|290000|0|0|0|0|0|0|290000|04043|87|2
07-03-2025|07-03-2025|951195|"KASIH KARUNIA SEJATI PT.-951195"|539|"Solo Grand MAL"|"T-SHIRT BASIC"|"EMBA JEANS"|"MEN YOUNG CASUAL"|"EMBA JEANS"|"MEN DENIM"|GREY|36|16322179|620231021136|1|290000|290000|0|0|0|0|0|0|290000|02031|4001|2
07-03-2025|07-03-2025|951195|"KASIH KARUNIA SEJATI PT.-951195"|653|"Lippo MAL Cikarang"|"T-SHIRT BASIC"|"EMBA JEANS"|"MEN YOUNG CASUAL"|"EMBA JEANS"|"MEN DENIM"|GREY|36|16322179|620231021136|1|290000|290000|0|0|0|0|0|0|290000|02010|8037|2
07-03-2025|07-03-2025|951195|"KASIH KARUNIA SEJATI PT.-951195"|221|"Panakkukang MAL MKS"|"T-SHIRT BASIC"|"EMBA JEANS"|"MEN YOUNG CASUAL"|"EMBA JEANS"|"MEN DENIM"|GREY|31|16322160|620231011131|1|290000|290000|0|0|0|0|0|0|290000|02020|9629|2
07-03-2025|07-03-2025|951195|"KASIH KARUNIA SEJATI PT.-951195"|677|"Grage MAL Cirebon"|"T-SHIRT BASIC"|"EMBA JEANS"|"MEN YOUNG CASUAL"|"EMBA JEANS"|"MEN DENIM"|BLACK|M|16322062|102061010202|1|429000|429000|0|214500|0|0|0|50|214500|80304|8078|2
07-03-2025|07-03-2025|951195|"KASIH KARUNIA SEJATI PT.-951195"|415|"Plaza MAL Madiun"|"T-SHIRT BASIC"|"EMBA JEANS"|"MEN YOUNG CASUAL"|"EMBA JEANS"|"MEN DENIM"|KHAKI|XL|16322008|102058030304|1|369000|369000|0|184500|0|0|0|50|184500|80201|4474|1
07-03-2025|07-03-2025|951195|"KASIH KARUNIA SEJATI PT.-951195"|553|"Thamrin PLZ MAL MDN"|"T-SHIRT BASIC"|"EMBA JEANS"|"MEN YOUNG CASUAL"|"EMBA JEANS"|"MEN DENIM"|GREY|27|16320902|620231011127|1|290000|290000|0|0|0|0|0|0|290000|04018|8211|2
07-03-2025|07-03-2025|951195|"KASIH KARUNIA SEJATI PT.-951195"|415|"Plaza MAL Madiun"|"T-SHIRT BASIC"|"EMBA JEANS"|"MEN YOUNG CASUAL"|"EMBA JEANS"|"MEN DENIM"|BLACK|XL|16320868|102063010204|1|429000|429000|214500|0|0|0|0|50|214500|02022|6214|2
07-03-2025|07-03-2025|951195|"KASIH KARUNIA SEJATI PT.-951195"|697|"Plaza Pekalongan MAL"|"T-SHIRT BASIC"|"EMBA JEANS"|"MEN YOUNG CASUAL"|"EMBA JEANS"|"MEN DENIM"|BLUE|30|16320788|617029165430|1|290000|290000|29000|0|0|0|0|10|261000|01023|9952|16
07-03-2025|07-03-2025|951195|"KASIH KARUNIA SEJATI PT.-951195"|261|"Plaza Medan Fair TC"|"T-SHIRT BASIC"|"EMBA JEANS"|"MEN YOUNG CASUAL"|"EMBA JEANS"|"MEN DENIM"|BROWN|27|16320724|620231012727|1|290000|290000|0|0|0|0|0|0|290000|01001|3821|1
07-03-2025|07-03-2025|951195|"KASIH KARUNIA SEJATI PT.-951195"|415|"Plaza MAL Madiun"|"T-SHIRT BASIC"|"EMBA JEANS"|"MEN YOUNG CASUAL"|"EMBA JEANS"|"MEN DENIM"|BROWN|27|16320724|620231012727|1|290000|290000|0|0|0|0|0|0|290000|80201|4468|1
07-03-2025|07-03-2025|951195|"KASIH KARUNIA SEJATI PT.-951195"|619|"Plasa HS Klaten"|"T-SHIRT BASIC"|"EMBA JEANS"|"MEN YOUNG CASUAL"|"EMBA JEANS"|"MEN DENIM"|BLACK|30|16199438|614182013830|1|399000|399000|119700|0|0|0|0|30|279300|02008|7573|2
07-03-2025|07-03-2025|951195|"KASIH KARUNIA SEJATI PT.-951195"|415|"Plaza MAL Madiun"|"T-SHIRT BASIC"|"EMBA JEANS"|"MEN YOUNG CASUAL"|"EMBA JEANS"|"MEN DENIM"|WHITE|M|16199278|102063010102|1|429000|429000|0|214500|0|0|0|50|214500|80201|4450|1
07-03-2025|07-03-2025|951195|"KASIH KARUNIA SEJATI PT.-951195"|473|"Gress MAL Gresik"|"T-SHIRT BASIC"|"EMBA JEANS"|"MEN YOUNG CASUAL"|"EMBA JEANS"|"MEN DENIM"|BLUE|M|15801715|102061015103|1|429000|429000|0|214500|0|0|0|50|214500|80120|457|2
07-03-2025|07-03-2025|951195|"KASIH KARUNIA SEJATI PT.-951195"|804|"Matahari HS PWT"|"T-SHIRT BASIC"|"EMBA JEANS"|"MEN YOUNG CASUAL"|"EMBA JEANS"|"MEN DENIM"|KHAKI|36|15332713|620231024436|1|290000|290000|0|0|0|0|0|0|290000|01004|7381|1
07-03-2025|07-03-2025|951195|"KASIH KARUNIA SEJATI PT.-951195"|255|"Malang Town Sq TC"|"T-SHIRT BASIC"|"EMBA JEANS"|"MEN YOUNG CASUAL"|"EMBA JEANS"|"MEN DENIM"|KHAKI|36|15332713|620231024436|1|290000|290000|0|0|0|0|0|0|290000|02014|9404|3
07-03-2025|07-03-2025|951195|"KASIH KARUNIA SEJATI PT.-951195"|402|"Uptown Mall Semarang"|"T-SHIRT BASIC"|"EMBA JEANS"|"MEN YOUNG CASUAL"|"EMBA JEANS"|"MEN DENIM"|KHAKI|34|15332642|620231020334|1|290000|290000|0|0|0|0|0|0|290000|02007|2413|1
07-03-2025|07-03-2025|951195|"KASIH KARUNIA SEJATI PT.-951195"|426|"Matahari HS TSM"|"T-SHIRT BASIC"|"EMBA JEANS"|"MEN YOUNG CASUAL"|"EMBA JEANS"|"MEN DENIM"|KHAKI|34|15332642|620231020334|1|290000|290000|0|0|0|0|0|0|290000|01005|3550|2
07-03-2025|07-03-2025|951195|"KASIH KARUNIA SEJATI PT.-951195"|503|"Matahari HS Magelang"|"T-SHIRT BASIC"|"EMBA JEANS"|"MEN YOUNG CASUAL"|"EMBA JEANS"|"MEN DENIM"|KHAKI|34|15332642|620231020334|1|290000|290000|0|0|0|0|0|0|290000|02014|95|1
07-03-2025|07-03-2025|951195|"KASIH KARUNIA SEJATI PT.-951195"|537|"Johar Plaza TC JMR"|"T-SHIRT BASIC"|"EMBA JEANS"|"MEN YOUNG CASUAL"|"EMBA JEANS"|"MEN DENIM"|KHAKI|34|15332642|620231020334|1|290000|290000|0|0|0|0|0|0|290000|02007|6005|1
07-03-2025|07-03-2025|951195|"KASIH KARUNIA SEJATI PT.-951195"|415|"Plaza MAL Madiun"|"T-SHIRT BASIC"|"EMBA JEANS"|"MEN YOUNG CASUAL"|"EMBA JEANS"|"MEN DENIM"|BLACK|36|15332571|620231020236|1|290000|290000|0|0|0|0|0|0|290000|01033|6203|3
07-03-2025|07-03-2025|951195|"KASIH KARUNIA SEJATI PT.-951195"|263|"Mega Mall TC Manado"|"T-SHIRT BASIC"|"EMBA JEANS"|"MEN YOUNG CASUAL"|"EMBA JEANS"|"MEN DENIM"|KHAKI|34|15332491|620231024434|1|290000|290000|0|0|0|0|0|0|290000|02012|3461|1
07-03-2025|07-03-2025|951195|"KASIH KARUNIA SEJATI PT.-951195"|334|"OPI MAL Palembang"|"T-SHIRT BASIC"|"EMBA JEANS"|"MEN YOUNG CASUAL"|"EMBA JEANS"|"MEN DENIM"|KHAKI|32|15332286|620231010332|1|290000|290000|0|0|0|0|0|0|290000|01016|7384|4
07-03-2025|07-03-2025|951195|"KASIH KARUNIA SEJATI PT.-951195"|399|"Icon MAL Gresik"|"T-SHIRT BASIC"|"EMBA JEANS"|"MEN YOUNG CASUAL"|"EMBA JEANS"|"MEN DENIM"|KHAKI|32|15332286|620231010332|1|290000|290000|0|0|0|0|0|0|290000|80502|389|1
07-03-2025|07-03-2025|951195|"KASIH KARUNIA SEJATI PT.-951195"|413|"Kediri Town Sq MAL"|"T-SHIRT BASIC"|"EMBA JEANS"|"MEN YOUNG CASUAL"|"EMBA JEANS"|"MEN DENIM"|KHAKI|32|15332286|620231010332|1|290000|290000|0|0|0|0|0|0|290000|01036|8805|5
07-03-2025|07-03-2025|951195|"KASIH KARUNIA SEJATI PT.-951195"|338|"Palembang Square MAL"|"T-SHIRT BASIC"|"EMBA JEANS"|"MEN YOUNG CASUAL"|"EMBA JEANS"|"MEN DENIM"|KHAKI|31|15332204|620231014431|1|290000|290000|0|0|0|0|0|0|290000|01003|468|2
07-03-2025|07-03-2025|951195|"KASIH KARUNIA SEJATI PT.-951195"|368|"Armada Sq MAL MGG"|"T-SHIRT BASIC"|"EMBA JEANS"|"MEN YOUNG CASUAL"|"EMBA JEANS"|"MEN DENIM"|KHAKI|31|15332204|620231014431|1|290000|290000|0|0|0|0|0|0|290000|01003|9844|1
07-03-2025|07-03-2025|951195|"KASIH KARUNIA SEJATI PT.-951195"|399|"Icon MAL Gresik"|"T-SHIRT BASIC"|"EMBA JEANS"|"MEN YOUNG CASUAL"|"EMBA JEANS"|"MEN DENIM"|KHAKI|31|15332204|620231014431|1|290000|290000|0|0|0|0|0|0|290000|02014|9719|1
07-03-2025|07-03-2025|951195|"KASIH KARUNIA SEJATI PT.-951195"|255|"Malang Town Sq TC"|"T-SHIRT BASIC"|"EMBA JEANS"|"MEN YOUNG CASUAL"|"EMBA JEANS"|"MEN DENIM"|KHAKI|31|15332204|620231014431|1|290000|290000|0|0|0|0|0|0|290000|80176|7061|1
07-03-2025|07-03-2025|951195|"KASIH KARUNIA SEJATI PT.-951195"|677|"Grage MAL Cirebon"|"T-SHIRT BASIC"|"EMBA JEANS"|"MEN YOUNG CASUAL"|"EMBA JEANS"|"MEN DENIM"|BLUE|XL|15332179|427040019704|1|569000|569000|170700|0|0|0|0|30|398300|02010|9607|2
07-03-2025|07-03-2025|951195|"KASIH KARUNIA SEJATI PT.-951195"|653|"Lippo MAL Cikarang"|"T-SHIRT BASIC"|"EMBA JEANS"|"MEN YOUNG CASUAL"|"EMBA JEANS"|"MEN DENIM"|GREEN|M|15332133|207007695002|1|149000|149000|0|0|0|0|0|0|149000|90204|5088|8
07-03-2025|07-03-2025|951195|"KASIH KARUNIA SEJATI PT.-951195"|653|"Lippo MAL Cikarang"|"T-SHIRT BASIC"|"EMBA JEANS"|"MEN YOUNG CASUAL"|"EMBA JEANS"|"MEN DENIM"|GREEN|M|15332133|207007695002|1|149000|149000|0|0|0|0|0|0|149000|90204|5072|3
07-03-2025|07-03-2025|951195|"KASIH KARUNIA SEJATI PT.-951195"|327|"Citimall Sampit"|"T-SHIRT BASIC"|"EMBA JEANS"|"MEN YOUNG CASUAL"|"EMBA JEANS"|"MEN DENIM"|BLACK|32|15332071|620231010232|1|290000|290000|0|0|0|0|0|0|290000|90101|202|1
07-03-2025|07-03-2025|951195|"KASIH KARUNIA SEJATI PT.-951195"|381|"Singosaren MAL Solo"|"T-SHIRT BASIC"|"EMBA JEANS"|"MEN YOUNG CASUAL"|"EMBA JEANS"|"MEN DENIM"|KHAKI|27|15332044|620231014427|1|290000|290000|0|0|0|0|0|0|290000|01017|9261|2
07-03-2025|07-03-2025|951195|"KASIH KARUNIA SEJATI PT.-951195"|537|"Johar Plaza TC JMR"|"T-SHIRT BASIC"|"EMBA JEANS"|"MEN YOUNG CASUAL"|"EMBA JEANS"|"MEN DENIM"|KHAKI|27|15332044|620231014427|1|290000|290000|0|0|0|0|0|0|290000|02007|6060|1
07-03-2025|07-03-2025|951195|"KASIH KARUNIA SEJATI PT.-951195"|440|"Ciputra MAL TNG"|"T-SHIRT BASIC"|"EMBA JEANS"|"MEN YOUNG CASUAL"|"EMBA JEANS"|"MEN DENIM"|KHAKI|28|15332035|620231010328|1|290000|290000|0|0|0|0|0|0|290000|03056|4652|2
07-03-2025|07-03-2025|951195|"KASIH KARUNIA SEJATI PT.-951195"|293|"Royal Plaza TC SBY"|"T-SHIRT BASIC"|"EMBA JEANS"|"MEN YOUNG CASUAL"|"EMBA JEANS"|"MEN DENIM"|KHAKI|30|15332008|620231010330|1|290000|290000|20000|0|0|0|0|6.9|270000|02012|4178|2
07-03-2025|07-03-2025|951195|"KASIH KARUNIA SEJATI PT.-951195"|359|"Fest City MAL BDG"|"T-SHIRT BASIC"|"EMBA JEANS"|"MEN YOUNG CASUAL"|"EMBA JEANS"|"MEN DENIM"|KHAKI|30|15332008|620231010330|1|290000|290000|20000|0|0|0|0|6.9|270000|02027|9162|10
07-03-2025|07-03-2025|951195|"KASIH KARUNIA SEJATI PT.-951195"|273|"SKA MAL Pekanbaru"|"T-SHIRT BASIC"|"EMBA JEANS"|"MEN YOUNG CASUAL"|"EMBA JEANS"|"MEN DENIM"|KHAKI|32|15331983|620231014432|1|290000|290000|0|0|0|0|0|0|290000|03031|7507|2
07-03-2025|07-03-2025|951195|"KASIH KARUNIA SEJATI PT.-951195"|326|"Lippo PLZ MAL Jember"|"T-SHIRT BASIC"|"EMBA JEANS"|"MEN YOUNG CASUAL"|"EMBA JEANS"|"MEN DENIM"|KHAKI|32|15331983|620231014432|1|290000|290000|0|0|0|0|0|0|290000|03020|168|1
07-03-2025|07-03-2025|951195|"KASIH KARUNIA SEJATI PT.-951195"|359|"Fest City MAL BDG"|"T-SHIRT BASIC"|"EMBA JEANS"|"MEN YOUNG CASUAL"|"EMBA JEANS"|"MEN DENIM"|KHAKI|32|15331983|620231014432|1|290000|290000|0|0|0|0|0|0|290000|02027|9162|9
07-03-2025|07-03-2025|951195|"KASIH KARUNIA SEJATI PT.-951195"|388|"Suncity MAL Madiun"|"T-SHIRT BASIC"|"EMBA JEANS"|"MEN YOUNG CASUAL"|"EMBA JEANS"|"MEN DENIM"|KHAKI|32|15331983|620231014432|1|290000|290000|0|0|0|0|0|0|290000|02016|3698|1
07-03-2025|07-03-2025|951195|"KASIH KARUNIA SEJATI PT.-951195"|523|"Tunjungan MAL SBY"|"T-SHIRT BASIC"|"EMBA JEANS"|"MEN YOUNG CASUAL"|"EMBA JEANS"|"MEN DENIM"|KHAKI|32|15331983|620231014432|1|290000|290000|0|0|0|0|0|0|290000|04043|55|1
07-03-2025|07-03-2025|951195|"KASIH KARUNIA SEJATI PT.-951195"|697|"Plaza Pekalongan MAL"|"T-SHIRT BASIC"|"EMBA JEANS"|"MEN YOUNG CASUAL"|"EMBA JEANS"|"MEN DENIM"|KHAKI|32|15331983|620231014432|1|290000|290000|0|0|0|0|0|0|290000|01013|9309|1
07-03-2025|07-03-2025|951195|"KASIH KARUNIA SEJATI PT.-951195"|804|"Matahari HS PWT"|"T-SHIRT BASIC"|"EMBA JEANS"|"MEN YOUNG CASUAL"|"EMBA JEANS"|"MEN DENIM"|KHAKI|32|15331983|620231014432|1|290000|290000|0|0|0|0|0|0|290000|01001|7005|3
07-03-2025|07-03-2025|951195|"KASIH KARUNIA SEJATI PT.-951195"|415|"Plaza MAL Madiun"|"T-SHIRT BASIC"|"EMBA JEANS"|"MEN YOUNG CASUAL"|"EMBA JEANS"|"MEN DENIM"|KHAKI|32|15331983|620231014432|1|290000|290000|0|0|0|0|0|0|290000|80201|4475|3
07-03-2025|07-03-2025|951195|"KASIH KARUNIA SEJATI PT.-951195"|293|"Royal Plaza TC SBY"|"T-SHIRT BASIC"|"EMBA JEANS"|"MEN YOUNG CASUAL"|"EMBA JEANS"|"MEN DENIM"|BLUE|36|14086312|618112087236|1|399000|399000|0|0|0|0|0|0|399000|02012|4247|1
07-03-2025|07-03-2025|951195|"KASIH KARUNIA SEJATI PT.-951195"|350|"Bencoolen MAL BGL"|"T-SHIRT BASIC"|"EMBA JEANS"|"MEN YOUNG CASUAL"|"EMBA JEANS"|"MEN DENIM"|GREY|32|14086269|616256013932|1|499000|499000|249500|0|0|0|0|50|249500|01014|8554|1
07-03-2025|07-03-2025|951195|"KASIH KARUNIA SEJATI PT.-951195"|555|"Metmal Bekasi"|"T-SHIRT BASIC"|"EMBA JEANS"|"MEN YOUNG CASUAL"|"EMBA JEANS"|"MEN DENIM"|BLUE|34|14086205|618112087234|1|399000|399000|0|0|0|0|0|0|399000|02014|7724|1
07-03-2025|07-03-2025|951195|"KASIH KARUNIA SEJATI PT.-951195"|381|"Singosaren MAL Solo"|"T-SHIRT BASIC"|"EMBA JEANS"|"MEN YOUNG CASUAL"|"EMBA JEANS"|"MEN DENIM"|BLUE|30|14086161|618112087230|1|399000|399000|0|0|0|0|0|0|399000|01007|9319|4
07-03-2025|07-03-2025|951195|"KASIH KARUNIA SEJATI PT.-951195"|426|"Matahari HS TSM"|"T-SHIRT BASIC"|"EMBA JEANS"|"MEN YOUNG CASUAL"|"EMBA JEANS"|"MEN DENIM"|OLIVE|27|14086152|616256010627|1|499000|499000|249500|0|0|0|0|50|249500|01006|3478|3
07-03-2025|07-03-2025|951195|"KASIH KARUNIA SEJATI PT.-951195"|264|"Palu Grand MAL"|"T-SHIRT BASIC"|"EMBA JEANS"|"MEN YOUNG CASUAL"|"EMBA JEANS"|"MEN DENIM"|OLIVE|32|14085911|616256010632|1|499000|499000|149700|0|0|0|0|30|349300|02013|4150|2
07-03-2025|07-03-2025|951195|"KASIH KARUNIA SEJATI PT.-951195"|314|"Epicentrum MAL MTR"|"T-SHIRT BASIC"|"EMBA JEANS"|"MEN YOUNG CASUAL"|"EMBA JEANS"|"MEN DENIM"|BLACK|L|14085779|207007620203|1|249000|249000|0|124000|0|0|0|49.8|125000|80202|5253|2
07-03-2025|07-03-2025|951195|"KASIH KARUNIA SEJATI PT.-951195"|282|"Pakuwon Mall Jogja"|"T-SHIRT BASIC"|"EMBA JEANS"|"MEN YOUNG CASUAL"|"EMBA JEANS"|"MEN DENIM"|VANILLA|29|14086054|616256014429|1|499000|499000|249500|0|0|0|0|50|249500|01002|3846|2
07-03-2025|07-03-2025|951195|"KASIH KARUNIA SEJATI PT.-951195"|263|"Mega Mall TC Manado"|"T-SHIRT BASIC"|"EMBA JEANS"|"MEN YOUNG CASUAL"|"EMBA JEANS"|"MEN DENIM"|GREY|32|15331545|620231013932|1|290000|290000|0|0|0|0|0|0|290000|02014|3723|2
07-03-2025|07-03-2025|951195|"KASIH KARUNIA SEJATI PT.-951195"|338|"Palembang Square MAL"|"T-SHIRT BASIC"|"EMBA JEANS"|"MEN YOUNG CASUAL"|"EMBA JEANS"|"MEN DENIM"|KHAKI|31|87327479|623311010331|1|529000|529000|264500|0|0|0|0|50|264500|01002|404|1
07-03-2025|07-03-2025|951195|"KASIH KARUNIA SEJATI PT.-951195"|302|"Festive Walk MAL KWG"|"T-SHIRT BASIC"|"EMBA JEANS"|"MEN YOUNG CASUAL"|"EMBA JEANS"|"MEN DENIM"|"NAVY BLUE"|XL|87202237|409041019904|1|569000|569000|170700|0|0|0|0|30|398300|02017|6038|1
07-03-2025|07-03-2025|951195|"KASIH KARUNIA SEJATI PT.-951195"|523|"Tunjungan MAL SBY"|"T-SHIRT BASIC"|"EMBA JEANS"|"MEN YOUNG CASUAL"|"EMBA JEANS"|"MEN DENIM"|BLUE|31|87202120|617132279731|1|599000|599000|299500|0|0|0|0|50|299500|04047|662|3
07-03-2025|07-03-2025|951195|"KASIH KARUNIA SEJATI PT.-951195"|362|"Tanjungpinang MAL"|"T-SHIRT BASIC"|"EMBA JEANS"|"MEN YOUNG CASUAL"|"EMBA JEANS"|"MEN DENIM"|BLUE|30|83730941|617132257830|1|599000|599000|299500|0|0|0|0|50|299500|02022|7104|2
07-03-2025|07-03-2025|951195|"KASIH KARUNIA SEJATI PT.-951195"|641|"Citra PLZ MAL PBR"|"T-SHIRT BASIC"|"EMBA JEANS"|"MEN YOUNG CASUAL"|"EMBA JEANS"|"MEN DENIM"|"NAVY BLUE"|31|83550985|618029013831|1|290000|290000|0|0|0|0|0|0|290000|80401|6100|1
07-03-2025|07-03-2025|951195|"KASIH KARUNIA SEJATI PT.-951195"|255|"Malang Town Sq TC"|"T-SHIRT BASIC"|"EMBA JEANS"|"MEN YOUNG CASUAL"|"EMBA JEANS"|"MEN DENIM"|BLUE|31|82154058|616037081531|1|390000|390000|0|191000|0|0|0|49|199000|80361|2175|2
07-03-2025|07-03-2025|951195|"KASIH KARUNIA SEJATI PT.-951195"|303|"Solo Square MAL"|"T-SHIRT BASIC"|"EMBA JEANS"|"MEN YOUNG CASUAL"|"EMBA JEANS"|"MEN DENIM"|BLACK|34|82153933|616065028934|1|199000|199000|0|0|0|0|0|0|199000|80333|214|2
07-03-2025|07-03-2025|951195|"KASIH KARUNIA SEJATI PT.-951195"|523|"Tunjungan MAL SBY"|"T-SHIRT BASIC"|"EMBA JEANS"|"MEN YOUNG CASUAL"|"EMBA JEANS"|"MEN DENIM"|BLACK|34|82153933|616065028934|1|390000|390000|0|191000|0|0|0|49|199000|93093|3730|1
07-03-2025|07-03-2025|951195|"KASIH KARUNIA SEJATI PT.-951195"|249|"Pakuwon Mall Solo"|"T-SHIRT BASIC"|"EMBA JEANS"|"MEN YOUNG CASUAL"|"EMBA JEANS"|"MEN DENIM"|BLUE|33|82153657|617132241533|1|599000|599000|299500|0|0|0|0|50|299500|02011|9532|1
07-03-2025|07-03-2025|951195|"KASIH KARUNIA SEJATI PT.-951195"|255|"Malang Town Sq TC"|"T-SHIRT BASIC"|"EMBA JEANS"|"MEN YOUNG CASUAL"|"EMBA JEANS"|"MEN DENIM"|"NAVY BLUE"|L|82152514|113508019203|1|149000|149000|0|0|0|0|0|0|149000|80361|2133|3
07-03-2025|07-03-2025|951195|"KASIH KARUNIA SEJATI PT.-951195"|523|"Tunjungan MAL SBY"|"T-SHIRT BASIC"|"EMBA JEANS"|"MEN YOUNG CASUAL"|"EMBA JEANS"|"MEN DENIM"|BLACK|XL|81677030|112036010204|1|249000|249000|0|0|0|0|0|0|249000|04043|87|3
07-03-2025|07-03-2025|951195|"KASIH KARUNIA SEJATI PT.-951195"|413|"Kediri Town Sq MAL"|"T-SHIRT BASIC"|"EMBA JEANS"|"MEN YOUNG CASUAL"|"EMBA JEANS"|"MEN DENIM"|GREY|M|81543219|113035063902|1|299000|299000|0|0|0|0|0|0|299000|01026|8669|5
07-03-2025|07-03-2025|951195|"KASIH KARUNIA SEJATI PT.-951195"|389|"Java Supermall SMG"|"T-SHIRT BASIC"|"EMBA JEANS"|"MEN YOUNG CASUAL"|"EMBA JEANS"|"MEN DENIM"|"NAVY BLUE"|32|81542461|616064033132|1|390000|390000|191000|0|0|0|0|49|199000|02008|586|2
07-03-2025|07-03-2025|951195|"KASIH KARUNIA SEJATI PT.-951195"|413|"Kediri Town Sq MAL"|"T-SHIRT BASIC"|"EMBA JEANS"|"MEN YOUNG CASUAL"|"EMBA JEANS"|"MEN DENIM"|BROWN|M|81542274|113035063302|1|299000|299000|0|0|0|0|0|0|299000|01026|8669|4
07-03-2025|07-03-2025|951195|"KASIH KARUNIA SEJATI PT.-951195"|223|"Batu Town Sq MAL MLG"|"T-SHIRT BASIC"|"EMBA JEANS"|"MEN YOUNG CASUAL"|"EMBA JEANS"|"MEN DENIM"|BLACK|M|81283545|112035090202|1|269000|269000|0|0|0|0|0|0|269000|01003|5738|6
07-03-2025|07-03-2025|951195|"KASIH KARUNIA SEJATI PT.-951195"|312|"Lippo PLZ MAL Jambi"|"T-SHIRT BASIC"|"EMBA JEANS"|"MEN YOUNG CASUAL"|"EMBA JEANS"|"MEN DENIM"|KHAKI|34|79807475|617210030334|1|329000|329000|0|0|0|0|0|0|329000|01011|5665|2
07-03-2025|07-03-2025|951195|"KASIH KARUNIA SEJATI PT.-951195"|473|"Gress MAL Gresik"|"T-SHIRT BASIC"|"EMBA JEANS"|"MEN YOUNG CASUAL"|"EMBA JEANS"|"MEN DENIM"|BLACK|38|79047322|617210030238|1|329000|329000|0|0|0|0|0|0|329000|02025|7689|1
07-03-2025|07-03-2025|951195|"KASIH KARUNIA SEJATI PT.-951195"|233|"Bangkalan PLZ MAL"|"T-SHIRT BASIC"|"EMBA JEANS"|"MEN YOUNG CASUAL"|"EMBA JEANS"|"MEN DENIM"|BLACK|33|79036950|617112103233|1|290000|290000|0|0|0|0|0|0|290000|01001|8129|1
07-03-2025|07-03-2025|951195|"KASIH KARUNIA SEJATI PT.-951195"|261|"Plaza Medan Fair TC"|"T-SHIRT BASIC"|"EMBA JEANS"|"MEN YOUNG CASUAL"|"EMBA JEANS"|"MEN DENIM"|BLACK|33|79036950|617112103233|1|290000|290000|0|0|0|0|0|0|290000|01009|3838|1
07-03-2025|07-03-2025|951195|"KASIH KARUNIA SEJATI PT.-951195"|261|"Plaza Medan Fair TC"|"T-SHIRT BASIC"|"EMBA JEANS"|"MEN YOUNG CASUAL"|"EMBA JEANS"|"MEN DENIM"|BLACK|33|79036950|617112103233|1|290000|290000|0|0|0|0|0|0|290000|80135|1780|1
07-03-2025|07-03-2025|951195|"KASIH KARUNIA SEJATI PT.-951195"|326|"Lippo PLZ MAL Jember"|"T-SHIRT BASIC"|"EMBA JEANS"|"MEN YOUNG CASUAL"|"EMBA JEANS"|"MEN DENIM"|BLACK|33|79036950|617112103233|1|290000|290000|0|0|0|0|0|0|290000|03015|771|2
07-03-2025|07-03-2025|951195|"KASIH KARUNIA SEJATI PT.-951195"|326|"Lippo PLZ MAL Jember"|"T-SHIRT BASIC"|"EMBA JEANS"|"MEN YOUNG CASUAL"|"EMBA JEANS"|"MEN DENIM"|BLACK|33|79036950|617112103233|1|290000|290000|0|0|0|0|0|0|290000|03034|749|1
07-03-2025|07-03-2025|951195|"KASIH KARUNIA SEJATI PT.-951195"|387|"Manhattan MAL Medan"|"T-SHIRT BASIC"|"EMBA JEANS"|"MEN YOUNG CASUAL"|"EMBA JEANS"|"MEN DENIM"|BLACK|33|79036950|617112103233|1|290000|290000|0|0|0|0|0|0|290000|03061|1149|1
07-03-2025|07-03-2025|951195|"KASIH KARUNIA SEJATI PT.-951195"|389|"Java Supermall SMG"|"T-SHIRT BASIC"|"EMBA JEANS"|"MEN YOUNG CASUAL"|"EMBA JEANS"|"MEN DENIM"|BLACK|33|79036950|617112103233|1|290000|290000|0|0|0|0|0|0|290000|02009|983|1
07-03-2025|07-03-2025|951195|"KASIH KARUNIA SEJATI PT.-951195"|389|"Java Supermall SMG"|"T-SHIRT BASIC"|"EMBA JEANS"|"MEN YOUNG CASUAL"|"EMBA JEANS"|"MEN DENIM"|BLACK|33|79036950|617112103233|1|290000|290000|0|0|0|0|0|0|290000|02008|894|3
07-03-2025|07-03-2025|951195|"KASIH KARUNIA SEJATI PT.-951195"|402|"Uptown Mall Semarang"|"T-SHIRT BASIC"|"EMBA JEANS"|"MEN YOUNG CASUAL"|"EMBA JEANS"|"MEN DENIM"|BLACK|33|79036950|617112103233|1|290000|290000|0|0|0|0|0|0|290000|02007|2411|1
07-03-2025|07-03-2025|951195|"KASIH KARUNIA SEJATI PT.-951195"|413|"Kediri Town Sq MAL"|"T-SHIRT BASIC"|"EMBA JEANS"|"MEN YOUNG CASUAL"|"EMBA JEANS"|"MEN DENIM"|BLACK|33|79036950|617112103233|1|290000|290000|0|0|0|0|0|0|290000|01023|8808|2
07-03-2025|07-03-2025|951195|"KASIH KARUNIA SEJATI PT.-951195"|523|"Tunjungan MAL SBY"|"T-SHIRT BASIC"|"EMBA JEANS"|"MEN YOUNG CASUAL"|"EMBA JEANS"|"MEN DENIM"|BLACK|33|79036950|617112103233|1|290000|290000|0|0|0|0|0|0|290000|04044|9823|1
07-03-2025|07-03-2025|951195|"KASIH KARUNIA SEJATI PT.-951195"|637|"Blok M Plaza MAL JKT"|"T-SHIRT BASIC"|"EMBA JEANS"|"MEN YOUNG CASUAL"|"EMBA JEANS"|"MEN DENIM"|BLACK|33|79036950|617112103233|1|290000|290000|0|0|0|0|0|0|290000|04023|6402|2
07-03-2025|07-03-2025|951195|"KASIH KARUNIA SEJATI PT.-951195"|555|"Metmal Bekasi"|"T-SHIRT BASIC"|"EMBA JEANS"|"MEN YOUNG CASUAL"|"EMBA JEANS"|"MEN DENIM"|BLACK|33|79036950|617112103233|1|290000|290000|0|0|0|0|0|0|290000|90207|1487|2
07-03-2025|07-03-2025|951195|"KASIH KARUNIA SEJATI PT.-951195"|555|"Metmal Bekasi"|"T-SHIRT BASIC"|"EMBA JEANS"|"MEN YOUNG CASUAL"|"EMBA JEANS"|"MEN DENIM"|BLACK|33|79036950|617112103233|1|290000|290000|0|0|0|0|0|0|290000|90207|1480|1
07-03-2025|07-03-2025|951195|"KASIH KARUNIA SEJATI PT.-951195"|523|"Tunjungan MAL SBY"|"T-SHIRT BASIC"|"EMBA JEANS"|"MEN YOUNG CASUAL"|"EMBA JEANS"|"MEN DENIM"|BLUE|33|78745043|617029172033|1|290000|290000|29000|0|0|0|0|10|261000|04043|105|1
07-03-2025|07-03-2025|951195|"KASIH KARUNIA SEJATI PT.-951195"|227|"Sidoarjo Town Sq MAL"|"T-SHIRT BASIC"|"EMBA JEANS"|"MEN YOUNG CASUAL"|"EMBA JEANS"|"MEN DENIM"|BLUE|38|76207057|618069022038|1|250000|250000|0|0|0|0|0|0|250000|01002|2053|3
07-03-2025|07-03-2025|951195|"KASIH KARUNIA SEJATI PT.-951195"|322|"Singkawang City MAL"|"T-SHIRT BASIC"|"EMBA JEANS"|"MEN YOUNG CASUAL"|"EMBA JEANS"|"MEN DENIM"|BLUE|34|76206558|618069022034|1|250000|250000|0|0|0|0|0|0|250000|80118|8499|1
07-03-2025|07-03-2025|951195|"KASIH KARUNIA SEJATI PT.-951195"|501|"Duta Plaza MAL DPR"|"T-SHIRT BASIC"|"EMBA JEANS"|"MEN YOUNG CASUAL"|"EMBA JEANS"|"MEN DENIM"|BLUE|32|76206469|618069012032|1|250000|250000|0|0|0|0|0|0|250000|02016|2715|1
07-03-2025|07-03-2025|951195|"KASIH KARUNIA SEJATI PT.-951195"|536|"Kudus BZR"|"T-SHIRT BASIC"|"EMBA JEANS"|"MEN YOUNG CASUAL"|"EMBA JEANS"|"MEN DENIM"|BLUE|32|76206469|618069012032|1|250000|250000|0|0|0|0|0|0|250000|01006|514|1
07-03-2025|07-03-2025|951195|"KASIH KARUNIA SEJATI PT.-951195"|653|"Lippo MAL Cikarang"|"T-SHIRT BASIC"|"EMBA JEANS"|"MEN YOUNG CASUAL"|"EMBA JEANS"|"MEN DENIM"|BLUE|32|76206469|618069012032|1|290000|290000|0|0|0|0|0|0|290000|90204|5097|5
07-03-2025|07-03-2025|951195|"KASIH KARUNIA SEJATI PT.-951195"|677|"Grage MAL Cirebon"|"T-SHIRT BASIC"|"EMBA JEANS"|"MEN YOUNG CASUAL"|"EMBA JEANS"|"MEN DENIM"|BLUE|28|76093519|618064013828|1|369000|369000|0|0|0|0|0|0|369000|03050|9383|3
07-03-2025|07-03-2025|951195|"KASIH KARUNIA SEJATI PT.-951195"|305|"Nagoya Hill TC Batam"|"T-SHIRT BASIC"|"EMBA JEANS"|"MEN YOUNG CASUAL"|"EMBA JEANS"|"MEN DENIM"|BLUE|27|76092298|618064013827|1|369000|369000|0|0|0|0|0|0|369000|02018|2651|1
07-03-2025|07-03-2025|951195|"KASIH KARUNIA SEJATI PT.-951195"|457|"Bali Galeria MAL"|"T-SHIRT BASIC"|"EMBA JEANS"|"MEN YOUNG CASUAL"|"EMBA JEANS"|"MEN DENIM"|"NAVY BLUE"|38|76091762|618064013138|1|369000|369000|0|0|0|0|0|0|369000|02003|9205|1
07-03-2025|07-03-2025|951195|"KASIH KARUNIA SEJATI PT.-951195"|294|"Jogja City MAL"|"T-SHIRT BASIC"|"EMBA JEANS"|"MEN YOUNG CASUAL"|"EMBA JEANS"|"MEN DENIM"|KHAKI|38|75340164|618236051838|1|290000|290000|0|0|0|0|0|0|290000|02009|9118|2
07-03-2025|07-03-2025|951195|"KASIH KARUNIA SEJATI PT.-951195"|673|"Daan Mogot MAL JKT"|"T-SHIRT BASIC"|"EMBA JEANS"|"MEN YOUNG CASUAL"|"EMBA JEANS"|"MEN DENIM"|KHAKI|31|75340075|618236041831|1|290000|290000|0|0|0|0|0|0|290000|01012|4235|1
07-03-2025|07-03-2025|951195|"KASIH KARUNIA SEJATI PT.-951195"|289|"Paragon City MAL SMG"|"T-SHIRT BASIC"|"EMBA JEANS"|"MEN YOUNG CASUAL"|"EMBA JEANS"|"MEN DENIM"|KHAKI|36|75339934|618236051836|1|290000|290000|0|0|0|0|0|0|290000|02014|4487|1
07-03-2025|07-03-2025|951195|"KASIH KARUNIA SEJATI PT.-951195"|311|"Duta MAL BJM"|"T-SHIRT BASIC"|"EMBA JEANS"|"MEN YOUNG CASUAL"|"EMBA JEANS"|"MEN DENIM"|KHAKI|36|75339934|618236051836|1|290000|290000|0|0|0|0|0|0|290000|01008|7035|1
07-03-2025|07-03-2025|951195|"KASIH KARUNIA SEJATI PT.-951195"|376|"Mitra Malang HS"|"T-SHIRT BASIC"|"EMBA JEANS"|"MEN YOUNG CASUAL"|"EMBA JEANS"|"MEN DENIM"|BLACK|30|75339916|618236040230|1|290000|290000|0|0|0|0|0|0|290000|03025|4168|1
07-03-2025|07-03-2025|951195|"KASIH KARUNIA SEJATI PT.-951195"|387|"Manhattan MAL Medan"|"T-SHIRT BASIC"|"EMBA JEANS"|"MEN YOUNG CASUAL"|"EMBA JEANS"|"MEN DENIM"|BLUE|36|64834740|618129037236|1|270000|270000|0|0|0|0|0|0|270000|03017|1242|1
07-03-2025|07-03-2025|951195|"KASIH KARUNIA SEJATI PT.-951195"|302|"Festive Walk MAL KWG"|"T-SHIRT BASIC"|"EMBA JEANS"|"MEN YOUNG CASUAL"|"EMBA JEANS"|"MEN DENIM"|BLACK|31|62772909|618129043231|2|270000|540000|0|0|0|0|0|0|540000|02055|6058|1
07-03-2025|07-03-2025|951195|"KASIH KARUNIA SEJATI PT.-951195"|697|"Plaza Pekalongan MAL"|"T-SHIRT BASIC"|"EMBA JEANS"|"MEN YOUNG CASUAL"|"EMBA JEANS"|"MEN DENIM"|BLACK|M|53671213|207011040202|1|169000|169000|0|0|0|0|0|0|169000|01013|9640|3
07-03-2025|07-03-2025|951195|"KASIH KARUNIA SEJATI PT.-951195"|233|"Bangkalan PLZ MAL"|"T-SHIRT BASIC"|"EMBA JEANS"|"MEN YOUNG CASUAL"|"EMBA JEANS"|"MEN DENIM"|GREY|M|53670858|207011081102|1|169000|169000|0|0|0|0|0|0|169000|01007|8284|1
07-03-2025|07-03-2025|951195|"KASIH KARUNIA SEJATI PT.-951195"|563|"Plaza Malioboro"|"T-SHIRT BASIC"|"EMBA JEANS"|"MEN YOUNG CASUAL"|"EMBA JEANS"|"MEN DENIM"|GREY|M|53670858|207011081102|1|169000|169000|0|0|0|0|0|0|169000|02007|8841|2
07-03-2025|07-03-2025|951195|"KASIH KARUNIA SEJATI PT.-951195"|523|"Tunjungan MAL SBY"|"T-SHIRT BASIC"|"EMBA JEANS"|"MEN YOUNG CASUAL"|"EMBA JEANS"|"MEN DENIM"|"NAVY BLUE"|36|53610725|616182013136|1|299000|299000|0|0|0|0|0|0|299000|04043|9811|2
07-03-2025|07-03-2025|951195|"KASIH KARUNIA SEJATI PT.-951195"|333|"Manado Town Sq MAL"|"T-SHIRT BASIC"|"EMBA JEANS"|"MEN YOUNG CASUAL"|"EMBA JEANS"|"MEN DENIM"|KHAKI|XL|52515474|119029010304|1|399000|399000|0|0|0|0|0|0|399000|01003|9065|1
07-03-2025|07-03-2025|951195|"KASIH KARUNIA SEJATI PT.-951195"|445|"PTC MAL TC PLG"|"T-SHIRT BASIC"|"EMBA JEANS"|"MEN YOUNG CASUAL"|"EMBA JEANS"|"MEN DENIM"|KHAKI|XL|52515474|119029010304|1|399000|399000|0|0|0|0|0|0|399000|02021|3320|1
07-03-2025|07-03-2025|951195|"KASIH KARUNIA SEJATI PT.-951195"|392|"Pacific MAL Tegal"|"T-SHIRT BASIC"|"EMBA JEANS"|"MEN YOUNG CASUAL"|"EMBA JEANS"|"MEN DENIM"|KHAKI|XL|52515474|119029010304|1|399000|399000|0|0|0|0|0|0|399000|01008|3031|6
07-03-2025|07-03-2025|951195|"KASIH KARUNIA SEJATI PT.-951195"|571|"Ciputra MAL Jakarta"|"T-SHIRT BASIC"|"EMBA JEANS"|"MEN YOUNG CASUAL"|"EMBA JEANS"|"MEN DENIM"|"NAVY BLUE"|32|52514877|618069041532|1|290000|290000|0|0|0|0|0|0|290000|03027|3240|2
07-03-2025|07-03-2025|951195|"KASIH KARUNIA SEJATI PT.-951195"|388|"Suncity MAL Madiun"|"T-SHIRT BASIC"|"EMBA JEANS"|"MEN YOUNG CASUAL"|"EMBA JEANS"|"MEN DENIM"|WHITE|M|52514706|102039024502|1|249000|249000|0|0|0|0|0|0|249000|02021|3686|5
07-03-2025|07-03-2025|951195|"KASIH KARUNIA SEJATI PT.-951195"|563|"Plaza Malioboro"|"T-SHIRT BASIC"|"EMBA JEANS"|"MEN YOUNG CASUAL"|"EMBA JEANS"|"MEN DENIM"|WHITE|M|52514706|102039024502|1|249000|249000|0|0|0|0|0|0|249000|02015|8891|1
07-03-2025|07-03-2025|951195|"KASIH KARUNIA SEJATI PT.-951195"|294|"Jogja City MAL"|"T-SHIRT BASIC"|"EMBA JEANS"|"MEN YOUNG CASUAL"|"EMBA JEANS"|"MEN DENIM"|GREEN|29|52514340|623210015729|1|329000|329000|0|0|0|0|0|0|329000|02007|9228|2
07-03-2025|07-03-2025|951195|"KASIH KARUNIA SEJATI PT.-951195"|294|"Jogja City MAL"|"T-SHIRT BASIC"|"EMBA JEANS"|"MEN YOUNG CASUAL"|"EMBA JEANS"|"MEN DENIM"|"NAVY BLUE"|36|52247111|618045013136|1|369000|369000|0|0|0|0|0|0|369000|02008|9309|2
07-03-2025|07-03-2025|951195|"KASIH KARUNIA SEJATI PT.-951195"|249|"Pakuwon Mall Solo"|"T-SHIRT BASIC"|"EMBA JEANS"|"MEN YOUNG CASUAL"|"EMBA JEANS"|"MEN DENIM"|"NAVY BLUE"|38|52246854|618045013138|1|369000|369000|0|0|0|0|0|0|369000|01026|9552|1
07-03-2025|07-03-2025|951195|"KASIH KARUNIA SEJATI PT.-951195"|501|"Duta Plaza MAL DPR"|"T-SHIRT BASIC"|"EMBA JEANS"|"MEN YOUNG CASUAL"|"EMBA JEANS"|"MEN DENIM"|BROWN|XXL|51949721|207009783305|1|199000|199000|0|0|0|0|0|0|199000|02031|3228|4
07-03-2025|07-03-2025|951195|"KASIH KARUNIA SEJATI PT.-951195"|653|"Lippo MAL Cikarang"|"T-SHIRT BASIC"|"EMBA JEANS"|"MEN YOUNG CASUAL"|"EMBA JEANS"|"MEN DENIM"|GREEN|L|51949712|102049032403|1|279000|279000|0|0|0|0|0|0|279000|90204|5087|3
07-03-2025|07-03-2025|951195|"KASIH KARUNIA SEJATI PT.-951195"|368|"Armada Sq MAL MGG"|"T-SHIRT BASIC"|"EMBA JEANS"|"MEN YOUNG CASUAL"|"EMBA JEANS"|"MEN DENIM"|ORANGE|M|51949409|102049026802|1|299000|299000|0|0|0|0|0|0|299000|01003|139|1
07-03-2025|07-03-2025|951195|"KASIH KARUNIA SEJATI PT.-951195"|645|"Medan MAL"|"T-SHIRT BASIC"|"EMBA JEANS"|"MEN YOUNG CASUAL"|"EMBA JEANS"|"MEN DENIM"|WHITE|XL|51949329|102049020104|1|299000|299000|50000|0|0|0|0|16.7|249000|01071|9890|1
07-03-2025|07-03-2025|951195|"KASIH KARUNIA SEJATI PT.-951195"|387|"Manhattan MAL Medan"|"T-SHIRT BASIC"|"EMBA JEANS"|"MEN YOUNG CASUAL"|"EMBA JEANS"|"MEN DENIM"|ORANGE|XL|51949187|102049026804|1|299000|299000|0|0|0|0|0|0|299000|03018|1280|1
07-03-2025|07-03-2025|951195|"KASIH KARUNIA SEJATI PT.-951195"|405|"Lembuswana TC SMR"|"T-SHIRT BASIC"|"EMBA JEANS"|"MEN YOUNG CASUAL"|"EMBA JEANS"|"MEN DENIM"|BLUE|M|51656047|207009741002|1|199000|199000|0|0|0|0|0|0|199000|02017|5001|1
07-03-2025|07-03-2025|951195|"KASIH KARUNIA SEJATI PT.-951195"|221|"Panakkukang MAL MKS"|"T-SHIRT BASIC"|"EMBA JEANS"|"MEN YOUNG CASUAL"|"EMBA JEANS"|"MEN DENIM"|WHITE|M|51655691|104049010102|1|349000|349000|0|0|0|0|0|0|349000|02021|494|3
07-03-2025|07-03-2025|951195|"KASIH KARUNIA SEJATI PT.-951195"|389|"Java Supermall SMG"|"T-SHIRT BASIC"|"EMBA JEANS"|"MEN YOUNG CASUAL"|"EMBA JEANS"|"MEN DENIM"|WHITE|M|51655691|104049010102|1|349000|349000|0|0|0|0|0|0|349000|02009|544|1
07-03-2025|07-03-2025|951195|"KASIH KARUNIA SEJATI PT.-951195"|326|"Lippo PLZ MAL Jember"|"T-SHIRT BASIC"|"EMBA JEANS"|"MEN YOUNG CASUAL"|"EMBA JEANS"|"MEN DENIM"|ORANGE|XL|51655520|112036016804|1|249000|249000|0|0|0|0|0|0|249000|03020|530|1
07-03-2025|07-03-2025|951195|"KASIH KARUNIA SEJATI PT.-951195"|394|"TangCity MAL TNG"|"T-SHIRT BASIC"|"EMBA JEANS"|"MEN YOUNG CASUAL"|"EMBA JEANS"|"MEN DENIM"|ORANGE|XL|51655520|112036016804|1|249000|249000|0|0|0|0|0|0|249000|02012|2071|2
07-03-2025|07-03-2025|951195|"KASIH KARUNIA SEJATI PT.-951195"|413|"Kediri Town Sq MAL"|"T-SHIRT BASIC"|"EMBA JEANS"|"MEN YOUNG CASUAL"|"EMBA JEANS"|"MEN DENIM"|KHAKI|L|51655244|122074010303|1|249000|249000|0|0|0|0|0|0|249000|01007|8929|1
07-03-2025|07-03-2025|951195|"KASIH KARUNIA SEJATI PT.-951195"|289|"Paragon City MAL SMG"|"T-SHIRT BASIC"|"EMBA JEANS"|"MEN YOUNG CASUAL"|"EMBA JEANS"|"MEN DENIM"|KHAKI|L|51654825|112036010303|1|249000|249000|0|0|0|0|0|0|249000|02016|4521|3
07-03-2025|07-03-2025|951195|"KASIH KARUNIA SEJATI PT.-951195"|523|"Tunjungan MAL SBY"|"T-SHIRT BASIC"|"EMBA JEANS"|"MEN YOUNG CASUAL"|"EMBA JEANS"|"MEN DENIM"|WHITE|L|51654638|207010020103|1|219000|219000|0|0|0|0|0|0|219000|04042|208|2
07-03-2025|07-03-2025|951195|"KASIH KARUNIA SEJATI PT.-951195"|473|"Gress MAL Gresik"|"T-SHIRT BASIC"|"EMBA JEANS"|"MEN YOUNG CASUAL"|"EMBA JEANS"|"MEN DENIM"|"NAVY BLUE"|33|17334995|616069019033|1|349000|349000|35000|0|0|0|0|10|314000|02024|7504|2
07-03-2025|07-03-2025|951195|"KASIH KARUNIA SEJATI PT.-951195"|350|"Bencoolen MAL BGL"|"T-SHIRT BASIC"|"EMBA JEANS"|"MEN YOUNG CASUAL"|"EMBA JEANS"|"MEN DENIM"|"NAVY BLUE"|33|17334995|616069019033|1|349000|349000|35000|0|0|0|0|10|314000|01013|8171|3
07-03-2025|07-03-2025|951195|"KASIH KARUNIA SEJATI PT.-951195"|415|"Plaza MAL Madiun"|"T-SHIRT BASIC"|"EMBA JEANS"|"MEN YOUNG CASUAL"|"EMBA JEANS"|"MEN DENIM"|WHITE|M|17334708|104058010102|1|429000|429000|0|214500|0|0|0|50|214500|80201|4439|2
07-03-2025|07-03-2025|951195|"KASIH KARUNIA SEJATI PT.-951195"|312|"Lippo PLZ MAL Jambi"|"T-SHIRT BASIC"|"EMBA JEANS"|"MEN YOUNG CASUAL"|"EMBA JEANS"|"MEN DENIM"|BLUE|31|16802605|616180015431|1|599000|599000|179700|0|0|0|0|30|419300|01011|5665|1
07-03-2025|07-03-2025|951195|"KASIH KARUNIA SEJATI PT.-951195"|284|"Q MAL Banjarbaru"|"T-SHIRT BASIC"|"EMBA JEANS"|"MEN YOUNG CASUAL"|"EMBA JEANS"|"MEN DENIM"|BLUE|29|16790922|633105211529|1|299000|299000|0|0|0|0|0|0|299000|01034|5345|5
07-03-2025|07-03-2025|951195|"KASIH KARUNIA SEJATI PT.-951195"|537|"Johar Plaza TC JMR"|"T-SHIRT BASIC"|"EMBA JEANS"|"MEN YOUNG CASUAL"|"EMBA JEANS"|"MEN DENIM"|WHITE|XL|16524586|102073010104|3|369000|1107000|0|553500|0|0|0|50|553500|80241|2818|6
07-03-2025|07-03-2025|951195|"KASIH KARUNIA SEJATI PT.-951195"|537|"Johar Plaza TC JMR"|"T-SHIRT BASIC"|"EMBA JEANS"|"MEN YOUNG CASUAL"|"EMBA JEANS"|"MEN DENIM"|WHITE|XL|16524586|102073010104|2|369000|738000|0|369000|0|0|0|50|369000|80241|2818|7
07-03-2025|07-03-2025|951195|"KASIH KARUNIA SEJATI PT.-951195"|352|"Sunrise MAL MJK"|"T-SHIRT BASIC"|"EMBA JEANS"|"MEN YOUNG CASUAL"|"EMBA JEANS"|"MEN DENIM"|GREY|30|16323534|620231011130|1|290000|290000|0|0|0|0|0|0|290000|01004|6234|1
07-03-2025|07-03-2025|951195|"KASIH KARUNIA SEJATI PT.-951195"|677|"Grage MAL Cirebon"|"T-SHIRT BASIC"|"EMBA JEANS"|"MEN YOUNG CASUAL"|"EMBA JEANS"|"MEN DENIM"|WHITE|M|16323507|103063010102|1|469000|469000|0|234500|0|0|0|50|234500|80303|3929|2
07-03-2025|07-03-2025|951195|"KASIH KARUNIA SEJATI PT.-951195"|254|"Cibinong MAL BGR"|"T-SHIRT BASIC"|"EMBA JEANS"|"MEN YOUNG CASUAL"|"EMBA JEANS"|"MEN DENIM"|BLUE|36|28355273|617112087236|1|290000|290000|0|0|0|0|0|0|290000|02071|8108|1
07-03-2025|07-03-2025|951195|"KASIH KARUNIA SEJATI PT.-951195"|311|"Duta MAL BJM"|"T-SHIRT BASIC"|"EMBA JEANS"|"MEN YOUNG CASUAL"|"EMBA JEANS"|"MEN DENIM"|BLUE|36|28355273|617112087236|1|290000|290000|0|0|0|0|0|0|290000|01008|7054|1
07-03-2025|07-03-2025|951195|"KASIH KARUNIA SEJATI PT.-951195"|255|"Malang Town Sq TC"|"T-SHIRT BASIC"|"EMBA JEANS"|"MEN YOUNG CASUAL"|"EMBA JEANS"|"MEN DENIM"|BLUE|36|28355273|617112087236|1|290000|290000|0|0|0|0|0|0|290000|80361|2156|2
07-03-2025|07-03-2025|951195|"KASIH KARUNIA SEJATI PT.-951195"|311|"Duta MAL BJM"|"T-SHIRT BASIC"|"EMBA JEANS"|"MEN YOUNG CASUAL"|"EMBA JEANS"|"MEN DENIM"|KHAKI|30|28299601|618236021830|2|290000|580000|160000|0|0|0|0|27.6|420000|01003|6810|1
07-03-2025|07-03-2025|951195|"KASIH KARUNIA SEJATI PT.-951195"|327|"Citimall Sampit"|"T-SHIRT BASIC"|"EMBA JEANS"|"MEN YOUNG CASUAL"|"EMBA JEANS"|"MEN DENIM"|BLUE|31|28299209|617029017231|-1|290000|-290000|0|0|0|0|0|0|-290000|90101|192|2
07-03-2025|07-03-2025|951195|"KASIH KARUNIA SEJATI PT.-951195"|221|"Panakkukang MAL MKS"|"T-SHIRT BASIC"|"EMBA JEANS"|"MEN YOUNG CASUAL"|"EMBA JEANS"|"MEN DENIM"|VANILLA|32|25461896|620231019132|1|290000|290000|0|0|0|0|0|0|290000|02019|9990|1
07-03-2025|07-03-2025|951195|"KASIH KARUNIA SEJATI PT.-951195"|221|"Panakkukang MAL MKS"|"T-SHIRT BASIC"|"EMBA JEANS"|"MEN YOUNG CASUAL"|"EMBA JEANS"|"MEN DENIM"|VANILLA|27|25461556|620231019127|1|290000|290000|0|0|0|0|0|0|290000|02021|9661|1
07-03-2025|07-03-2025|951195|"KASIH KARUNIA SEJATI PT.-951195"|555|"Metmal Bekasi"|"T-SHIRT BASIC"|"EMBA JEANS"|"MEN YOUNG CASUAL"|"EMBA JEANS"|"MEN DENIM"|GREY|27|24008842|638256013927|1|469000|469000|140700|0|0|0|0|30|328300|02019|7866|1
07-03-2025|07-03-2025|951195|"KASIH KARUNIA SEJATI PT.-951195"|653|"Lippo MAL Cikarang"|"T-SHIRT BASIC"|"EMBA JEANS"|"MEN YOUNG CASUAL"|"EMBA JEANS"|"MEN DENIM"|BROWN|33|24002517|633223017333|1|299000|299000|59800|0|0|0|0|20|239200|02010|7834|1
07-03-2025|07-03-2025|951195|"KASIH KARUNIA SEJATI PT.-951195"|413|"Kediri Town Sq MAL"|"T-SHIRT BASIC"|"EMBA JEANS"|"MEN YOUNG CASUAL"|"EMBA JEANS"|"MEN DENIM"|BLACK|M|50339829|103058030202|1|249000|249000|0|0|0|0|0|0|249000|01007|8675|1
07-03-2025|07-03-2025|951195|"KASIH KARUNIA SEJATI PT.-951195"|536|"Kudus BZR"|"T-SHIRT BASIC"|"EMBA JEANS"|"MEN YOUNG CASUAL"|"EMBA JEANS"|"MEN DENIM"|BLACK|M|50339829|103058030202|1|249000|249000|0|0|0|0|0|0|249000|01009|515|3
07-03-2025|07-03-2025|951195|"KASIH KARUNIA SEJATI PT.-951195"|294|"Jogja City MAL"|"T-SHIRT BASIC"|"EMBA JEANS"|"MEN YOUNG CASUAL"|"EMBA JEANS"|"MEN DENIM"|GREY|L|45790707|113742013903|1|469000|469000|140700|0|0|0|0|30|328300|02008|9235|1
07-03-2025|07-03-2025|951195|"KASIH KARUNIA SEJATI PT.-951195"|227|"Sidoarjo Town Sq MAL"|"T-SHIRT BASIC"|"EMBA JEANS"|"MEN YOUNG CASUAL"|"EMBA JEANS"|"MEN DENIM"|WHITE|M|45790636|122378014502|1|399000|399000|119700|0|0|0|0|30|279300|01020|2043|2
07-03-2025|07-03-2025|951195|"KASIH KARUNIA SEJATI PT.-951195"|263|"Mega Mall TC Manado"|"T-SHIRT BASIC"|"EMBA JEANS"|"MEN YOUNG CASUAL"|"EMBA JEANS"|"MEN DENIM"|GREEN|M|45790323|122049012402|1|279000|279000|0|0|0|0|0|0|279000|02012|3310|1
07-03-2025|07-03-2025|951195|"KASIH KARUNIA SEJATI PT.-951195"|555|"Metmal Bekasi"|"T-SHIRT BASIC"|"EMBA JEANS"|"MEN YOUNG CASUAL"|"EMBA JEANS"|"MEN DENIM"|BLUE|XL|45363713|409105057204|1|569000|569000|170700|0|0|0|0|30|398300|02053|7516|1
07-03-2025|07-03-2025|951195|"KASIH KARUNIA SEJATI PT.-951195"|555|"Metmal Bekasi"|"T-SHIRT BASIC"|"EMBA JEANS"|"MEN YOUNG CASUAL"|"EMBA JEANS"|"MEN DENIM"|BLUE|31|32883257|618129027231|1|270000|270000|0|0|0|0|0|0|270000|90251|9890|4
07-03-2025|07-03-2025|951195|"KASIH KARUNIA SEJATI PT.-951195"|318|"Indramayu MAL"|"T-SHIRT BASIC"|"EMBA JEANS"|"MEN YOUNG CASUAL"|"EMBA JEANS"|"MEN DENIM"|BLUE|32|28355433|617112047232|1|290000|290000|0|0|0|0|0|0|290000|02021|926|1
07-03-2025|07-03-2025|951195|"KASIH KARUNIA SEJATI PT.-951195"|326|"Lippo PLZ MAL Jember"|"T-SHIRT BASIC"|"EMBA JEANS"|"MEN YOUNG CASUAL"|"EMBA JEANS"|"MEN DENIM"|BLUE|32|28355433|617112047232|3|290000|870000|0|0|0|0|0|0|870000|03026|196|1
07-03-2025|07-03-2025|951195|"KASIH KARUNIA SEJATI PT.-951195"|254|"Cibinong MAL BGR"|"T-SHIRT BASIC"|"EMBA JEANS"|"MEN YOUNG CASUAL"|"EMBA JEANS"|"MEN DENIM"|BLUE|L|51654503|112036011003|1|249000|249000|0|0|0|0|0|0|249000|02057|8097|1
07-03-2025|07-03-2025|951195|"KASIH KARUNIA SEJATI PT.-951195"|387|"Manhattan MAL Medan"|"T-SHIRT BASIC"|"EMBA JEANS"|"MEN YOUNG CASUAL"|"EMBA JEANS"|"MEN DENIM"|BLUE|L|51654503|112036011003|1|249000|249000|0|0|0|0|0|0|249000|03067|1151|4
07-03-2025|07-03-2025|951195|"KASIH KARUNIA SEJATI PT.-951195"|249|"Pakuwon Mall Solo"|"T-SHIRT BASIC"|"EMBA JEANS"|"MEN YOUNG CASUAL"|"EMBA JEANS"|"MEN DENIM"|"NAVY BLUE"|XL|51654398|102085019204|2|279000|558000|0|0|0|0|0|0|558000|01005|9494|7
07-03-2025|07-03-2025|951195|"KASIH KARUNIA SEJATI PT.-951195"|273|"SKA MAL Pekanbaru"|"T-SHIRT BASIC"|"EMBA JEANS"|"MEN YOUNG CASUAL"|"EMBA JEANS"|"MEN DENIM"|"NAVY BLUE"|XL|51654398|102085019204|1|279000|279000|0|0|0|0|0|0|279000|03027|6768|1
07-03-2025|07-03-2025|951195|"KASIH KARUNIA SEJATI PT.-951195"|371|"Pondok Gede TC BKS"|"T-SHIRT BASIC"|"EMBA JEANS"|"MEN YOUNG CASUAL"|"EMBA JEANS"|"MEN DENIM"|"NAVY BLUE"|XL|51654398|102085019204|1|279000|279000|0|0|0|0|0|0|279000|02014|7018|3
07-03-2025|07-03-2025|951195|"KASIH KARUNIA SEJATI PT.-951195"|371|"Pondok Gede TC BKS"|"T-SHIRT BASIC"|"EMBA JEANS"|"MEN YOUNG CASUAL"|"EMBA JEANS"|"MEN DENIM"|"NAVY BLUE"|XL|51654398|102085019204|1|279000|279000|0|0|0|0|0|0|279000|02009|6654|5
07-03-2025|07-03-2025|951195|"KASIH KARUNIA SEJATI PT.-951195"|381|"Singosaren MAL Solo"|"T-SHIRT BASIC"|"EMBA JEANS"|"MEN YOUNG CASUAL"|"EMBA JEANS"|"MEN DENIM"|"NAVY BLUE"|XL|51654398|102085019204|1|279000|279000|0|0|0|0|0|0|279000|01018|9209|2
07-03-2025|07-03-2025|951195|"KASIH KARUNIA SEJATI PT.-951195"|254|"Cibinong MAL BGR"|"T-SHIRT BASIC"|"EMBA JEANS"|"MEN YOUNG CASUAL"|"EMBA JEANS"|"MEN DENIM"|WHITE|XL|51654361|131049010104|1|299000|299000|0|0|0|0|0|0|299000|02071|8406|1
07-03-2025|07-03-2025|951195|"KASIH KARUNIA SEJATI PT.-951195"|313|"Pejaten MAL JKT"|"T-SHIRT BASIC"|"EMBA JEANS"|"MEN YOUNG CASUAL"|"EMBA JEANS"|"MEN DENIM"|KHAKI|L|51654290|122074014403|1|249000|249000|0|0|0|0|0|0|249000|03014|4313|1
07-03-2025|07-03-2025|951195|"KASIH KARUNIA SEJATI PT.-951195"|804|"Matahari HS PWT"|"T-SHIRT BASIC"|"EMBA JEANS"|"MEN YOUNG CASUAL"|"EMBA JEANS"|"MEN DENIM"|RED|L|17640654|113746019503|1|469000|469000|140700|0|0|0|0|30|328300|01005|7361|4
07-03-2025|07-03-2025|951195|"KASIH KARUNIA SEJATI PT.-951195"|355|"E Walk MAL BPP"|"T-SHIRT BASIC"|"EMBA JEANS"|"MEN YOUNG CASUAL"|"EMBA JEANS"|"MEN DENIM"|RED|M|17640618|113811019502|1|529000|529000|158700|0|0|0|0|30|370300|02020|6969|3
07-03-2025|07-03-2025|951195|"KASIH KARUNIA SEJATI PT.-951195"|326|"Lippo PLZ MAL Jember"|"T-SHIRT BASIC"|"EMBA JEANS"|"MEN YOUNG CASUAL"|"EMBA JEANS"|"MEN DENIM"|BLUE|XL|17640332|103048027204|2|429000|858000|429000|0|0|0|0|50|429000|03024|344|1
07-03-2025|07-03-2025|951195|"KASIH KARUNIA SEJATI PT.-951195"|235|"Lippo Kendari MAL"|"T-SHIRT BASIC"|"EMBA JEANS"|"MEN YOUNG CASUAL"|"EMBA JEANS"|"MEN DENIM"|BLUE|33|17335716|616069019633|1|349000|349000|35000|0|0|0|0|10|314000|03010|3052|5
07-03-2025|07-03-2025|951195|"KASIH KARUNIA SEJATI PT.-951195"|263|"Mega Mall TC Manado"|"T-SHIRT BASIC"|"EMBA JEANS"|"MEN YOUNG CASUAL"|"EMBA JEANS"|"MEN DENIM"|BLUE|33|17335716|616069019633|1|349000|349000|35000|0|0|0|0|10|314000|02015|3619|2
07-03-2025|07-03-2025|951195|"KASIH KARUNIA SEJATI PT.-951195"|372|"MAL Ambarukmo Yogya"|"T-SHIRT BASIC"|"EMBA JEANS"|"MEN YOUNG CASUAL"|"EMBA JEANS"|"MEN DENIM"|BLUE|33|17335716|616069019633|1|349000|349000|0|0|0|0|0|0|349000|02014|3667|2
07-03-2025|07-03-2025|951195|"KASIH KARUNIA SEJATI PT.-951195"|227|"Sidoarjo Town Sq MAL"|"T-SHIRT BASIC"|"EMBA JEANS"|"MEN YOUNG CASUAL"|"EMBA JEANS"|"MEN DENIM"|"NAVY BLUE"|33|17334995|616069019033|1|349000|349000|35000|0|0|0|0|10|314000|01027|1990|5
07-03-2025|07-03-2025|951195|"KASIH KARUNIA SEJATI PT.-951195"|345|"Central PLZ MAL BDL"|"T-SHIRT BASIC"|"EMBA JEANS"|"MEN YOUNG CASUAL"|"EMBA JEANS"|"MEN DENIM"|"NAVY BLUE"|33|17334995|616069019033|1|349000|349000|0|0|0|0|0|0|349000|02039|7864|3
07-03-2025|07-03-2025|951195|"KASIH KARUNIA SEJATI PT.-951195"|307|"Citimall TC Sukabumi"|"T-SHIRT BASIC"|"EMBA JEANS"|"MEN YOUNG CASUAL"|"EMBA JEANS"|"MEN DENIM"|"NAVY BLUE"|L|16323472|102096019903|1|399000|399000|119700|0|0|0|0|30|279300|02023|152|1
07-03-2025|07-03-2025|951195|"KASIH KARUNIA SEJATI PT.-951195"|266|"Lippo Puri MAL JKT"|"T-SHIRT BASIC"|"EMBA JEANS"|"MEN YOUNG CASUAL"|"EMBA JEANS"|"MEN DENIM"|BLUE|32|16323329|633191015432|1|449000|449000|134700|0|0|0|0|30|314300|01018|4931|6
07-03-2025|07-03-2025|951195|"KASIH KARUNIA SEJATI PT.-951195"|296|"Serang MAL"|"T-SHIRT BASIC"|"EMBA JEANS"|"MEN YOUNG CASUAL"|"EMBA JEANS"|"MEN DENIM"|BLUE|M|16322697|102061015102|1|429000|429000|214500|0|0|0|0|50|214500|02027|3361|1
07-03-2025|07-03-2025|951195|"KASIH KARUNIA SEJATI PT.-951195"|401|"Citimal Cianjur 2"|"T-SHIRT BASIC"|"EMBA JEANS"|"MEN YOUNG CASUAL"|"EMBA JEANS"|"MEN DENIM"|BROWN|L|16199223|102058030503|1|369000|369000|184500|0|0|0|0|50|184500|02013|8131|2
07-03-2025|07-03-2025|951195|"KASIH KARUNIA SEJATI PT.-951195"|283|"Ayani Mega MAL PTK"|"T-SHIRT BASIC"|"EMBA JEANS"|"MEN YOUNG CASUAL"|"EMBA JEANS"|"MEN DENIM"|WHITE|XL|15801644|113018030104|1|399000|399000|199500|0|0|0|0|50|199500|02013|3458|1
07-03-2025|07-03-2025|951195|"KASIH KARUNIA SEJATI PT.-951195"|233|"Bangkalan PLZ MAL"|"T-SHIRT BASIC"|"EMBA JEANS"|"MEN YOUNG CASUAL"|"EMBA JEANS"|"MEN DENIM"|KHAKI|29|15331705|620231010329|1|290000|290000|0|0|0|0|0|0|290000|01007|8293|1
07-03-2025|07-03-2025|951195|"KASIH KARUNIA SEJATI PT.-951195"|283|"Ayani Mega MAL PTK"|"T-SHIRT BASIC"|"EMBA JEANS"|"MEN YOUNG CASUAL"|"EMBA JEANS"|"MEN DENIM"|KHAKI|29|15331705|620231010329|1|290000|290000|0|0|0|0|0|0|290000|02013|4077|2
07-03-2025|07-03-2025|951195|"KASIH KARUNIA SEJATI PT.-951195"|227|"Sidoarjo Town Sq MAL"|"T-SHIRT BASIC"|"EMBA JEANS"|"MEN YOUNG CASUAL"|"EMBA JEANS"|"MEN DENIM"|GREY|32|15331545|620231013932|1|290000|290000|0|0|0|0|0|0|290000|01009|2240|1
07-03-2025|07-03-2025|951195|"KASIH KARUNIA SEJATI PT.-951195"|293|"Royal Plaza TC SBY"|"T-SHIRT BASIC"|"EMBA JEANS"|"MEN YOUNG CASUAL"|"EMBA JEANS"|"MEN DENIM"|GREY|32|15331545|620231013932|1|290000|290000|0|0|0|0|0|0|290000|80151|2959|1
07-03-2025|07-03-2025|951195|"KASIH KARUNIA SEJATI PT.-951195"|293|"Royal Plaza TC SBY"|"T-SHIRT BASIC"|"EMBA JEANS"|"MEN YOUNG CASUAL"|"EMBA JEANS"|"MEN DENIM"|BLUE|33|14086321|618112087233|1|399000|399000|0|0|0|0|0|0|399000|02036|4314|1
07-03-2025|07-03-2025|951195|"KASIH KARUNIA SEJATI PT.-951195"|333|"Manado Town Sq MAL"|"T-SHIRT BASIC"|"EMBA JEANS"|"MEN YOUNG CASUAL"|"EMBA JEANS"|"MEN DENIM"|KHAKI|33|15331447|620231020333|1|290000|290000|0|0|0|0|0|0|290000|91172|1666|2
07-03-2025|07-03-2025|951195|"KASIH KARUNIA SEJATI PT.-951195"|415|"Plaza MAL Madiun"|"T-SHIRT BASIC"|"EMBA JEANS"|"MEN YOUNG CASUAL"|"EMBA JEANS"|"MEN DENIM"|GREY|32|15331545|620231013932|2|290000|580000|0|0|0|0|0|0|580000|01002|6295|1
07-03-2025|07-03-2025|951195|"KASIH KARUNIA SEJATI PT.-951195"|653|"Lippo MAL Cikarang"|"T-SHIRT BASIC"|"EMBA JEANS"|"MEN YOUNG CASUAL"|"EMBA JEANS"|"MEN DENIM"|GREY|32|15331545|620231013932|1|290000|290000|0|0|0|0|0|0|290000|02011|7919|1
07-03-2025|07-03-2025|951195|"KASIH KARUNIA SEJATI PT.-951195"|300|"Lippo MAL LLG"|"T-SHIRT BASIC"|"EMBA JEANS"|"MEN YOUNG CASUAL"|"EMBA JEANS"|"MEN DENIM"|GREY|32|14086330|633256013932|1|369000|369000|110700|0|0|0|0|30|258300|01005|3458|1
07-03-2025|07-03-2025|951195|"KASIH KARUNIA SEJATI PT.-951195"|300|"Lippo MAL LLG"|"T-SHIRT BASIC"|"USED JEANS"|"MEN YOUNG CASUAL"|"OTO ONO JEANS"|"MEN DENIM"|OLIVE|XL|16845668|209056010404|1|429000|429000|128700|0|0|0|0|30|300300|01014|3237|1
07-03-2025|07-03-2025|951195|"KASIH KARUNIA SEJATI PT.-951195"|645|"Medan MAL"|T-SHIRT|"EMBA CLASSIC"|"MEN CONTEMP CASUAL"|"EMBA CLASSIC"|"MEN CASUAL"|BLACK|L|15316026|610004730103|1|159000|159000|0|0|0|0|0|0|159000|01003|9874|3
07-03-2025|07-03-2025|951195|"KASIH KARUNIA SEJATI PT.-951195"|293|"Royal Plaza TC SBY"|T-SHIRT|"EMBA CLASSIC"|"MEN CONTEMP CASUAL"|"EMBA CLASSIC"|"MEN CASUAL"|BLACK|M|15315938|867005010102|1|279000|279000|0|0|0|0|0|0|279000|02012|4620|2
07-03-2025|07-03-2025|951195|"KASIH KARUNIA SEJATI PT.-951195"|571|"Ciputra MAL Jakarta"|T-SHIRT|"EMBA CLASSIC"|"MEN CONTEMP CASUAL"|"EMBA CLASSIC"|"MEN CASUAL"|BLACK|36|15315812|164062010136|1|229000|229000|0|0|0|0|0|0|229000|03032|3520|1
07-03-2025|07-03-2025|951195|"KASIH KARUNIA SEJATI PT.-951195"|221|"Panakkukang MAL MKS"|T-SHIRT|"EMBA CLASSIC"|"MEN CONTEMP CASUAL"|"EMBA CLASSIC"|"MEN CASUAL"|BLACK|XL|15315714|610017030104|1|299000|299000|89700|0|0|0|0|30|209300|02058|9824|1
07-03-2025|07-03-2025|951195|"KASIH KARUNIA SEJATI PT.-951195"|283|"Ayani Mega MAL PTK"|T-SHIRT|"EMBA CLASSIC"|"MEN CONTEMP CASUAL"|"EMBA CLASSIC"|"MEN CASUAL"|KHAKI|"NO SIZE"|15315661|700019010500|1|229000|229000|68700|0|0|0|0|30|160300|02013|3582|4
07-03-2025|07-03-2025|951195|"KASIH KARUNIA SEJATI PT.-951195"|563|"Plaza Malioboro"|T-SHIRT|"EMBA CLASSIC"|"MEN CONTEMP CASUAL"|"EMBA CLASSIC"|"MEN CASUAL"|BROWN|M|15315581|864763011002|1|199000|199000|0|0|0|0|0|0|199000|02015|8890|1
07-03-2025|07-03-2025|951195|"KASIH KARUNIA SEJATI PT.-951195"|352|"Sunrise MAL MJK"|T-SHIRT|"EMBA CLASSIC"|"MEN CONTEMP CASUAL"|"EMBA CLASSIC"|"MEN CASUAL"|WHITE|M|15315321|867005012802|1|279000|279000|0|0|0|0|0|0|279000|02028|5961|1
07-03-2025|07-03-2025|951195|"KASIH KARUNIA SEJATI PT.-951195"|326|"Lippo PLZ MAL Jember"|T-SHIRT|"EMBA CLASSIC"|"MEN CONTEMP CASUAL"|"EMBA CLASSIC"|"MEN CASUAL"|BLACK|L|15315312|610017030103|1|299000|299000|89700|0|0|0|0|30|209300|03020|207|1
07-03-2025|07-03-2025|951195|"KASIH KARUNIA SEJATI PT.-951195"|255|"Malang Town Sq TC"|T-SHIRT|"EMBA CLASSIC"|"MEN CONTEMP CASUAL"|"EMBA CLASSIC"|"MEN CASUAL"|BLACK|L|15315312|610017030103|1|299000|299000|89700|0|0|0|0|30|209300|02043|9303|2
07-03-2025|07-03-2025|951195|"KASIH KARUNIA SEJATI PT.-951195"|376|"Mitra Malang HS"|T-SHIRT|"EMBA CLASSIC"|"MEN CONTEMP CASUAL"|"EMBA CLASSIC"|"MEN CASUAL"|GREY|L|15315063|868003011803|1|249000|249000|0|0|0|0|0|0|249000|03023|3602|1
07-03-2025|07-03-2025|951195|"KASIH KARUNIA SEJATI PT.-951195"|371|"Pondok Gede TC BKS"|T-SHIRT|"EMBA CLASSIC"|"MEN CONTEMP CASUAL"|"EMBA CLASSIC"|"MEN CASUAL"|BLACK|L|15314797|610017060103|1|259000|259000|77700|0|0|0|0|30|181300|02010|6958|1
07-03-2025|07-03-2025|951195|"KASIH KARUNIA SEJATI PT.-951195"|407|"Discovery Mall Bali"|T-SHIRT|"EMBA CLASSIC"|"MEN CONTEMP CASUAL"|"EMBA CLASSIC"|"MEN CASUAL"|RED|XL|15314591|864287012304|1|279000|279000|0|0|0|0|0|0|279000|01007|6740|1
07-03-2025|07-03-2025|951195|"KASIH KARUNIA SEJATI PT.-951195"|503|"Matahari HS Magelang"|T-SHIRT|"EMBA CLASSIC"|"MEN CONTEMP CASUAL"|"EMBA CLASSIC"|"MEN CASUAL"|GREEN|L|15314546|867005015803|1|279000|279000|0|0|0|0|0|0|279000|02014|238|2
07-03-2025|07-03-2025|951195|"KASIH KARUNIA SEJATI PT.-951195"|314|"Epicentrum MAL MTR"|T-SHIRT|"EMBA CLASSIC"|"MEN CONTEMP CASUAL"|"EMBA CLASSIC"|"MEN CASUAL"|GREEN|L|15314546|867005015803|1|279000|279000|0|0|0|0|0|0|279000|02058|2728|1
07-03-2025|07-03-2025|951195|"KASIH KARUNIA SEJATI PT.-951195"|389|"Java Supermall SMG"|T-SHIRT|"EMBA CLASSIC"|"MEN CONTEMP CASUAL"|"EMBA CLASSIC"|"MEN CASUAL"|WHITE|L|15314304|867005012803|1|279000|279000|0|0|0|0|0|0|279000|02008|799|1
07-03-2025|07-03-2025|951195|"KASIH KARUNIA SEJATI PT.-951195"|536|"Kudus BZR"|T-SHIRT|"EMBA CLASSIC"|"MEN CONTEMP CASUAL"|"EMBA CLASSIC"|"MEN CASUAL"|WHITE|L|15314304|867005012803|1|279000|279000|0|0|0|0|0|0|279000|01006|396|1
07-03-2025|07-03-2025|951195|"KASIH KARUNIA SEJATI PT.-951195"|595|"BIP MAL Bandung"|T-SHIRT|"EMBA CLASSIC"|"MEN CONTEMP CASUAL"|"EMBA CLASSIC"|"MEN CASUAL"|BLACK|L|14325689|868001010103|1|189000|189000|0|0|0|0|0|0|189000|91703|1698|2
07-03-2025|07-03-2025|951195|"KASIH KARUNIA SEJATI PT.-951195"|276|"Bondowoso MAL"|T-SHIRT|"EMBA CLASSIC"|"MEN CONTEMP CASUAL"|"EMBA CLASSIC"|"MEN CASUAL"|BROWN|L|14325590|869001011003|1|229000|229000|0|0|0|0|0|0|229000|01028|5086|1
07-03-2025|07-03-2025|951195|"KASIH KARUNIA SEJATI PT.-951195"|645|"Medan MAL"|T-SHIRT|"EMBA CLASSIC"|"MEN CONTEMP CASUAL"|"EMBA CLASSIC"|"MEN CASUAL"|KHAKI|M|14325009|866006010502|1|229000|229000|0|0|0|0|0|0|229000|01002|9920|4
07-03-2025|07-03-2025|951195|"KASIH KARUNIA SEJATI PT.-951195"|283|"Ayani Mega MAL PTK"|T-SHIRT|"EMBA CLASSIC"|"MEN CONTEMP CASUAL"|"EMBA CLASSIC"|"MEN CASUAL"|BLACK|L|14324537|866006010103|1|229000|229000|0|0|0|0|0|0|229000|02013|3719|1
07-03-2025|07-03-2025|951195|"KASIH KARUNIA SEJATI PT.-951195"|473|"Gress MAL Gresik"|T-SHIRT|"EMBA CLASSIC"|"MEN CONTEMP CASUAL"|"EMBA CLASSIC"|"MEN CASUAL"|GREY|31|14324037|119051014931|1|279000|279000|0|0|0|0|0|0|279000|02025|7520|2
07-03-2025|07-03-2025|951195|"KASIH KARUNIA SEJATI PT.-951195"|255|"Malang Town Sq TC"|T-SHIRT|"EMBA CLASSIC"|"MEN CONTEMP CASUAL"|"EMBA CLASSIC"|"MEN CASUAL"|BROWN|M|14324000|595016011002|14|599000|8386000|2515800|0|0|0|0|30|5870200|02022|9312|1
07-03-2025|07-03-2025|951195|"KASIH KARUNIA SEJATI PT.-951195"|309|"Binjai Supermall TC"|T-SHIRT|"EMBA CLASSIC"|"MEN CONTEMP CASUAL"|"EMBA CLASSIC"|"MEN CASUAL"|WHITE|3XL|13466798|864036012806|1|229000|229000|0|0|0|0|0|0|229000|01007|5486|2
07-03-2025|07-03-2025|951195|"KASIH KARUNIA SEJATI PT.-951195"|637|"Blok M Plaza MAL JKT"|T-SHIRT|"EMBA CLASSIC"|"MEN CONTEMP CASUAL"|"EMBA CLASSIC"|"MEN CASUAL"|GREEN|M|13466396|591017010402|1|639000|639000|191700|0|0|0|0|30|447300|03018|6294|4
07-03-2025|07-03-2025|951195|"KASIH KARUNIA SEJATI PT.-951195"|413|"Kediri Town Sq MAL"|T-SHIRT|"EMBA CLASSIC"|"MEN CONTEMP CASUAL"|"EMBA CLASSIC"|"MEN CASUAL"|OLIVE|L|13466323|871036011703|1|249000|249000|0|0|0|0|0|0|249000|01001|8475|2
07-03-2025|07-03-2025|951195|"KASIH KARUNIA SEJATI PT.-951195"|339|"Artha Gading MAL JKT"|T-SHIRT|"EMBA CLASSIC"|"MEN CONTEMP CASUAL"|"EMBA CLASSIC"|"MEN CASUAL"|GREY|34|15317267|164062011834|1|229000|229000|0|0|0|0|0|0|229000|80253|2458|3
07-03-2025|07-03-2025|951195|"KASIH KARUNIA SEJATI PT.-951195"|227|"Sidoarjo Town Sq MAL"|T-SHIRT|"EMBA CLASSIC"|"MEN CONTEMP CASUAL"|"EMBA CLASSIC"|"MEN CASUAL"|WHITE|XL|15317212|868003012804|1|249000|249000|0|0|0|0|0|0|249000|01019|2385|3
07-03-2025|07-03-2025|951195|"KASIH KARUNIA SEJATI PT.-951195"|387|"Manhattan MAL Medan"|T-SHIRT|"EMBA CLASSIC"|"MEN CONTEMP CASUAL"|"EMBA CLASSIC"|"MEN CASUAL"|WHITE|XL|15317212|868003012804|1|249000|249000|0|0|0|0|0|0|249000|03019|1329|1
07-03-2025|07-03-2025|951195|"KASIH KARUNIA SEJATI PT.-951195"|536|"Kudus BZR"|T-SHIRT|"EMBA CLASSIC"|"MEN CONTEMP CASUAL"|"EMBA CLASSIC"|"MEN CASUAL"|GREY|M|15317043|867005011802|1|279000|279000|0|0|0|0|0|0|279000|01006|623|1
07-03-2025|07-03-2025|951195|"KASIH KARUNIA SEJATI PT.-951195"|440|"Ciputra MAL TNG"|T-SHIRT|"EMBA CLASSIC"|"MEN CONTEMP CASUAL"|"EMBA CLASSIC"|"MEN CASUAL"|BLACK|XL|15316777|867005010104|1|279000|279000|0|0|0|0|0|0|279000|03056|4400|2
07-03-2025|07-03-2025|951195|"KASIH KARUNIA SEJATI PT.-951195"|318|"Indramayu MAL"|T-SHIRT|"EMBA CLASSIC"|"MEN CONTEMP CASUAL"|"EMBA CLASSIC"|"MEN CASUAL"|ORANGE|L|15316508|867005016303|1|279000|279000|0|0|0|0|0|0|279000|02026|1285|1
07-03-2025|07-03-2025|951195|"KASIH KARUNIA SEJATI PT.-951195"|376|"Mitra Malang HS"|T-SHIRT|"EMBA CLASSIC"|"MEN CONTEMP CASUAL"|"EMBA CLASSIC"|"MEN CASUAL"|BLACK|L|15316384|867005010103|1|279000|279000|0|0|0|0|0|0|279000|03023|3525|2
07-03-2025|07-03-2025|951195|"KASIH KARUNIA SEJATI PT.-951195"|367|"Jayapura MAL"|T-SHIRT|"EMBA CLASSIC"|"MEN CONTEMP CASUAL"|"EMBA CLASSIC"|"MEN CASUAL"|GREEN|M|15316222|867005015802|1|279000|279000|0|0|0|0|0|0|279000|01004|9096|1
07-03-2025|07-03-2025|951195|"KASIH KARUNIA SEJATI PT.-951195"|507|"Int. Plaza TC PLG"|T-SHIRT|"EMBA CLASSIC"|"MEN CONTEMP CASUAL"|"EMBA CLASSIC"|"MEN CASUAL"|WHITE|"NO SIZE"|15316160|703020017100|1|229000|229000|45800|0|0|0|0|20|183200|03017|839|1
07-03-2025|07-03-2025|951195|"KASIH KARUNIA SEJATI PT.-951195"|303|"Solo Square MAL"|T-SHIRT|"EMBA CLASSIC"|"MEN CONTEMP CASUAL"|"EMBA CLASSIC"|"MEN CASUAL"|BROWN|L|16496054|871032021004|1|279000|279000|0|0|0|0|0|0|279000|02012|1468|1
07-03-2025|07-03-2025|951195|"KASIH KARUNIA SEJATI PT.-951195"|337|"Basko Grand MAL PAD"|T-SHIRT|"EMBA CLASSIC"|"MEN CONTEMP CASUAL"|"EMBA CLASSIC"|"MEN CASUAL"|BROWN|L|16496054|871032021004|1|279000|279000|0|0|0|0|0|0|279000|02020|402|1
07-03-2025|07-03-2025|951195|"KASIH KARUNIA SEJATI PT.-951195"|426|"Matahari HS TSM"|T-SHIRT|"EMBA CLASSIC"|"MEN CONTEMP CASUAL"|"EMBA CLASSIC"|"MEN CASUAL"|KHAKI|36|16453546|152010032736|1|249000|249000|0|0|0|0|0|0|249000|02001|3821|1
07-03-2025|07-03-2025|951195|"KASIH KARUNIA SEJATI PT.-951195"|376|"Mitra Malang HS"|T-SHIRT|"EMBA CLASSIC"|"MEN CONTEMP CASUAL"|"EMBA CLASSIC"|"MEN CASUAL"|BLACK|27|16242498|152010030127|1|249000|249000|0|0|0|0|0|0|249000|03023|3406|1
07-03-2025|07-03-2025|951195|"KASIH KARUNIA SEJATI PT.-951195"|227|"Sidoarjo Town Sq MAL"|T-SHIRT|"EMBA CLASSIC"|"MEN CONTEMP CASUAL"|"EMBA CLASSIC"|"MEN CASUAL"|BLACK|30|16242345|152010030130|1|249000|249000|0|0|0|0|0|0|249000|03010|2106|1
07-03-2025|07-03-2025|951195|"KASIH KARUNIA SEJATI PT.-951195"|473|"Gress MAL Gresik"|T-SHIRT|"EMBA CLASSIC"|"MEN CONTEMP CASUAL"|"EMBA CLASSIC"|"MEN CASUAL"|BLACK|30|16242345|152010030130|1|249000|249000|0|0|0|0|0|0|249000|02023|7622|1
07-03-2025|07-03-2025|951195|"KASIH KARUNIA SEJATI PT.-951195"|553|"Thamrin PLZ MAL MDN"|T-SHIRT|"EMBA CLASSIC"|"MEN CONTEMP CASUAL"|"EMBA CLASSIC"|"MEN CASUAL"|BLACK|30|16242345|152010030130|1|249000|249000|0|0|0|0|0|0|249000|04013|7955|6
07-03-2025|07-03-2025|951195|"KASIH KARUNIA SEJATI PT.-951195"|407|"Discovery Mall Bali"|T-SHIRT|"EMBA CLASSIC"|"MEN CONTEMP CASUAL"|"EMBA CLASSIC"|"MEN CASUAL"|BLACK|33|16242336|152010030133|1|249000|249000|0|0|0|0|0|0|249000|71010|6670|2
07-03-2025|07-03-2025|951195|"KASIH KARUNIA SEJATI PT.-951195"|263|"Mega Mall TC Manado"|T-SHIRT|"EMBA CLASSIC"|"MEN CONTEMP CASUAL"|"EMBA CLASSIC"|"MEN CASUAL"|YELLOW|M|15799425|866005011202|1|229000|229000|0|0|0|0|0|0|229000|02013|3179|3
07-03-2025|07-03-2025|951195|"KASIH KARUNIA SEJATI PT.-951195"|309|"Binjai Supermall TC"|T-SHIRT|"EMBA CLASSIC"|"MEN CONTEMP CASUAL"|"EMBA CLASSIC"|"MEN CASUAL"|"NAVY BLUE"|L|17610972|868847012203|1|249000|249000|0|0|0|0|0|0|249000|02015|5392|2
07-03-2025|07-03-2025|951195|"KASIH KARUNIA SEJATI PT.-951195"|413|"Kediri Town Sq MAL"|T-SHIRT|"EMBA CLASSIC"|"MEN CONTEMP CASUAL"|"EMBA CLASSIC"|"MEN CASUAL"|GREY|L|17610945|866002011803|1|229000|229000|0|0|0|0|0|0|229000|01031|8956|6
07-03-2025|07-03-2025|951195|"KASIH KARUNIA SEJATI PT.-951195"|221|"Panakkukang MAL MKS"|T-SHIRT|"EMBA CLASSIC"|"MEN CONTEMP CASUAL"|"EMBA CLASSIC"|"MEN CASUAL"|WHITE|L|17610883|867002012803|1|279000|279000|0|0|0|0|0|0|279000|02021|457|1
07-03-2025|07-03-2025|951195|"KASIH KARUNIA SEJATI PT.-951195"|553|"Thamrin PLZ MAL MDN"|T-SHIRT|"EMBA CLASSIC"|"MEN CONTEMP CASUAL"|"EMBA CLASSIC"|"MEN CASUAL"|BLACK|L|17610856|866002010103|1|229000|229000|0|0|0|0|0|0|229000|04013|7955|4
07-03-2025|07-03-2025|951195|"KASIH KARUNIA SEJATI PT.-951195"|309|"Binjai Supermall TC"|T-SHIRT|"EMBA CLASSIC"|"MEN CONTEMP CASUAL"|"EMBA CLASSIC"|"MEN CASUAL"|KHAKI|M|17610829|866002012102|1|229000|229000|0|0|0|0|0|0|229000|02015|5392|1
07-03-2025|07-03-2025|951195|"KASIH KARUNIA SEJATI PT.-951195"|523|"Tunjungan MAL SBY"|T-SHIRT|"EMBA CLASSIC"|"MEN CONTEMP CASUAL"|"EMBA CLASSIC"|"MEN CASUAL"|KHAKI|M|17610829|866002012102|1|229000|229000|0|0|0|0|0|0|229000|03036|9982|1
07-03-2025|07-03-2025|951195|"KASIH KARUNIA SEJATI PT.-951195"|677|"Grage MAL Cirebon"|T-SHIRT|"EMBA CLASSIC"|"MEN CONTEMP CASUAL"|"EMBA CLASSIC"|"MEN CASUAL"|WHITE|L|17610801|866002012803|1|229000|229000|0|0|0|0|0|0|229000|02010|9257|4
07-03-2025|07-03-2025|951195|"KASIH KARUNIA SEJATI PT.-951195"|536|"Kudus BZR"|T-SHIRT|"EMBA CLASSIC"|"MEN CONTEMP CASUAL"|"EMBA CLASSIC"|"MEN CASUAL"|YELLOW|XXL|17610703|866002011205|1|229000|229000|0|0|0|0|0|0|229000|01006|393|4
07-03-2025|07-03-2025|951195|"KASIH KARUNIA SEJATI PT.-951195"|336|"Balikpapan Baru TC"|T-SHIRT|"EMBA CLASSIC"|"MEN CONTEMP CASUAL"|"EMBA CLASSIC"|"MEN CASUAL"|BLACK|M|17610678|866002010102|1|229000|229000|0|0|0|0|0|0|229000|80302|3777|1
07-03-2025|07-03-2025|951195|"KASIH KARUNIA SEJATI PT.-951195"|326|"Lippo PLZ MAL Jember"|T-SHIRT|"EMBA CLASSIC"|"MEN CONTEMP CASUAL"|"EMBA CLASSIC"|"MEN CASUAL"|OLIVE|M|17610669|867002011702|1|279000|279000|0|0|0|0|0|0|279000|03024|208|1
07-03-2025|07-03-2025|951195|"KASIH KARUNIA SEJATI PT.-951195"|312|"Lippo PLZ MAL Jambi"|T-SHIRT|"EMBA CLASSIC"|"MEN CONTEMP CASUAL"|"EMBA CLASSIC"|"MEN CASUAL"|OLIVE|XL|17610561|868847013704|1|249000|249000|0|0|0|0|0|0|249000|01011|5701|3
07-03-2025|07-03-2025|951195|"KASIH KARUNIA SEJATI PT.-951195"|595|"BIP MAL Bandung"|T-SHIRT|"EMBA CLASSIC"|"MEN CONTEMP CASUAL"|"EMBA CLASSIC"|"MEN CASUAL"|"NAVY BLUE"|L|17610490|867002012203|2|279000|558000|0|0|0|0|0|0|558000|82703|622|4
07-03-2025|07-03-2025|951195|"KASIH KARUNIA SEJATI PT.-951195"|326|"Lippo PLZ MAL Jember"|T-SHIRT|"EMBA CLASSIC"|"MEN CONTEMP CASUAL"|"EMBA CLASSIC"|"MEN CASUAL"|GREEN|XL|17610472|868880011604|1|249000|249000|0|0|0|0|0|0|249000|03024|234|1
07-03-2025|07-03-2025|951195|"KASIH KARUNIA SEJATI PT.-951195"|289|"Paragon City MAL SMG"|T-SHIRT|"EMBA CLASSIC"|"MEN CONTEMP CASUAL"|"EMBA CLASSIC"|"MEN CASUAL"|GREY|XL|17610427|868880011804|1|249000|249000|0|0|0|0|0|0|249000|02021|4633|1
07-03-2025|07-03-2025|951195|"KASIH KARUNIA SEJATI PT.-951195"|595|"BIP MAL Bandung"|T-SHIRT|"EMBA CLASSIC"|"MEN CONTEMP CASUAL"|"EMBA CLASSIC"|"MEN CASUAL"|BLACK|L|17610418|867002010103|1|279000|279000|0|0|0|0|0|0|279000|82703|622|3
07-03-2025|07-03-2025|951195|"KASIH KARUNIA SEJATI PT.-951195"|293|"Royal Plaza TC SBY"|T-SHIRT|"EMBA CLASSIC"|"MEN CONTEMP CASUAL"|"EMBA CLASSIC"|"MEN CASUAL"|"NAVY BLUE"|M|17610392|868880012202|1|249000|249000|0|0|0|0|0|0|249000|02012|4336|4
07-03-2025|07-03-2025|951195|"KASIH KARUNIA SEJATI PT.-951195"|303|"Solo Square MAL"|T-SHIRT|"EMBA CLASSIC"|"MEN CONTEMP CASUAL"|"EMBA CLASSIC"|"MEN CASUAL"|KHAKI|XL|17610383|867002012104|1|279000|279000|0|0|0|0|0|0|279000|01006|1800|3
07-03-2025|07-03-2025|951195|"KASIH KARUNIA SEJATI PT.-951195"|677|"Grage MAL Cirebon"|T-SHIRT|"EMBA CLASSIC"|"MEN CONTEMP CASUAL"|"EMBA CLASSIC"|"MEN CASUAL"|KHAKI|XL|17610329|866002012104|1|229000|229000|0|0|0|0|0|0|229000|02010|9484|2
07-03-2025|07-03-2025|951195|"KASIH KARUNIA SEJATI PT.-951195"|473|"Gress MAL Gresik"|T-SHIRT|"EMBA CLASSIC"|"MEN CONTEMP CASUAL"|"EMBA CLASSIC"|"MEN CASUAL"|KHAKI|L|17610285|867002012103|1|279000|279000|0|0|0|0|0|0|279000|02021|7914|4
07-03-2025|07-03-2025|951195|"KASIH KARUNIA SEJATI PT.-951195"|302|"Festive Walk MAL KWG"|T-SHIRT|"EMBA CLASSIC"|"MEN CONTEMP CASUAL"|"EMBA CLASSIC"|"MEN CASUAL"|BLACK|XL|17610230|867002010104|1|279000|279000|0|0|0|0|0|0|279000|02019|6204|1
07-03-2025|07-03-2025|951195|"KASIH KARUNIA SEJATI PT.-951195"|413|"Kediri Town Sq MAL"|T-SHIRT|"EMBA CLASSIC"|"MEN CONTEMP CASUAL"|"EMBA CLASSIC"|"MEN CASUAL"|KHAKI|XXL|17338277|870777010505|1|249000|249000|0|0|0|0|0|0|249000|01050|8616|1
07-03-2025|07-03-2025|951195|"KASIH KARUNIA SEJATI PT.-951195"|619|"Plasa HS Klaten"|T-SHIRT|"EMBA CLASSIC"|"MEN CONTEMP CASUAL"|"EMBA CLASSIC"|"MEN CASUAL"|BLACK|M|17338213|870787010102|1|249000|249000|0|0|0|0|0|0|249000|02008|7644|12
07-03-2025|07-03-2025|951195|"KASIH KARUNIA SEJATI PT.-951195"|453|"Supermal Karawaci"|T-SHIRT|"EMBA CLASSIC"|"MEN CONTEMP CASUAL"|"EMBA CLASSIC"|"MEN CASUAL"|WHITE|M|17338197|871843012802|1|249000|249000|0|0|0|0|0|0|249000|02013|6956|4
07-03-2025|07-03-2025|951195|"KASIH KARUNIA SEJATI PT.-951195"|507|"Int. Plaza TC PLG"|T-SHIRT|"EMBA CLASSIC"|"MEN CONTEMP CASUAL"|"EMBA CLASSIC"|"MEN CASUAL"|WHITE|M|17338197|871843012802|3|249000|747000|0|0|0|0|0|0|747000|03025|1113|4
07-03-2025|07-03-2025|951195|"KASIH KARUNIA SEJATI PT.-951195"|326|"Lippo PLZ MAL Jember"|T-SHIRT|"EMBA CLASSIC"|"MEN CONTEMP CASUAL"|"EMBA CLASSIC"|"MEN CASUAL"|WHITE|XL|17338142|870789012804|1|249000|249000|0|0|0|0|0|0|249000|03024|735|1
07-03-2025|07-03-2025|951195|"KASIH KARUNIA SEJATI PT.-951195"|334|"OPI MAL Palembang"|T-SHIRT|"EMBA CLASSIC"|"MEN CONTEMP CASUAL"|"EMBA CLASSIC"|"MEN CASUAL"|WHITE|M|17338017|870779012802|1|249000|249000|0|0|0|0|0|0|249000|01007|7508|1
07-03-2025|07-03-2025|951195|"KASIH KARUNIA SEJATI PT.-951195"|392|"Pacific MAL Tegal"|T-SHIRT|"EMBA CLASSIC"|"MEN CONTEMP CASUAL"|"EMBA CLASSIC"|"MEN CASUAL"|WHITE|XL|17337992|871776012804|8|259000|2072000|80000|0|0|0|0|3.9|1992000|01026|2934|1
07-03-2025|07-03-2025|951195|"KASIH KARUNIA SEJATI PT.-951195"|653|"Lippo MAL Cikarang"|T-SHIRT|"EMBA CLASSIC"|"MEN CONTEMP CASUAL"|"EMBA CLASSIC"|"MEN CASUAL"|WHITE|M|17337956|870781012802|1|249000|249000|0|0|0|0|0|0|249000|01006|7953|4
07-03-2025|07-03-2025|951195|"KASIH KARUNIA SEJATI PT.-951195"|293|"Royal Plaza TC SBY"|T-SHIRT|"EMBA CLASSIC"|"MEN CONTEMP CASUAL"|"EMBA CLASSIC"|"MEN CASUAL"|BLACK|XL|17337910|871775010104|1|259000|259000|0|0|0|0|0|0|259000|80151|2963|3
07-03-2025|07-03-2025|951195|"KASIH KARUNIA SEJATI PT.-951195"|289|"Paragon City MAL SMG"|T-SHIRT|"EMBA CLASSIC"|"MEN CONTEMP CASUAL"|"EMBA CLASSIC"|"MEN CASUAL"|"NAVY BLUE"|M|17337849|870778012202|1|249000|249000|0|0|0|0|0|0|249000|01003|4690|3
07-03-2025|07-03-2025|951195|"KASIH KARUNIA SEJATI PT.-951195"|326|"Lippo PLZ MAL Jember"|T-SHIRT|"EMBA CLASSIC"|"MEN CONTEMP CASUAL"|"EMBA CLASSIC"|"MEN CASUAL"|WHITE|M|17337625|870789012802|1|249000|249000|0|0|0|0|0|0|249000|03010|342|1
07-03-2025|07-03-2025|951195|"KASIH KARUNIA SEJATI PT.-951195"|653|"Lippo MAL Cikarang"|T-SHIRT|"EMBA CLASSIC"|"MEN CONTEMP CASUAL"|"EMBA CLASSIC"|"MEN CASUAL"|WHITE|M|17337625|870789012802|1|249000|249000|0|0|0|0|0|0|249000|02011|8017|2
07-03-2025|07-03-2025|951195|"KASIH KARUNIA SEJATI PT.-951195"|503|"Matahari HS Magelang"|T-SHIRT|"EMBA CLASSIC"|"MEN CONTEMP CASUAL"|"EMBA CLASSIC"|"MEN CASUAL"|BLACK|M|17337563|540001170102|1|229000|229000|0|0|0|0|0|0|229000|02011|527|1
07-03-2025|07-03-2025|951195|"KASIH KARUNIA SEJATI PT.-951195"|273|"SKA MAL Pekanbaru"|T-SHIRT|"EMBA CLASSIC"|"MEN CONTEMP CASUAL"|"EMBA CLASSIC"|"MEN CASUAL"|WHITE|XL|17337518|871769012804|1|259000|259000|0|0|0|0|0|0|259000|03038|7362|7
07-03-2025|07-03-2025|951195|"KASIH KARUNIA SEJATI PT.-951195"|273|"SKA MAL Pekanbaru"|T-SHIRT|"EMBA CLASSIC"|"MEN CONTEMP CASUAL"|"EMBA CLASSIC"|"MEN CASUAL"|WHITE|XXL|17337492|871769012805|1|259000|259000|0|0|0|0|0|0|259000|03038|7362|6
07-03-2025|07-03-2025|951195|"KASIH KARUNIA SEJATI PT.-951195"|289|"Paragon City MAL SMG"|T-SHIRT|"EMBA CLASSIC"|"MEN CONTEMP CASUAL"|"EMBA CLASSIC"|"MEN CASUAL"|BLACK|M|17337269|871775010102|1|259000|259000|0|0|0|0|0|0|259000|02021|4395|1
07-03-2025|07-03-2025|951195|"KASIH KARUNIA SEJATI PT.-951195"|553|"Thamrin PLZ MAL MDN"|T-SHIRT|"EMBA CLASSIC"|"MEN CONTEMP CASUAL"|"EMBA CLASSIC"|"MEN CASUAL"|GREEN|L|17337125|864832011603|1|399000|399000|119700|0|0|0|0|30|279300|04013|7955|7
07-03-2025|07-03-2025|951195|"KASIH KARUNIA SEJATI PT.-951195"|293|"Royal Plaza TC SBY"|T-SHIRT|"EMBA CLASSIC"|"MEN CONTEMP CASUAL"|"EMBA CLASSIC"|"MEN CASUAL"|KHAKI|M|17337045|870777010502|1|249000|249000|0|0|0|0|0|0|249000|80151|2934|1
07-03-2025|07-03-2025|951195|"KASIH KARUNIA SEJATI PT.-951195"|326|"Lippo PLZ MAL Jember"|T-SHIRT|"EMBA CLASSIC"|"MEN CONTEMP CASUAL"|"EMBA CLASSIC"|"MEN CASUAL"|KHAKI|M|17337045|870777010502|1|249000|249000|0|0|0|0|0|0|249000|03026|479|2
07-03-2025|07-03-2025|951195|"KASIH KARUNIA SEJATI PT.-951195"|337|"Basko Grand MAL PAD"|T-SHIRT|"EMBA CLASSIC"|"MEN CONTEMP CASUAL"|"EMBA CLASSIC"|"MEN CASUAL"|KHAKI|M|17337045|870777010502|1|249000|249000|0|0|0|0|0|0|249000|02013|455|7
07-03-2025|07-03-2025|951195|"KASIH KARUNIA SEJATI PT.-951195"|326|"Lippo PLZ MAL Jember"|T-SHIRT|"EMBA CLASSIC"|"MEN CONTEMP CASUAL"|"EMBA CLASSIC"|"MEN CASUAL"|WHITE|M|17336966|871771012802|1|259000|259000|0|0|0|0|0|0|259000|03015|713|1
07-03-2025|07-03-2025|951195|"KASIH KARUNIA SEJATI PT.-951195"|413|"Kediri Town Sq MAL"|T-SHIRT|"EMBA CLASSIC"|"MEN CONTEMP CASUAL"|"EMBA CLASSIC"|"MEN CASUAL"|GREY|XL|17336788|870786011804|1|249000|249000|0|0|0|0|0|0|249000|01037|8141|2
07-03-2025|07-03-2025|951195|"KASIH KARUNIA SEJATI PT.-951195"|352|"Sunrise MAL MJK"|T-SHIRT|"EMBA CLASSIC"|"MEN CONTEMP CASUAL"|"EMBA CLASSIC"|"MEN CASUAL"|GREY|M|17336564|870788013102|1|249000|249000|0|0|0|0|0|0|249000|02023|6028|1
07-03-2025|07-03-2025|951195|"KASIH KARUNIA SEJATI PT.-951195"|539|"Solo Grand MAL"|T-SHIRT|"EMBA CLASSIC"|"MEN CONTEMP CASUAL"|"EMBA CLASSIC"|"MEN CASUAL"|BLACK|XL|17336493|870787010104|1|249000|249000|0|0|0|0|0|0|249000|02010|3883|1
07-03-2025|07-03-2025|951195|"KASIH KARUNIA SEJATI PT.-951195"|413|"Kediri Town Sq MAL"|T-SHIRT|"EMBA CLASSIC"|"MEN CONTEMP CASUAL"|"EMBA CLASSIC"|"MEN CASUAL"|GREY|L|17336420|870788013103|1|249000|249000|0|0|0|0|0|0|249000|01037|8141|1
07-03-2025|07-03-2025|951195|"KASIH KARUNIA SEJATI PT.-951195"|326|"Lippo PLZ MAL Jember"|T-SHIRT|"EMBA CLASSIC"|"MEN CONTEMP CASUAL"|"EMBA CLASSIC"|"MEN CASUAL"|WHITE|L|17336377|870789012803|1|249000|249000|0|0|0|0|0|0|249000|03024|461|1
07-03-2025|07-03-2025|951195|"KASIH KARUNIA SEJATI PT.-951195"|412|"CITIMALL BONTANG"|T-SHIRT|"EMBA CLASSIC"|"MEN CONTEMP CASUAL"|"EMBA CLASSIC"|"MEN CASUAL"|WHITE|L|17336377|870789012803|1|249000|249000|0|0|0|0|0|0|249000|01006|6678|2
07-03-2025|07-03-2025|951195|"KASIH KARUNIA SEJATI PT.-951195"|643|"Ambon Indah Plaza TC"|T-SHIRT|"EMBA CLASSIC"|"MEN CONTEMP CASUAL"|"EMBA CLASSIC"|"MEN CASUAL"|"MULTI COLOR"|"NO SIZE"|16802196|311000050000|1|49000|49000|48999|0|0|0|0|100|1|02015|3065|23
07-03-2025|07-03-2025|951195|"KASIH KARUNIA SEJATI PT.-951195"|255|"Malang Town Sq TC"|T-SHIRT|"EMBA CLASSIC"|"MEN CONTEMP CASUAL"|"EMBA CLASSIC"|"MEN CASUAL"|BLACK|L|16802114|610017080103|1|269000|269000|80700|0|0|0|0|30|188300|02043|9303|1
07-03-2025|07-03-2025|951195|"KASIH KARUNIA SEJATI PT.-951195"|261|"Plaza Medan Fair TC"|T-SHIRT|"EMBA CLASSIC"|"MEN CONTEMP CASUAL"|"EMBA CLASSIC"|"MEN CASUAL"|BLACK|M|16802105|879054010102|1|249000|249000|0|0|0|0|0|0|249000|01008|3605|1
07-03-2025|07-03-2025|951195|"KASIH KARUNIA SEJATI PT.-951195"|412|"CITIMALL BONTANG"|T-SHIRT|"EMBA CLASSIC"|"MEN CONTEMP CASUAL"|"EMBA CLASSIC"|"MEN CASUAL"|BLACK|M|16802105|879054010102|1|249000|249000|0|0|0|0|0|0|249000|01008|6759|1
07-03-2025|07-03-2025|951195|"KASIH KARUNIA SEJATI PT.-951195"|312|"Lippo PLZ MAL Jambi"|T-SHIRT|"EMBA CLASSIC"|"MEN CONTEMP CASUAL"|"EMBA CLASSIC"|"MEN CASUAL"|BLACK|L|16802089|879054010103|1|249000|249000|0|0|0|0|0|0|249000|01014|5841|1
07-03-2025|07-03-2025|951195|"KASIH KARUNIA SEJATI PT.-951195"|381|"Singosaren MAL Solo"|T-SHIRT|"EMBA CLASSIC"|"MEN CONTEMP CASUAL"|"EMBA CLASSIC"|"MEN CASUAL"|"NAVY BLUE"|L|16802034|879054012203|1|249000|249000|0|0|0|0|0|0|249000|01007|9238|2
07-03-2025|07-03-2025|951195|"KASIH KARUNIA SEJATI PT.-951195"|384|"Citimall Lahat"|T-SHIRT|"EMBA CLASSIC"|"MEN CONTEMP CASUAL"|"EMBA CLASSIC"|"MEN CASUAL"|BLACK|L|16801982|865099010103|1|399000|399000|119700|0|0|0|0|30|279300|02019|3414|1
07-03-2025|07-03-2025|951195|"KASIH KARUNIA SEJATI PT.-951195"|553|"Thamrin PLZ MAL MDN"|T-SHIRT|"EMBA CLASSIC"|"MEN CONTEMP CASUAL"|"EMBA CLASSIC"|"MEN CASUAL"|"MULTI COLOR"|"NO SIZE"|16801955|311000080000|1|49000|49000|48999|0|0|0|0|100|1|04013|7955|5
07-03-2025|07-03-2025|951195|"KASIH KARUNIA SEJATI PT.-951195"|381|"Singosaren MAL Solo"|T-SHIRT|"EMBA CLASSIC"|"MEN CONTEMP CASUAL"|"EMBA CLASSIC"|"MEN CASUAL"|"NAVY BLUE"|M|16801946|879054012202|1|249000|249000|0|0|0|0|0|0|249000|01007|9238|1
07-03-2025|07-03-2025|951195|"KASIH KARUNIA SEJATI PT.-951195"|503|"Matahari HS Magelang"|T-SHIRT|"EMBA CLASSIC"|"MEN CONTEMP CASUAL"|"EMBA CLASSIC"|"MEN CASUAL"|"NAVY BLUE"|M|16801946|879054012202|1|249000|249000|0|0|0|0|0|0|249000|02006|72|3
07-03-2025|07-03-2025|951195|"KASIH KARUNIA SEJATI PT.-951195"|507|"Int. Plaza TC PLG"|T-SHIRT|"EMBA CLASSIC"|"MEN CONTEMP CASUAL"|"EMBA CLASSIC"|"MEN CASUAL"|BROWN|L|16801937|879054011003|1|249000|249000|0|0|0|0|0|0|249000|03025|978|8
07-03-2025|07-03-2025|951195|"KASIH KARUNIA SEJATI PT.-951195"|415|"Plaza MAL Madiun"|T-SHIRT|"EMBA CLASSIC"|"MEN CONTEMP CASUAL"|"EMBA CLASSIC"|"MEN CASUAL"|BROWN|L|16801937|879054011003|1|249000|249000|0|0|0|0|0|0|249000|02007|5898|2
07-03-2025|07-03-2025|951195|"KASIH KARUNIA SEJATI PT.-951195"|263|"Mega Mall TC Manado"|T-SHIRT|"EMBA CLASSIC"|"MEN CONTEMP CASUAL"|"EMBA CLASSIC"|"MEN CASUAL"|BROWN|M|16801900|879054011002|1|249000|249000|0|0|0|0|0|0|249000|02011|3620|1
07-03-2025|07-03-2025|951195|"KASIH KARUNIA SEJATI PT.-951195"|536|"Kudus BZR"|T-SHIRT|"EMBA CLASSIC"|"MEN CONTEMP CASUAL"|"EMBA CLASSIC"|"MEN CASUAL"|BROWN|M|16801900|879054011002|1|249000|249000|0|0|0|0|0|0|249000|01011|549|3
07-03-2025|07-03-2025|951195|"KASIH KARUNIA SEJATI PT.-951195"|503|"Matahari HS Magelang"|T-SHIRT|"EMBA CLASSIC"|"MEN CONTEMP CASUAL"|"EMBA CLASSIC"|"MEN CASUAL"|BLACK|M|16801884|864098010102|1|369000|369000|110700|0|0|0|0|30|258300|01001|248|5
07-03-2025|07-03-2025|951195|"KASIH KARUNIA SEJATI PT.-951195"|263|"Mega Mall TC Manado"|T-SHIRT|"EMBA CLASSIC"|"MEN CONTEMP CASUAL"|"EMBA CLASSIC"|"MEN CASUAL"|WHITE|L|16801848|865099012803|1|399000|399000|119700|0|0|0|0|30|279300|02011|3676|1
07-03-2025|07-03-2025|951195|"KASIH KARUNIA SEJATI PT.-951195"|296|"Serang MAL"|T-SHIRT|"EMBA CLASSIC"|"MEN CONTEMP CASUAL"|"EMBA CLASSIC"|"MEN CASUAL"|WHITE|L|16801848|865099012803|1|399000|399000|119700|0|0|0|0|30|279300|02028|3754|1
07-03-2025|07-03-2025|951195|"KASIH KARUNIA SEJATI PT.-951195"|473|"Gress MAL Gresik"|T-SHIRT|"EMBA CLASSIC"|"MEN CONTEMP CASUAL"|"EMBA CLASSIC"|"MEN CASUAL"|"NAVY BLUE"|L|16573578|865005022203|1|229000|229000|0|0|0|0|0|0|229000|80120|497|2
07-03-2025|07-03-2025|951195|"KASIH KARUNIA SEJATI PT.-951195"|407|"Discovery Mall Bali"|T-SHIRT|"EMBA CLASSIC"|"MEN CONTEMP CASUAL"|"EMBA CLASSIC"|"MEN CASUAL"|BLACK|M|16573541|610017070102|1|159000|159000|0|0|0|0|0|0|159000|01002|6736|1
07-03-2025|07-03-2025|951195|"KASIH KARUNIA SEJATI PT.-951195"|212|"Sleman CityHall"|T-SHIRT|"EMBA CLASSIC"|"MEN CONTEMP CASUAL"|"EMBA CLASSIC"|"MEN CASUAL"|OLIVE|L|16500511|864833010603|1|199000|199000|0|0|0|0|0|0|199000|01008|2588|1
07-03-2025|07-03-2025|951195|"KASIH KARUNIA SEJATI PT.-951195"|387|"Manhattan MAL Medan"|T-SHIRT|"EMBA CLASSIC"|"MEN CONTEMP CASUAL"|"EMBA CLASSIC"|"MEN CASUAL"|KHAKI|XXL|16500495|870032020505|1|229000|229000|0|0|0|0|0|0|229000|03019|1405|2
07-03-2025|07-03-2025|951195|"KASIH KARUNIA SEJATI PT.-951195"|413|"Kediri Town Sq MAL"|T-SHIRT|"EMBA CLASSIC"|"MEN CONTEMP CASUAL"|"EMBA CLASSIC"|"MEN CASUAL"|BLACK|XL|16500324|879061010104|1|249000|249000|0|0|0|0|0|0|249000|91304|6186|1
07-03-2025|07-03-2025|951195|"KASIH KARUNIA SEJATI PT.-951195"|507|"Int. Plaza TC PLG"|T-SHIRT|"EMBA CLASSIC"|"MEN CONTEMP CASUAL"|"EMBA CLASSIC"|"MEN CASUAL"|GREY|28|16500093|162055014428|1|279000|279000|0|0|0|0|0|0|279000|03025|1096|1
07-03-2025|07-03-2025|951195|"KASIH KARUNIA SEJATI PT.-951195"|302|"Festive Walk MAL KWG"|T-SHIRT|"EMBA CLASSIC"|"MEN CONTEMP CASUAL"|"EMBA CLASSIC"|"MEN CASUAL"|KHAKI|38|16500057|119010010538|1|319000|319000|0|0|0|0|0|0|319000|02041|5824|1
07-03-2025|07-03-2025|951195|"KASIH KARUNIA SEJATI PT.-951195"|697|"Plaza Pekalongan MAL"|T-SHIRT|"EMBA CLASSIC"|"MEN CONTEMP CASUAL"|"EMBA CLASSIC"|"MEN CASUAL"|BLACK|L|16499980|871032020104|1|279000|279000|0|0|0|0|0|0|279000|01005|9838|2
07-03-2025|07-03-2025|951195|"KASIH KARUNIA SEJATI PT.-951195"|289|"Paragon City MAL SMG"|T-SHIRT|"EMBA CLASSIC"|"MEN CONTEMP CASUAL"|"EMBA CLASSIC"|"MEN CASUAL"|WHITE|L|16499971|871844012803|1|249000|249000|0|0|0|0|0|0|249000|02025|4227|4
07-03-2025|07-03-2025|951195|"KASIH KARUNIA SEJATI PT.-951195"|643|"Ambon Indah Plaza TC"|T-SHIRT|"EMBA CLASSIC"|"MEN CONTEMP CASUAL"|"EMBA CLASSIC"|"MEN CASUAL"|BROWN|34|30253744|164005012134|1|229000|229000|0|0|0|0|0|0|229000|01018|3032|3
07-03-2025|07-03-2025|951195|"KASIH KARUNIA SEJATI PT.-951195"|284|"Q MAL Banjarbaru"|T-SHIRT|"EMBA CLASSIC"|"MEN CONTEMP CASUAL"|"EMBA CLASSIC"|"MEN CASUAL"|BROWN|34|30252389|164005015334|1|229000|229000|0|0|0|0|0|0|229000|01031|5221|1
07-03-2025|07-03-2025|951195|"KASIH KARUNIA SEJATI PT.-951195"|326|"Lippo PLZ MAL Jember"|T-SHIRT|"EMBA CLASSIC"|"MEN CONTEMP CASUAL"|"EMBA CLASSIC"|"MEN CASUAL"|KHAKI|30|30252236|164005010530|1|229000|229000|0|0|0|0|0|0|229000|03034|550|1
07-03-2025|07-03-2025|951195|"KASIH KARUNIA SEJATI PT.-951195"|326|"Lippo PLZ MAL Jember"|T-SHIRT|"EMBA CLASSIC"|"MEN CONTEMP CASUAL"|"EMBA CLASSIC"|"MEN CASUAL"|KHAKI|30|30252236|164005010530|1|229000|229000|0|0|0|0|0|0|229000|03015|515|1
07-03-2025|07-03-2025|951195|"KASIH KARUNIA SEJATI PT.-951195"|233|"Bangkalan PLZ MAL"|T-SHIRT|"EMBA CLASSIC"|"MEN CONTEMP CASUAL"|"EMBA CLASSIC"|"MEN CASUAL"|BLACK|33|30252058|116067020133|1|229000|229000|0|0|0|0|0|0|229000|01009|8285|1
07-03-2025|07-03-2025|951195|"KASIH KARUNIA SEJATI PT.-951195"|317|"Citimall Dumai"|T-SHIRT|"EMBA CLASSIC"|"MEN CONTEMP CASUAL"|"EMBA CLASSIC"|"MEN CASUAL"|GREEN|34|30251728|164013010934|1|229000|229000|30000|0|0|0|0|13.1|199000|01016|5537|2
07-03-2025|07-03-2025|951195|"KASIH KARUNIA SEJATI PT.-951195"|314|"Epicentrum MAL MTR"|T-SHIRT|"EMBA CLASSIC"|"MEN CONTEMP CASUAL"|"EMBA CLASSIC"|"MEN CASUAL"|GREEN|34|30251728|164013010934|1|229000|229000|0|0|0|0|0|0|229000|80201|4192|2
07-03-2025|07-03-2025|951195|"KASIH KARUNIA SEJATI PT.-951195"|303|"Solo Square MAL"|T-SHIRT|"EMBA CLASSIC"|"MEN CONTEMP CASUAL"|"EMBA CLASSIC"|"MEN CASUAL"|BROWN|33|30250809|164013019733|1|229000|229000|0|0|0|0|0|0|229000|02019|1605|1
07-03-2025|07-03-2025|951195|"KASIH KARUNIA SEJATI PT.-951195"|457|"Bali Galeria MAL"|T-SHIRT|"EMBA CLASSIC"|"MEN CONTEMP CASUAL"|"EMBA CLASSIC"|"MEN CASUAL"|BLACK|31|30250274|164013010131|1|229000|229000|0|0|0|0|0|0|229000|02003|9243|2
07-03-2025|07-03-2025|951195|"KASIH KARUNIA SEJATI PT.-951195"|595|"BIP MAL Bandung"|T-SHIRT|"EMBA CLASSIC"|"MEN CONTEMP CASUAL"|"EMBA CLASSIC"|"MEN CASUAL"|BLACK|32|30249026|164013015132|1|229000|229000|0|0|0|0|0|0|229000|82352|4682|2
07-03-2025|07-03-2025|951195|"KASIH KARUNIA SEJATI PT.-951195"|235|"Lippo Kendari MAL"|T-SHIRT|"EMBA CLASSIC"|"MEN CONTEMP CASUAL"|"EMBA CLASSIC"|"MEN CASUAL"|GREEN|29|30248938|164013010929|1|229000|229000|0|0|0|0|0|0|229000|03009|3113|1
07-03-2025|07-03-2025|951195|"KASIH KARUNIA SEJATI PT.-951195"|252|"Ambon City MAL"|T-SHIRT|"EMBA CLASSIC"|"MEN CONTEMP CASUAL"|"EMBA CLASSIC"|"MEN CASUAL"|GREY|30|30248803|117036014130|1|229000|229000|0|0|0|0|0|0|229000|02032|7778|2
07-03-2025|07-03-2025|951195|"KASIH KARUNIA SEJATI PT.-951195"|362|"Tanjungpinang MAL"|T-SHIRT|"EMBA CLASSIC"|"MEN CONTEMP CASUAL"|"EMBA CLASSIC"|"MEN CASUAL"|BLACK|33|30248303|164013015133|1|229000|229000|0|0|0|0|0|0|229000|02022|7098|2
07-03-2025|07-03-2025|951195|"KASIH KARUNIA SEJATI PT.-951195"|641|"Citra PLZ MAL PBR"|T-SHIRT|"EMBA CLASSIC"|"MEN CONTEMP CASUAL"|"EMBA CLASSIC"|"MEN CASUAL"|BLACK|33|30248303|164013015133|1|229000|229000|0|30000|0|0|0|13.1|199000|80401|6145|2
07-03-2025|07-03-2025|951195|"KASIH KARUNIA SEJATI PT.-951195"|302|"Festive Walk MAL KWG"|T-SHIRT|"EMBA CLASSIC"|"MEN CONTEMP CASUAL"|"EMBA CLASSIC"|"MEN CASUAL"|YELLOW|M|30233711|865059011202|1|279000|279000|0|0|0|0|0|0|279000|02017|6038|2
07-03-2025|07-03-2025|951195|"KASIH KARUNIA SEJATI PT.-951195"|336|"Balikpapan Baru TC"|T-SHIRT|"EMBA CLASSIC"|"MEN CONTEMP CASUAL"|"EMBA CLASSIC"|"MEN CASUAL"|YELLOW|XL|30232454|865059011204|1|279000|279000|0|0|0|0|0|0|279000|02007|3768|1
07-03-2025|07-03-2025|951195|"KASIH KARUNIA SEJATI PT.-951195"|314|"Epicentrum MAL MTR"|T-SHIRT|"EMBA CLASSIC"|"MEN CONTEMP CASUAL"|"EMBA CLASSIC"|"MEN CASUAL"|RED|M|25466542|865808012302|1|489000|489000|146700|0|0|0|0|30|342300|02020|2226|4
07-03-2025|07-03-2025|951195|"KASIH KARUNIA SEJATI PT.-951195"|310|"Lippo PLZ MAL Buton"|T-SHIRT|"EMBA CLASSIC"|"MEN CONTEMP CASUAL"|"EMBA CLASSIC"|"MEN CASUAL"|RED|L|25466515|861801012303|1|489000|489000|146700|0|0|0|0|30|342300|01004|5052|3
07-03-2025|07-03-2025|951195|"KASIH KARUNIA SEJATI PT.-951195"|389|"Java Supermall SMG"|T-SHIRT|"EMBA CLASSIC"|"MEN CONTEMP CASUAL"|"EMBA CLASSIC"|"MEN CASUAL"|GREY|L|25466453|868856011803|1|249000|249000|0|0|0|0|0|0|249000|02009|724|2
07-03-2025|07-03-2025|951195|"KASIH KARUNIA SEJATI PT.-951195"|457|"Bali Galeria MAL"|T-SHIRT|"EMBA CLASSIC"|"MEN CONTEMP CASUAL"|"EMBA CLASSIC"|"MEN CASUAL"|BLACK|L|25466391|670004010103|1|229000|229000|0|0|0|0|0|0|229000|02002|9403|1
07-03-2025|07-03-2025|951195|"KASIH KARUNIA SEJATI PT.-951195"|567|"Delta PLZ MAL SBY"|T-SHIRT|"EMBA CLASSIC"|"MEN CONTEMP CASUAL"|"EMBA CLASSIC"|"MEN CASUAL"|YELLOW|XL|25466140|596004011204|1|279000|279000|0|0|0|0|0|0|279000|03009|2653|2
07-03-2025|07-03-2025|951195|"KASIH KARUNIA SEJATI PT.-951195"|327|"Citimall Sampit"|T-SHIRT|"EMBA CLASSIC"|"MEN CONTEMP CASUAL"|"EMBA CLASSIC"|"MEN CASUAL"|BROWN|XL|25466122|869898021004|-1|329000|-329000|0|0|0|0|0|0|-329000|90101|196|2
07-03-2025|07-03-2025|951195|"KASIH KARUNIA SEJATI PT.-951195"|387|"Manhattan MAL Medan"|T-SHIRT|"EMBA CLASSIC"|"MEN CONTEMP CASUAL"|"EMBA CLASSIC"|"MEN CASUAL"|BLACK|38|25465785|117037010138|1|299000|299000|0|0|0|0|0|0|299000|03061|1139|2
07-03-2025|07-03-2025|951195|"KASIH KARUNIA SEJATI PT.-951195"|536|"Kudus BZR"|T-SHIRT|"EMBA CLASSIC"|"MEN CONTEMP CASUAL"|"EMBA CLASSIC"|"MEN CASUAL"|"NAVY BLUE"|L|25465669|610019082203|1|159000|159000|0|0|0|0|0|0|159000|01003|697|1
07-03-2025|07-03-2025|951195|"KASIH KARUNIA SEJATI PT.-951195"|677|"Grage MAL Cirebon"|T-SHIRT|"EMBA CLASSIC"|"MEN CONTEMP CASUAL"|"EMBA CLASSIC"|"MEN CASUAL"|YELLOW|L|25465632|861800011203|1|489000|489000|146700|0|0|0|0|30|342300|02035|9455|1
07-03-2025|07-03-2025|951195|"KASIH KARUNIA SEJATI PT.-951195"|355|"E Walk MAL BPP"|T-SHIRT|"EMBA CLASSIC"|"MEN CONTEMP CASUAL"|"EMBA CLASSIC"|"MEN CASUAL"|BLACK|31|25465516|117037010131|1|299000|299000|0|0|0|0|0|0|299000|02018|6642|1
07-03-2025|07-03-2025|951195|"KASIH KARUNIA SEJATI PT.-951195"|317|"Citimall Dumai"|T-SHIRT|"EMBA CLASSIC"|"MEN CONTEMP CASUAL"|"EMBA CLASSIC"|"MEN CASUAL"|YELLOW|XL|25465409|861800011204|1|489000|489000|97800|0|0|0|0|20|391200|01011|5660|2
07-03-2025|07-03-2025|951195|"KASIH KARUNIA SEJATI PT.-951195"|503|"Matahari HS Magelang"|T-SHIRT|"EMBA CLASSIC"|"MEN CONTEMP CASUAL"|"EMBA CLASSIC"|"MEN CASUAL"|YELLOW|XL|25465409|861800011204|1|489000|489000|146700|0|0|0|0|30|342300|02005|484|1
07-03-2025|07-03-2025|951195|"KASIH KARUNIA SEJATI PT.-951195"|677|"Grage MAL Cirebon"|T-SHIRT|"EMBA CLASSIC"|"MEN CONTEMP CASUAL"|"EMBA CLASSIC"|"MEN CASUAL"|YELLOW|XL|25465409|861800011204|1|489000|489000|146700|0|0|0|0|30|342300|02017|9248|3
07-03-2025|07-03-2025|951195|"KASIH KARUNIA SEJATI PT.-951195"|221|"Panakkukang MAL MKS"|T-SHIRT|"EMBA CLASSIC"|"MEN CONTEMP CASUAL"|"EMBA CLASSIC"|"MEN CASUAL"|YELLOW|M|25465338|596004011202|4|279000|1116000|0|0|0|0|0|0|1116000|02019|9621|1
07-03-2025|07-03-2025|951195|"KASIH KARUNIA SEJATI PT.-951195"|641|"Citra PLZ MAL PBR"|T-SHIRT|"EMBA CLASSIC"|"MEN CONTEMP CASUAL"|"EMBA CLASSIC"|"MEN CASUAL"|RED|L|25465276|865808012303|1|489000|489000|146700|0|0|0|0|30|342300|03034|8945|1
07-03-2025|07-03-2025|951195|"KASIH KARUNIA SEJATI PT.-951195"|337|"Basko Grand MAL PAD"|T-SHIRT|"EMBA CLASSIC"|"MEN CONTEMP CASUAL"|"EMBA CLASSIC"|"MEN CASUAL"|BLACK|34|25465187|117037010134|1|299000|299000|0|0|0|0|0|0|299000|80202|8820|1
07-03-2025|07-03-2025|951195|"KASIH KARUNIA SEJATI PT.-951195"|536|"Kudus BZR"|T-SHIRT|"EMBA CLASSIC"|"MEN CONTEMP CASUAL"|"EMBA CLASSIC"|"MEN CASUAL"|GREY|XL|25465043|610020034204|1|159000|159000|0|0|0|0|0|0|159000|01007|578|2
07-03-2025|07-03-2025|951195|"KASIH KARUNIA SEJATI PT.-951195"|415|"Plaza MAL Madiun"|T-SHIRT|"EMBA CLASSIC"|"MEN CONTEMP CASUAL"|"EMBA CLASSIC"|"MEN CASUAL"|KHAKI|M|23767971|109004020502|1|249000|249000|0|0|0|0|0|0|249000|01004|6210|1
07-03-2025|07-03-2025|951195|"KASIH KARUNIA SEJATI PT.-951195"|312|"Lippo PLZ MAL Jambi"|T-SHIRT|"EMBA CLASSIC"|"MEN CONTEMP CASUAL"|"EMBA CLASSIC"|"MEN CASUAL"|YELLOW|M|23767944|865801011202|1|489000|489000|146700|0|0|0|0|30|342300|01011|5817|2
07-03-2025|07-03-2025|951195|"KASIH KARUNIA SEJATI PT.-951195"|233|"Bangkalan PLZ MAL"|T-SHIRT|"EMBA CLASSIC"|"MEN CONTEMP CASUAL"|"EMBA CLASSIC"|"MEN CASUAL"|YELLOW|M|23767873|865802011202|1|489000|489000|146700|0|0|0|0|30|342300|01003|8260|1
07-03-2025|07-03-2025|951195|"KASIH KARUNIA SEJATI PT.-951195"|511|"Arion MAL Jakarta"|T-SHIRT|"EMBA CLASSIC"|"MEN CONTEMP CASUAL"|"EMBA CLASSIC"|"MEN CASUAL"|YELLOW|M|23767873|865802011202|1|489000|489000|146700|0|0|0|0|30|342300|02035|1130|2
07-03-2025|07-03-2025|951195|"KASIH KARUNIA SEJATI PT.-951195"|305|"Nagoya Hill TC Batam"|T-SHIRT|"EMBA CLASSIC"|"MEN CONTEMP CASUAL"|"EMBA CLASSIC"|"MEN CASUAL"|BROWN|L|23263710|868898011003|1|279000|279000|0|0|0|0|0|0|279000|02018|2697|1
07-03-2025|07-03-2025|951195|"KASIH KARUNIA SEJATI PT.-951195"|233|"Bangkalan PLZ MAL"|T-SHIRT|"EMBA CLASSIC"|"MEN CONTEMP CASUAL"|"EMBA CLASSIC"|"MEN CASUAL"|YELLOW|L|23263327|868873011203|1|249000|249000|0|0|0|0|0|0|249000|80122|3978|1
07-03-2025|06-03-2025|951195|"KASIH KARUNIA SEJATI PT.-951195"|369|"Plaza Aceh MAL BNA"|T-SHIRT|"EMBA CLASSIC"|"MEN CONTEMP CASUAL"|"EMBA CLASSIC"|"MEN CASUAL"|"NAVY BLUE"|M|23263256|868875012202|1|249000|249000|0|0|0|0|0|0|249000|01009|6866|5
07-03-2025|07-03-2025|951195|"KASIH KARUNIA SEJATI PT.-951195"|302|"Festive Walk MAL KWG"|T-SHIRT|"EMBA CLASSIC"|"MEN CONTEMP CASUAL"|"EMBA CLASSIC"|"MEN CASUAL"|"NAVY BLUE"|XL|23263149|868875012204|1|249000|249000|0|0|0|0|0|0|249000|02017|6012|1
07-03-2025|07-03-2025|951195|"KASIH KARUNIA SEJATI PT.-951195"|255|"Malang Town Sq TC"|T-SHIRT|"EMBA CLASSIC"|"MEN CONTEMP CASUAL"|"EMBA CLASSIC"|"MEN CASUAL"|KHAKI|L|23262506|109004020503|1|249000|249000|0|0|0|0|0|0|249000|02013|9351|3
07-03-2025|07-03-2025|951195|"KASIH KARUNIA SEJATI PT.-951195"|413|"Kediri Town Sq MAL"|T-SHIRT|"EMBA CLASSIC"|"MEN CONTEMP CASUAL"|"EMBA CLASSIC"|"MEN CASUAL"|KHAKI|36|21824644|156045010536|1|319000|319000|0|0|0|0|0|0|319000|01026|8798|1
07-03-2025|06-03-2025|951195|"KASIH KARUNIA SEJATI PT.-951195"|369|"Plaza Aceh MAL BNA"|T-SHIRT|"EMBA CLASSIC"|"MEN CONTEMP CASUAL"|"EMBA CLASSIC"|"MEN CASUAL"|"NAVY BLUE"|M|21824395|868877022202|1|249000|249000|0|0|0|0|0|0|249000|01009|6866|4
07-03-2025|07-03-2025|951195|"KASIH KARUNIA SEJATI PT.-951195"|289|"Paragon City MAL SMG"|T-SHIRT|"EMBA CLASSIC"|"MEN CONTEMP CASUAL"|"EMBA CLASSIC"|"MEN CASUAL"|BROWN|M|21824091|868877021202|1|249000|249000|0|0|0|0|0|0|249000|02021|4633|3
07-03-2025|07-03-2025|951195|"KASIH KARUNIA SEJATI PT.-951195"|289|"Paragon City MAL SMG"|T-SHIRT|"EMBA CLASSIC"|"MEN CONTEMP CASUAL"|"EMBA CLASSIC"|"MEN CASUAL"|OLIVE|XL|21823878|868878021704|1|249000|249000|0|0|0|0|0|0|249000|02018|4130|2
07-03-2025|07-03-2025|951195|"KASIH KARUNIA SEJATI PT.-951195"|677|"Grage MAL Cirebon"|T-SHIRT|"EMBA CLASSIC"|"MEN CONTEMP CASUAL"|"EMBA CLASSIC"|"MEN CASUAL"|BROWN|31|21823083|156045010231|1|319000|319000|0|0|0|0|0|0|319000|02010|9484|1
07-03-2025|07-03-2025|951195|"KASIH KARUNIA SEJATI PT.-951195"|233|"Bangkalan PLZ MAL"|T-SHIRT|"EMBA CLASSIC"|"MEN CONTEMP CASUAL"|"EMBA CLASSIC"|"MEN CASUAL"|BROWN|L|21819034|868877021203|1|249000|249000|0|0|0|0|0|0|249000|80102|2062|1
07-03-2025|07-03-2025|951195|"KASIH KARUNIA SEJATI PT.-951195"|261|"Plaza Medan Fair TC"|T-SHIRT|"EMBA CLASSIC"|"MEN CONTEMP CASUAL"|"EMBA CLASSIC"|"MEN CASUAL"|"NAVY BLUE"|L|21818928|868877022203|1|249000|249000|0|0|0|0|0|0|249000|01008|3452|1
07-03-2025|07-03-2025|951195|"KASIH KARUNIA SEJATI PT.-951195"|289|"Paragon City MAL SMG"|T-SHIRT|"EMBA CLASSIC"|"MEN CONTEMP CASUAL"|"EMBA CLASSIC"|"MEN CASUAL"|GREY|M|21817063|868890021802|1|279000|279000|0|0|0|0|0|0|279000|02021|4633|2
07-03-2025|07-03-2025|951195|"KASIH KARUNIA SEJATI PT.-951195"|326|"Lippo PLZ MAL Jember"|T-SHIRT|"EMBA CLASSIC"|"MEN CONTEMP CASUAL"|"EMBA CLASSIC"|"MEN CASUAL"|"NAVY BLUE"|M|19415993|868876012202|1|249000|249000|0|0|0|0|0|0|249000|03020|537|1
07-03-2025|07-03-2025|951195|"KASIH KARUNIA SEJATI PT.-951195"|261|"Plaza Medan Fair TC"|T-SHIRT|"EMBA CLASSIC"|"MEN CONTEMP CASUAL"|"EMBA CLASSIC"|"MEN CASUAL"|GREEN|XL|18691820|868853011604|1|249000|249000|0|0|0|0|0|0|249000|01004|3942|3
07-03-2025|07-03-2025|951195|"KASIH KARUNIA SEJATI PT.-951195"|312|"Lippo PLZ MAL Jambi"|T-SHIRT|"EMBA CLASSIC"|"MEN CONTEMP CASUAL"|"EMBA CLASSIC"|"MEN CASUAL"|GREEN|M|18691713|868882011602|1|249000|249000|0|0|0|0|0|0|249000|01011|5817|1
07-03-2025|07-03-2025|951195|"KASIH KARUNIA SEJATI PT.-951195"|567|"Delta PLZ MAL SBY"|T-SHIRT|"EMBA CLASSIC"|"MEN CONTEMP CASUAL"|"EMBA CLASSIC"|"MEN CASUAL"|GREEN|XL|18691697|868882011604|1|249000|249000|0|0|0|0|0|0|249000|03008|3137|1
07-03-2025|07-03-2025|951195|"KASIH KARUNIA SEJATI PT.-951195"|445|"PTC MAL TC PLG"|T-SHIRT|"EMBA CLASSIC"|"MEN CONTEMP CASUAL"|"EMBA CLASSIC"|"MEN CASUAL"|GREY|L|18691688|868883011803|1|249000|249000|0|0|0|0|0|0|249000|02024|3384|1
07-03-2025|07-03-2025|951195|"KASIH KARUNIA SEJATI PT.-951195"|267|"Ciputra MAL PBR"|T-SHIRT|"EMBA CLASSIC"|"MEN CONTEMP CASUAL"|"EMBA CLASSIC"|"MEN CASUAL"|BROWN|XL|18691624|868882011004|1|249000|249000|0|0|0|0|0|0|249000|03073|5131|8
07-03-2025|07-03-2025|951195|"KASIH KARUNIA SEJATI PT.-951195"|406|"Revo TC Bekasi"|T-SHIRT|"EMBA CLASSIC"|"MEN CONTEMP CASUAL"|"EMBA CLASSIC"|"MEN CASUAL"|BLUE|XL|18691508|868867014304|1|249000|249000|0|0|0|0|0|0|249000|01022|305|1
07-03-2025|07-03-2025|951195|"KASIH KARUNIA SEJATI PT.-951195"|677|"Grage MAL Cirebon"|T-SHIRT|"EMBA CLASSIC"|"MEN CONTEMP CASUAL"|"EMBA CLASSIC"|"MEN CASUAL"|BROWN|M|18691419|868882011002|1|249000|249000|0|0|0|0|0|0|249000|03050|9383|4
07-03-2025|07-03-2025|951195|"KASIH KARUNIA SEJATI PT.-951195"|283|"Ayani Mega MAL PTK"|T-SHIRT|"EMBA CLASSIC"|"MEN CONTEMP CASUAL"|"EMBA CLASSIC"|"MEN CASUAL"|KHAKI|36|18166924|164062010536|1|229000|229000|0|0|0|0|0|0|229000|02015|3380|1
07-03-2025|07-03-2025|951195|"KASIH KARUNIA SEJATI PT.-951195"|440|"Ciputra MAL TNG"|T-SHIRT|"EMBA CLASSIC"|"MEN CONTEMP CASUAL"|"EMBA CLASSIC"|"MEN CASUAL"|KHAKI|38|18162599|119010022738|1|349000|349000|0|0|0|0|0|0|349000|03055|4408|1
07-03-2025|07-03-2025|951195|"KASIH KARUNIA SEJATI PT.-951195"|352|"Sunrise MAL MJK"|T-SHIRT|"EMBA CLASSIC"|"MEN CONTEMP CASUAL"|"EMBA CLASSIC"|"MEN CASUAL"|KHAKI|38|18162580|119010020538|1|349000|349000|0|0|0|0|0|0|349000|02023|6135|1
07-03-2025|07-03-2025|951195|"KASIH KARUNIA SEJATI PT.-951195"|440|"Ciputra MAL TNG"|T-SHIRT|"EMBA CLASSIC"|"MEN CONTEMP CASUAL"|"EMBA CLASSIC"|"MEN CASUAL"|KHAKI|29|18162286|119010022729|1|349000|349000|0|0|0|0|0|0|349000|03056|4584|1
07-03-2025|07-03-2025|951195|"KASIH KARUNIA SEJATI PT.-951195"|555|"Metmal Bekasi"|T-SHIRT|"EMBA CLASSIC"|"MEN CONTEMP CASUAL"|"EMBA CLASSIC"|"MEN CASUAL"|BLACK|33|17684572|117516010133|1|279000|279000|0|0|0|0|0|0|279000|01004|7988|3
07-03-2025|07-03-2025|951195|"KASIH KARUNIA SEJATI PT.-951195"|571|"Ciputra MAL Jakarta"|T-SHIRT|"EMBA CLASSIC"|"MEN CONTEMP CASUAL"|"EMBA CLASSIC"|"MEN CASUAL"|KHAKI|36|17684536|117516010536|1|279000|279000|0|20000|0|0|0|7.2|259000|80264|3498|1
07-03-2025|07-03-2025|951195|"KASIH KARUNIA SEJATI PT.-951195"|392|"Pacific MAL Tegal"|T-SHIRT|"EMBA CLASSIC"|"MEN CONTEMP CASUAL"|"EMBA CLASSIC"|"MEN CASUAL"|GREEN|L|17684205|532001020203|1|249000|249000|0|0|0|0|0|0|249000|01008|2868|1
07-03-2025|06-03-2025|951195|"KASIH KARUNIA SEJATI PT.-951195"|369|"Plaza Aceh MAL BNA"|T-SHIRT|"EMBA CLASSIC"|"MEN CONTEMP CASUAL"|"EMBA CLASSIC"|"MEN CASUAL"|GREY|32|17683975|117516012732|1|279000|279000|0|0|0|0|0|0|279000|02038|6720|1
07-03-2025|07-03-2025|951195|"KASIH KARUNIA SEJATI PT.-951195"|641|"Citra PLZ MAL PBR"|T-SHIRT|"EMBA CLASSIC"|"MEN CONTEMP CASUAL"|"EMBA CLASSIC"|"MEN CASUAL"|BROWN|38|17683564|117516012638|1|279000|279000|0|20000|0|0|0|7.2|259000|80401|6120|2
07-03-2025|07-03-2025|951195|"KASIH KARUNIA SEJATI PT.-951195"|338|"Palembang Square MAL"|T-SHIRT|"EMBA CLASSIC"|"MEN CONTEMP CASUAL"|"EMBA CLASSIC"|"MEN CASUAL"|KHAKI|M|17611195|867002012102|1|279000|279000|0|0|0|0|0|0|279000|01020|9864|1
07-03-2025|07-03-2025|951195|"KASIH KARUNIA SEJATI PT.-951195"|267|"Ciputra MAL PBR"|T-SHIRT|"EMBA CLASSIC"|"MEN CONTEMP CASUAL"|"EMBA CLASSIC"|"MEN CASUAL"|GREY|M|17611113|868880011802|1|249000|249000|0|0|0|0|0|0|249000|03073|5131|5
07-03-2025|07-03-2025|951195|"KASIH KARUNIA SEJATI PT.-951195"|326|"Lippo PLZ MAL Jember"|T-SHIRT|"EMBA CLASSIC"|"MEN CONTEMP CASUAL"|"EMBA CLASSIC"|"MEN CASUAL"|GREEN|M|17611088|868880011602|1|249000|249000|0|0|0|0|0|0|249000|03010|342|2
07-03-2025|07-03-2025|951195|"KASIH KARUNIA SEJATI PT.-951195"|233|"Bangkalan PLZ MAL"|T-SHIRT|"EMBA CLASSIC"|"MEN CONTEMP CASUAL"|"EMBA CLASSIC"|"MEN CASUAL"|GREY|M|17611024|867002011802|1|279000|279000|0|0|0|0|0|0|279000|01001|8217|1
07-03-2025|07-03-2025|951195|"KASIH KARUNIA SEJATI PT.-951195"|376|"Mitra Malang HS"|T-SHIRT|"EMBA CLASSIC"|"MEN CONTEMP CASUAL"|"EMBA CLASSIC"|"MEN CASUAL"|GREY|XXL|17610990|866002011805|1|229000|229000|0|0|0|0|0|0|229000|03025|3538|1
07-03-2025|07-03-2025|951195|"KASIH KARUNIA SEJATI PT.-951195"|677|"Grage MAL Cirebon"|T-SHIRT|"EMBA CLASSIC"|"MEN CONTEMP CASUAL"|"EMBA CLASSIC"|"MEN CASUAL"|"NAVY BLUE"|L|17610981|868880012203|1|249000|249000|0|0|0|0|0|0|249000|02035|9455|2
07-03-2025|07-03-2025|951195|"KASIH KARUNIA SEJATI PT.-951195"|376|"Mitra Malang HS"|T-SHIRT|"EMBA CLASSIC"|"MEN CONTEMP CASUAL"|"EMBA CLASSIC"|"MEN CASUAL"|WHITE|L|16499971|871844012803|1|249000|249000|0|0|0|0|0|0|249000|03024|3454|2
07-03-2025|07-03-2025|951195|"KASIH KARUNIA SEJATI PT.-951195"|314|"Epicentrum MAL MTR"|T-SHIRT|"EMBA CLASSIC"|"MEN CONTEMP CASUAL"|"EMBA CLASSIC"|"MEN CASUAL"|WHITE|L|16499971|871844012803|1|249000|249000|0|0|0|0|0|0|249000|02014|2448|1
07-03-2025|07-03-2025|951195|"KASIH KARUNIA SEJATI PT.-951195"|392|"Pacific MAL Tegal"|T-SHIRT|"EMBA CLASSIC"|"MEN CONTEMP CASUAL"|"EMBA CLASSIC"|"MEN CASUAL"|WHITE|L|16499971|871844012803|1|249000|249000|0|0|0|0|0|0|249000|01026|2937|1
07-03-2025|07-03-2025|951195|"KASIH KARUNIA SEJATI PT.-951195"|392|"Pacific MAL Tegal"|T-SHIRT|"EMBA CLASSIC"|"MEN CONTEMP CASUAL"|"EMBA CLASSIC"|"MEN CASUAL"|WHITE|L|16499971|871844012803|2|249000|498000|0|0|0|0|0|0|498000|01026|2934|2
07-03-2025|07-03-2025|951195|"KASIH KARUNIA SEJATI PT.-951195"|344|"Metmal Cileungsi BGR"|T-SHIRT|"EMBA CLASSIC"|"MEN CONTEMP CASUAL"|"EMBA CLASSIC"|"MEN CASUAL"|KHAKI|33|16499613|119010012733|1|319000|319000|0|0|0|0|0|0|319000|01022|1770|5
07-03-2025|07-03-2025|951195|"KASIH KARUNIA SEJATI PT.-951195"|309|"Binjai Supermall TC"|T-SHIRT|"EMBA CLASSIC"|"MEN CONTEMP CASUAL"|"EMBA CLASSIC"|"MEN CASUAL"|BLACK|L|16499506|870032020103|1|229000|229000|0|0|0|0|0|0|229000|02014|5505|1
07-03-2025|07-03-2025|951195|"KASIH KARUNIA SEJATI PT.-951195"|376|"Mitra Malang HS"|T-SHIRT|"EMBA CLASSIC"|"MEN CONTEMP CASUAL"|"EMBA CLASSIC"|"MEN CASUAL"|BLACK|L|16499506|870032020103|1|229000|229000|0|0|0|0|0|0|229000|03022|3220|1
07-03-2025|07-03-2025|951195|"KASIH KARUNIA SEJATI PT.-951195"|337|"Basko Grand MAL PAD"|T-SHIRT|"EMBA CLASSIC"|"MEN CONTEMP CASUAL"|"EMBA CLASSIC"|"MEN CASUAL"|WHITE|XL|16499499|870032022804|1|229000|229000|0|0|0|0|0|0|229000|02020|449|9
07-03-2025|07-03-2025|951195|"KASIH KARUNIA SEJATI PT.-951195"|412|"CITIMALL BONTANG"|T-SHIRT|"EMBA CLASSIC"|"MEN CONTEMP CASUAL"|"EMBA CLASSIC"|"MEN CASUAL"|WHITE|XL|16499499|870032022804|1|229000|229000|0|0|0|0|0|0|229000|01003|6814|1
07-03-2025|07-03-2025|951195|"KASIH KARUNIA SEJATI PT.-951195"|697|"Plaza Pekalongan MAL"|T-SHIRT|"EMBA CLASSIC"|"MEN CONTEMP CASUAL"|"EMBA CLASSIC"|"MEN CASUAL"|WHITE|XL|16499499|870032022804|1|229000|229000|0|0|0|0|0|0|229000|01006|9509|2
07-03-2025|07-03-2025|951195|"KASIH KARUNIA SEJATI PT.-951195"|282|"Pakuwon Mall Jogja"|T-SHIRT|"EMBA CLASSIC"|"MEN CONTEMP CASUAL"|"EMBA CLASSIC"|"MEN CASUAL"|BLACK|M|16499435|870032020102|1|229000|229000|0|0|0|0|0|0|229000|01009|4133|2
07-03-2025|07-03-2025|951195|"KASIH KARUNIA SEJATI PT.-951195"|351|"Citimall Gorontalo"|T-SHIRT|"EMBA CLASSIC"|"MEN CONTEMP CASUAL"|"EMBA CLASSIC"|"MEN CASUAL"|BLACK|M|16499435|870032020102|1|229000|229000|0|0|0|0|0|0|229000|02007|1194|6
07-03-2025|07-03-2025|951195|"KASIH KARUNIA SEJATI PT.-951195"|804|"Matahari HS PWT"|T-SHIRT|"EMBA CLASSIC"|"MEN CONTEMP CASUAL"|"EMBA CLASSIC"|"MEN CASUAL"|WHITE|L|16499186|870032022803|1|229000|229000|0|0|0|0|0|0|229000|01001|7286|4
07-03-2025|07-03-2025|951195|"KASIH KARUNIA SEJATI PT.-951195"|338|"Palembang Square MAL"|T-SHIRT|"EMBA CLASSIC"|"MEN CONTEMP CASUAL"|"EMBA CLASSIC"|"MEN CASUAL"|BLACK|29|16499177|119010010129|1|319000|319000|0|0|0|0|0|0|319000|01020|9864|3
07-03-2025|07-03-2025|951195|"KASIH KARUNIA SEJATI PT.-951195"|326|"Lippo PLZ MAL Jember"|T-SHIRT|"EMBA CLASSIC"|"MEN CONTEMP CASUAL"|"EMBA CLASSIC"|"MEN CASUAL"|BLACK|"NO SIZE"|16499088|314004010100|1|149000|149000|0|0|0|0|0|0|149000|01005|212|2
07-03-2025|07-03-2025|951195|"KASIH KARUNIA SEJATI PT.-951195"|337|"Basko Grand MAL PAD"|T-SHIRT|"EMBA CLASSIC"|"MEN CONTEMP CASUAL"|"EMBA CLASSIC"|"MEN CASUAL"|WHITE|L|16498874|871032022802|1|279000|279000|0|0|0|0|0|0|279000|02014|272|8
07-03-2025|07-03-2025|951195|"KASIH KARUNIA SEJATI PT.-951195"|539|"Solo Grand MAL"|T-SHIRT|"EMBA CLASSIC"|"MEN CONTEMP CASUAL"|"EMBA CLASSIC"|"MEN CASUAL"|WHITE|L|16498874|871032022802|1|279000|279000|0|0|0|0|0|0|279000|02011|4004|1
07-03-2025|07-03-2025|951195|"KASIH KARUNIA SEJATI PT.-951195"|563|"Plaza Malioboro"|T-SHIRT|"EMBA CLASSIC"|"MEN CONTEMP CASUAL"|"EMBA CLASSIC"|"MEN CASUAL"|WHITE|L|16498874|871032022802|1|279000|279000|0|0|0|0|0|0|279000|02015|8909|4
07-03-2025|07-03-2025|951195|"KASIH KARUNIA SEJATI PT.-951195"|314|"Epicentrum MAL MTR"|T-SHIRT|"EMBA CLASSIC"|"MEN CONTEMP CASUAL"|"EMBA CLASSIC"|"MEN CASUAL"|WHITE|L|16498874|871032022802|1|279000|279000|0|0|0|0|0|0|279000|72026|2695|3
07-03-2025|07-03-2025|951195|"KASIH KARUNIA SEJATI PT.-951195"|555|"Metmal Bekasi"|T-SHIRT|"EMBA CLASSIC"|"MEN CONTEMP CASUAL"|"EMBA CLASSIC"|"MEN CASUAL"|WHITE|L|16498874|871032022802|1|279000|279000|0|0|0|0|0|0|279000|02016|7218|1
07-03-2025|07-03-2025|951195|"KASIH KARUNIA SEJATI PT.-951195"|256|"Kaza City MAL SBY"|T-SHIRT|"EMBA CLASSIC"|"MEN CONTEMP CASUAL"|"EMBA CLASSIC"|"MEN CASUAL"|WHITE|L|16498874|871032022802|1|279000|279000|0|0|0|0|0|0|279000|02021|8808|2
07-03-2025|07-03-2025|951195|"KASIH KARUNIA SEJATI PT.-951195"|336|"Balikpapan Baru TC"|T-SHIRT|"EMBA CLASSIC"|"MEN CONTEMP CASUAL"|"EMBA CLASSIC"|"MEN CASUAL"|OLIVE|36|16498847|117033013736|1|319000|319000|0|0|0|0|0|0|319000|02006|3886|1
07-03-2025|07-03-2025|951195|"KASIH KARUNIA SEJATI PT.-951195"|282|"Pakuwon Mall Jogja"|T-SHIRT|"EMBA CLASSIC"|"MEN CONTEMP CASUAL"|"EMBA CLASSIC"|"MEN CASUAL"|BLACK|XL|16498776|870032020104|1|229000|229000|0|0|0|0|0|0|229000|01013|4033|1
07-03-2025|07-03-2025|951195|"KASIH KARUNIA SEJATI PT.-951195"|337|"Basko Grand MAL PAD"|T-SHIRT|"EMBA CLASSIC"|"MEN CONTEMP CASUAL"|"EMBA CLASSIC"|"MEN CASUAL"|BLACK|XL|16498776|870032020104|1|229000|229000|0|0|0|0|0|0|229000|02020|84|1
07-03-2025|07-03-2025|951195|"KASIH KARUNIA SEJATI PT.-951195"|536|"Kudus BZR"|T-SHIRT|"EMBA CLASSIC"|"MEN CONTEMP CASUAL"|"EMBA CLASSIC"|"MEN CASUAL"|BLACK|XL|16498776|870032020104|2|229000|458000|0|0|0|0|0|0|458000|01007|729|1
07-03-2025|07-03-2025|951195|"KASIH KARUNIA SEJATI PT.-951195"|804|"Matahari HS PWT"|T-SHIRT|"EMBA CLASSIC"|"MEN CONTEMP CASUAL"|"EMBA CLASSIC"|"MEN CASUAL"|BLACK|XL|16498776|870032020104|1|229000|229000|0|0|0|0|0|0|229000|01005|7063|1
07-03-2025|07-03-2025|951195|"KASIH KARUNIA SEJATI PT.-951195"|302|"Festive Walk MAL KWG"|T-SHIRT|"EMBA CLASSIC"|"MEN CONTEMP CASUAL"|"EMBA CLASSIC"|"MEN CASUAL"|WHITE|L|16498712|871032022803|1|279000|279000|0|0|0|0|0|0|279000|02017|6068|1
07-03-2025|07-03-2025|951195|"KASIH KARUNIA SEJATI PT.-951195"|303|"Solo Square MAL"|T-SHIRT|"EMBA CLASSIC"|"MEN CONTEMP CASUAL"|"EMBA CLASSIC"|"MEN CASUAL"|WHITE|L|16498712|871032022803|1|279000|279000|0|0|0|0|0|0|279000|02009|1878|1
07-03-2025|07-03-2025|951195|"KASIH KARUNIA SEJATI PT.-951195"|318|"Indramayu MAL"|T-SHIRT|"EMBA CLASSIC"|"MEN CONTEMP CASUAL"|"EMBA CLASSIC"|"MEN CASUAL"|WHITE|L|16498712|871032022803|1|279000|279000|0|0|0|0|0|0|279000|02026|1184|1
07-03-2025|07-03-2025|951195|"KASIH KARUNIA SEJATI PT.-951195"|327|"Citimall Sampit"|T-SHIRT|"EMBA CLASSIC"|"MEN CONTEMP CASUAL"|"EMBA CLASSIC"|"MEN CASUAL"|WHITE|L|16498712|871032022803|1|279000|279000|0|0|0|0|0|0|279000|01001|7959|1
07-03-2025|07-03-2025|951195|"KASIH KARUNIA SEJATI PT.-951195"|371|"Pondok Gede TC BKS"|T-SHIRT|"EMBA CLASSIC"|"MEN CONTEMP CASUAL"|"EMBA CLASSIC"|"MEN CASUAL"|WHITE|L|16498712|871032022803|1|279000|279000|0|0|0|0|0|0|279000|02014|6803|7
07-03-2025|07-03-2025|951195|"KASIH KARUNIA SEJATI PT.-951195"|426|"Matahari HS TSM"|T-SHIRT|"EMBA CLASSIC"|"MEN CONTEMP CASUAL"|"EMBA CLASSIC"|"MEN CASUAL"|WHITE|L|16498712|871032022803|1|279000|279000|0|0|0|0|0|0|279000|01006|3602|1
07-03-2025|07-03-2025|951195|"KASIH KARUNIA SEJATI PT.-951195"|507|"Int. Plaza TC PLG"|T-SHIRT|"EMBA CLASSIC"|"MEN CONTEMP CASUAL"|"EMBA CLASSIC"|"MEN CASUAL"|WHITE|L|16498712|871032022803|1|279000|279000|0|0|0|0|0|0|279000|03023|879|1
07-03-2025|07-03-2025|951195|"KASIH KARUNIA SEJATI PT.-951195"|571|"Ciputra MAL Jakarta"|T-SHIRT|"EMBA CLASSIC"|"MEN CONTEMP CASUAL"|"EMBA CLASSIC"|"MEN CASUAL"|WHITE|L|16498712|871032022803|1|279000|279000|0|0|0|0|0|0|279000|03027|3462|1
07-03-2025|07-03-2025|951195|"KASIH KARUNIA SEJATI PT.-951195"|419|"Pakuwon MAL SBY"|T-SHIRT|"EMBA CLASSIC"|"MEN CONTEMP CASUAL"|"EMBA CLASSIC"|"MEN CASUAL"|KHAKI|29|16498687|119010010529|1|319000|319000|0|0|0|0|0|0|319000|01027|9191|2
07-03-2025|07-03-2025|951195|"KASIH KARUNIA SEJATI PT.-951195"|415|"Plaza MAL Madiun"|T-SHIRT|"EMBA CLASSIC"|"MEN CONTEMP CASUAL"|"EMBA CLASSIC"|"MEN CASUAL"|GREY|38|16498669|164055014438|1|279000|279000|0|0|0|0|0|0|279000|02007|6122|1
07-03-2025|07-03-2025|951195|"KASIH KARUNIA SEJATI PT.-951195"|302|"Festive Walk MAL KWG"|T-SHIRT|"EMBA CLASSIC"|"MEN CONTEMP CASUAL"|"EMBA CLASSIC"|"MEN CASUAL"|BLACK|30|16498150|108050010130|1|599000|599000|179700|0|0|0|0|30|419300|02012|5749|1
07-03-2025|07-03-2025|951195|"KASIH KARUNIA SEJATI PT.-951195"|419|"Pakuwon MAL SBY"|T-SHIRT|"EMBA CLASSIC"|"MEN CONTEMP CASUAL"|"EMBA CLASSIC"|"MEN CASUAL"|KHAKI|36|16497982|119010010536|1|319000|319000|0|0|0|0|0|0|319000|01004|9332|1
07-03-2025|07-03-2025|951195|"KASIH KARUNIA SEJATI PT.-951195"|804|"Matahari HS PWT"|T-SHIRT|"EMBA CLASSIC"|"MEN CONTEMP CASUAL"|"EMBA CLASSIC"|"MEN CASUAL"|BLACK|XXL|16497866|870032020105|1|229000|229000|0|0|0|0|0|0|229000|01001|7026|2
07-03-2025|07-03-2025|951195|"KASIH KARUNIA SEJATI PT.-951195"|697|"Plaza Pekalongan MAL"|T-SHIRT|"EMBA CLASSIC"|"MEN CONTEMP CASUAL"|"EMBA CLASSIC"|"MEN CASUAL"|BROWN|M|16497857|870032021002|1|229000|229000|0|0|0|0|0|0|229000|01013|9935|3
07-03-2025|07-03-2025|951195|"KASIH KARUNIA SEJATI PT.-951195"|571|"Ciputra MAL Jakarta"|T-SHIRT|"EMBA CLASSIC"|"MEN CONTEMP CASUAL"|"EMBA CLASSIC"|"MEN CASUAL"|BROWN|34|16497802|164055011034|1|279000|279000|0|20000|0|0|0|7.2|259000|80266|3311|1
07-03-2025|07-03-2025|951195|"KASIH KARUNIA SEJATI PT.-951195"|227|"Sidoarjo Town Sq MAL"|T-SHIRT|"EMBA CLASSIC"|"MEN CONTEMP CASUAL"|"EMBA CLASSIC"|"MEN CASUAL"|BLACK|XXL|16497606|879061010105|1|249000|249000|0|0|0|0|0|0|249000|03010|1994|3
07-03-2025|07-03-2025|951195|"KASIH KARUNIA SEJATI PT.-951195"|289|"Paragon City MAL SMG"|T-SHIRT|"EMBA CLASSIC"|"MEN CONTEMP CASUAL"|"EMBA CLASSIC"|"MEN CASUAL"|BROWN|L|16497544|871032021003|2|279000|558000|0|0|0|0|0|0|558000|02021|4497|1
07-03-2025|07-03-2025|951195|"KASIH KARUNIA SEJATI PT.-951195"|289|"Paragon City MAL SMG"|T-SHIRT|"EMBA CLASSIC"|"MEN CONTEMP CASUAL"|"EMBA CLASSIC"|"MEN CASUAL"|BROWN|L|16497544|871032021003|1|279000|279000|0|0|0|0|0|0|279000|02038|4632|6
07-03-2025|07-03-2025|951195|"KASIH KARUNIA SEJATI PT.-951195"|303|"Solo Square MAL"|T-SHIRT|"EMBA CLASSIC"|"MEN CONTEMP CASUAL"|"EMBA CLASSIC"|"MEN CASUAL"|BROWN|L|16497544|871032021003|1|279000|279000|0|0|0|0|0|0|279000|02012|1643|2
07-03-2025|07-03-2025|951195|"KASIH KARUNIA SEJATI PT.-951195"|352|"Sunrise MAL MJK"|T-SHIRT|"EMBA CLASSIC"|"MEN CONTEMP CASUAL"|"EMBA CLASSIC"|"MEN CASUAL"|BROWN|L|16497544|871032021003|1|279000|279000|0|0|0|0|0|0|279000|02028|6285|2
07-03-2025|07-03-2025|951195|"KASIH KARUNIA SEJATI PT.-951195"|539|"Solo Grand MAL"|T-SHIRT|"EMBA CLASSIC"|"MEN CONTEMP CASUAL"|"EMBA CLASSIC"|"MEN CASUAL"|BROWN|L|16497544|871032021003|1|279000|279000|0|0|0|0|0|0|279000|01027|3916|1
07-03-2025|07-03-2025|951195|"KASIH KARUNIA SEJATI PT.-951195"|677|"Grage MAL Cirebon"|T-SHIRT|"EMBA CLASSIC"|"MEN CONTEMP CASUAL"|"EMBA CLASSIC"|"MEN CASUAL"|BROWN|L|16497544|871032021003|1|279000|279000|0|0|0|0|0|0|279000|02011|9366|4
07-03-2025|07-03-2025|951195|"KASIH KARUNIA SEJATI PT.-951195"|337|"Basko Grand MAL PAD"|T-SHIRT|"EMBA CLASSIC"|"MEN CONTEMP CASUAL"|"EMBA CLASSIC"|"MEN CASUAL"|WHITE|L|16497473|871032022804|1|279000|279000|0|0|0|0|0|0|279000|02014|92|1
07-03-2025|07-03-2025|951195|"KASIH KARUNIA SEJATI PT.-951195"|413|"Kediri Town Sq MAL"|T-SHIRT|"EMBA CLASSIC"|"MEN CONTEMP CASUAL"|"EMBA CLASSIC"|"MEN CASUAL"|WHITE|L|16497473|871032022804|1|279000|279000|0|0|0|0|0|0|279000|01031|8943|1
07-03-2025|07-03-2025|951195|"KASIH KARUNIA SEJATI PT.-951195"|507|"Int. Plaza TC PLG"|T-SHIRT|"EMBA CLASSIC"|"MEN CONTEMP CASUAL"|"EMBA CLASSIC"|"MEN CASUAL"|WHITE|L|16497473|871032022804|1|279000|279000|0|0|0|0|0|0|279000|03025|1180|1
07-03-2025|07-03-2025|951195|"KASIH KARUNIA SEJATI PT.-951195"|567|"Delta PLZ MAL SBY"|T-SHIRT|"EMBA CLASSIC"|"MEN CONTEMP CASUAL"|"EMBA CLASSIC"|"MEN CASUAL"|WHITE|L|16497473|871032022804|1|279000|279000|0|0|0|0|0|0|279000|03008|2766|1
07-03-2025|07-03-2025|951195|"KASIH KARUNIA SEJATI PT.-951195"|697|"Plaza Pekalongan MAL"|T-SHIRT|"EMBA CLASSIC"|"MEN CONTEMP CASUAL"|"EMBA CLASSIC"|"MEN CASUAL"|WHITE|L|16497473|871032022804|1|279000|279000|0|0|0|0|0|0|279000|01006|9509|1
07-03-2025|07-03-2025|951195|"KASIH KARUNIA SEJATI PT.-951195"|804|"Matahari HS PWT"|T-SHIRT|"EMBA CLASSIC"|"MEN CONTEMP CASUAL"|"EMBA CLASSIC"|"MEN CASUAL"|WHITE|L|16497473|871032022804|1|279000|279000|0|0|0|0|0|0|279000|01005|7046|4
07-03-2025|07-03-2025|951195|"KASIH KARUNIA SEJATI PT.-951195"|253|"Mega Town Sq MAL PLK"|T-SHIRT|"EMBA CLASSIC"|"MEN CONTEMP CASUAL"|"EMBA CLASSIC"|"MEN CASUAL"|KHAKI|32|16497446|117033012732|1|349000|349000|30000|0|0|0|0|8.6|319000|02013|3112|1
07-03-2025|07-03-2025|951195|"KASIH KARUNIA SEJATI PT.-951195"|302|"Festive Walk MAL KWG"|T-SHIRT|"EMBA CLASSIC"|"MEN CONTEMP CASUAL"|"EMBA CLASSIC"|"MEN CASUAL"|KHAKI|31|16497348|119516010531|1|279000|279000|0|0|0|0|0|0|279000|02019|5654|1
07-03-2025|07-03-2025|951195|"KASIH KARUNIA SEJATI PT.-951195"|473|"Gress MAL Gresik"|T-SHIRT|"EMBA CLASSIC"|"MEN CONTEMP CASUAL"|"EMBA CLASSIC"|"MEN CASUAL"|BLUE|M|16497151|879061014302|1|249000|249000|0|0|0|0|0|0|249000|80120|500|1
07-03-2025|07-03-2025|951195|"KASIH KARUNIA SEJATI PT.-951195"|445|"PTC MAL TC PLG"|T-SHIRT|"EMBA CLASSIC"|"MEN CONTEMP CASUAL"|"EMBA CLASSIC"|"MEN CASUAL"|BLACK|34|16496947|108050010134|1|599000|599000|179700|0|0|0|0|30|419300|02022|3406|1
07-03-2025|07-03-2025|951195|"KASIH KARUNIA SEJATI PT.-951195"|326|"Lippo PLZ MAL Jember"|T-SHIRT|"EMBA CLASSIC"|"MEN CONTEMP CASUAL"|"EMBA CLASSIC"|"MEN CASUAL"|BROWN|M|16496858|870840011002|1|229000|229000|0|0|0|0|0|0|229000|03034|345|3
07-03-2025|07-03-2025|951195|"KASIH KARUNIA SEJATI PT.-951195"|637|"Blok M Plaza MAL JKT"|T-SHIRT|"EMBA CLASSIC"|"MEN CONTEMP CASUAL"|"EMBA CLASSIC"|"MEN CASUAL"|BLACK|29|16496698|108050010129|1|599000|599000|179700|0|0|0|0|30|419300|04026|6407|6
07-03-2025|07-03-2025|951195|"KASIH KARUNIA SEJATI PT.-951195"|302|"Festive Walk MAL KWG"|T-SHIRT|"EMBA CLASSIC"|"MEN CONTEMP CASUAL"|"EMBA CLASSIC"|"MEN CASUAL"|BLACK|L|16496652|871032020102|1|279000|279000|0|0|0|0|0|0|279000|02012|6127|1
07-03-2025|07-03-2025|951195|"KASIH KARUNIA SEJATI PT.-951195"|473|"Gress MAL Gresik"|T-SHIRT|"EMBA CLASSIC"|"MEN CONTEMP CASUAL"|"EMBA CLASSIC"|"MEN CASUAL"|BLACK|L|16496652|871032020102|1|279000|279000|0|0|0|0|0|0|279000|02023|7519|1
07-03-2025|07-03-2025|951195|"KASIH KARUNIA SEJATI PT.-951195"|697|"Plaza Pekalongan MAL"|T-SHIRT|"EMBA CLASSIC"|"MEN CONTEMP CASUAL"|"EMBA CLASSIC"|"MEN CASUAL"|BLACK|L|16496652|871032020102|1|279000|279000|0|0|0|0|0|0|279000|01005|9838|1
07-03-2025|07-03-2025|951195|"KASIH KARUNIA SEJATI PT.-951195"|328|"THE PARK MAL SMG"|T-SHIRT|"EMBA CLASSIC"|"MEN CONTEMP CASUAL"|"EMBA CLASSIC"|"MEN CASUAL"|KHAKI|33|16496545|117033012733|1|349000|349000|30000|0|0|0|0|8.6|319000|02041|2186|2
07-03-2025|07-03-2025|951195|"KASIH KARUNIA SEJATI PT.-951195"|284|"Q MAL Banjarbaru"|T-SHIRT|"EMBA CLASSIC"|"MEN CONTEMP CASUAL"|"EMBA CLASSIC"|"MEN CASUAL"|GREY|L|51637675|595020011803|1|299000|299000|0|0|0|0|0|0|299000|01071|5464|4
07-03-2025|07-03-2025|951195|"KASIH KARUNIA SEJATI PT.-951195"|653|"Lippo MAL Cikarang"|T-SHIRT|"EMBA CLASSIC"|"MEN CONTEMP CASUAL"|"EMBA CLASSIC"|"MEN CASUAL"|KHAKI|L|50350342|622005010503|1|209000|209000|0|0|0|0|0|0|209000|02011|8185|1
07-03-2025|07-03-2025|951195|"KASIH KARUNIA SEJATI PT.-951195"|355|"E Walk MAL BPP"|T-SHIRT|"EMBA CLASSIC"|"MEN CONTEMP CASUAL"|"EMBA CLASSIC"|"MEN CASUAL"|CREAM|31|50350262|119514012731|1|319000|319000|0|0|0|0|0|0|319000|02020|7031|3
07-03-2025|07-03-2025|951195|"KASIH KARUNIA SEJATI PT.-951195"|253|"Mega Town Sq MAL PLK"|T-SHIRT|"EMBA CLASSIC"|"MEN CONTEMP CASUAL"|"EMBA CLASSIC"|"MEN CASUAL"|WHITE|XL|50349952|870032032804|1|229000|229000|0|0|0|0|0|0|229000|02013|2966|1
07-03-2025|07-03-2025|951195|"KASIH KARUNIA SEJATI PT.-951195"|318|"Indramayu MAL"|T-SHIRT|"EMBA CLASSIC"|"MEN CONTEMP CASUAL"|"EMBA CLASSIC"|"MEN CASUAL"|WHITE|XL|50349952|870032032804|1|229000|229000|0|0|0|0|0|0|229000|03024|854|4
07-03-2025|07-03-2025|951195|"KASIH KARUNIA SEJATI PT.-951195"|374|"Taman Anggrek JKT"|T-SHIRT|"EMBA CLASSIC"|"MEN CONTEMP CASUAL"|"EMBA CLASSIC"|"MEN CASUAL"|OLIVE|30|50349783|119514011730|1|319000|319000|0|0|0|0|0|0|319000|02024|3253|3
07-03-2025|07-03-2025|951195|"KASIH KARUNIA SEJATI PT.-951195"|337|"Basko Grand MAL PAD"|T-SHIRT|"EMBA CLASSIC"|"MEN CONTEMP CASUAL"|"EMBA CLASSIC"|"MEN CASUAL"|OLIVE|31|50349774|119514011731|1|319000|319000|0|0|0|0|0|0|319000|02013|464|2
07-03-2025|07-03-2025|951195|"KASIH KARUNIA SEJATI PT.-951195"|355|"E Walk MAL BPP"|T-SHIRT|"EMBA CLASSIC"|"MEN CONTEMP CASUAL"|"EMBA CLASSIC"|"MEN CASUAL"|CREAM|29|50349550|119514012729|1|319000|319000|0|0|0|0|0|0|319000|02020|7031|4
07-03-2025|07-03-2025|951195|"KASIH KARUNIA SEJATI PT.-951195"|563|"Plaza Malioboro"|T-SHIRT|"EMBA CLASSIC"|"MEN CONTEMP CASUAL"|"EMBA CLASSIC"|"MEN CASUAL"|CREAM|29|50349550|119514012729|1|319000|319000|30000|0|0|0|0|9.4|289000|01019|9120|6
07-03-2025|07-03-2025|951195|"KASIH KARUNIA SEJATI PT.-951195"|523|"Tunjungan MAL SBY"|T-SHIRT|"EMBA CLASSIC"|"MEN CONTEMP CASUAL"|"EMBA CLASSIC"|"MEN CASUAL"|WHITE|XL|50349532|620010032804|1|379000|379000|113700|0|0|0|0|30|265300|03036|95|1
07-03-2025|07-03-2025|951195|"KASIH KARUNIA SEJATI PT.-951195"|263|"Mega Mall TC Manado"|T-SHIRT|"EMBA CLASSIC"|"MEN CONTEMP CASUAL"|"EMBA CLASSIC"|"MEN CASUAL"|BLACK|33|50349096|162062010133|1|229000|229000|0|0|0|0|0|0|229000|02011|3372|1
07-03-2025|07-03-2025|951195|"KASIH KARUNIA SEJATI PT.-951195"|345|"Central PLZ MAL BDL"|T-SHIRT|"EMBA CLASSIC"|"MEN CONTEMP CASUAL"|"EMBA CLASSIC"|"MEN CASUAL"|KHAKI|XL|50348659|622005010504|1|209000|209000|0|0|0|0|0|0|209000|02018|7380|2
07-03-2025|07-03-2025|951195|"KASIH KARUNIA SEJATI PT.-951195"|655|"Millennium Mall JKT"|T-SHIRT|"EMBA CLASSIC"|"MEN CONTEMP CASUAL"|"EMBA CLASSIC"|"MEN CASUAL"|GREY|30|45673932|164056011830|1|319000|319000|30000|0|0|0|0|9.4|289000|03019|3469|1
07-03-2025|07-03-2025|951195|"KASIH KARUNIA SEJATI PT.-951195"|289|"Paragon City MAL SMG"|T-SHIRT|"EMBA CLASSIC"|"MEN CONTEMP CASUAL"|"EMBA CLASSIC"|"MEN CASUAL"|"NAVY BLUE"|XXL|45673905|871798012205|1|299000|299000|0|0|0|0|0|0|299000|02025|4227|3
07-03-2025|07-03-2025|951195|"KASIH KARUNIA SEJATI PT.-951195"|284|"Q MAL Banjarbaru"|T-SHIRT|"EMBA CLASSIC"|"MEN CONTEMP CASUAL"|"EMBA CLASSIC"|"MEN CASUAL"|"NAVY BLUE"|M|45673825|871794012202|1|299000|299000|0|0|0|0|0|0|299000|01031|5205|2
07-03-2025|07-03-2025|951195|"KASIH KARUNIA SEJATI PT.-951195"|415|"Plaza MAL Madiun"|T-SHIRT|"EMBA CLASSIC"|"MEN CONTEMP CASUAL"|"EMBA CLASSIC"|"MEN CASUAL"|"NAVY BLUE"|L|45673807|871798012203|1|299000|299000|0|0|0|0|0|0|299000|02009|6096|2
07-03-2025|07-03-2025|951195|"KASIH KARUNIA SEJATI PT.-951195"|523|"Tunjungan MAL SBY"|T-SHIRT|"EMBA CLASSIC"|"MEN CONTEMP CASUAL"|"EMBA CLASSIC"|"MEN CASUAL"|KHAKI|34|45673772|164056012734|1|319000|319000|30000|0|0|0|0|9.4|289000|03035|241|1
07-03-2025|07-03-2025|951195|"KASIH KARUNIA SEJATI PT.-951195"|303|"Solo Square MAL"|T-SHIRT|"EMBA CLASSIC"|"MEN CONTEMP CASUAL"|"EMBA CLASSIC"|"MEN CASUAL"|OLIVE|33|45673763|164056011733|1|319000|319000|0|0|0|0|0|0|319000|02012|1643|3
07-03-2025|07-03-2025|951195|"KASIH KARUNIA SEJATI PT.-951195"|563|"Plaza Malioboro"|T-SHIRT|"EMBA CLASSIC"|"MEN CONTEMP CASUAL"|"EMBA CLASSIC"|"MEN CASUAL"|BROWN|30|45673736|164056011030|1|319000|319000|30000|0|0|0|0|9.4|289000|02007|8912|1
07-03-2025|07-03-2025|951195|"KASIH KARUNIA SEJATI PT.-951195"|249|"Pakuwon Mall Solo"|T-SHIRT|"EMBA CLASSIC"|"MEN CONTEMP CASUAL"|"EMBA CLASSIC"|"MEN CASUAL"|KHAKI|31|45673629|164056012731|1|319000|319000|30000|0|0|0|0|9.4|289000|01004|9602|1
07-03-2025|07-03-2025|951195|"KASIH KARUNIA SEJATI PT.-951195"|655|"Millennium Mall JKT"|T-SHIRT|"EMBA CLASSIC"|"MEN CONTEMP CASUAL"|"EMBA CLASSIC"|"MEN CASUAL"|KHAKI|31|45673629|164056012731|1|319000|319000|0|0|0|0|0|0|319000|03038|3395|1
07-03-2025|07-03-2025|951195|"KASIH KARUNIA SEJATI PT.-951195"|445|"PTC MAL TC PLG"|T-SHIRT|"EMBA CLASSIC"|"MEN CONTEMP CASUAL"|"EMBA CLASSIC"|"MEN CASUAL"|BLACK|31|45673601|117519010131|1|319000|319000|30000|0|0|0|0|9.4|289000|02022|3265|2
07-03-2025|07-03-2025|951195|"KASIH KARUNIA SEJATI PT.-951195"|249|"Pakuwon Mall Solo"|T-SHIRT|"EMBA CLASSIC"|"MEN CONTEMP CASUAL"|"EMBA CLASSIC"|"MEN CASUAL"|KHAKI|40|45673496|164056012740|1|319000|319000|30000|0|0|0|0|9.4|289000|02023|9753|2
07-03-2025|07-03-2025|951195|"KASIH KARUNIA SEJATI PT.-951195"|273|"SKA MAL Pekanbaru"|T-SHIRT|"EMBA CLASSIC"|"MEN CONTEMP CASUAL"|"EMBA CLASSIC"|"MEN CASUAL"|KHAKI|28|45673478|164056012728|1|319000|319000|30000|0|0|0|0|9.4|289000|03061|6670|3
07-03-2025|07-03-2025|951195|"KASIH KARUNIA SEJATI PT.-951195"|255|"Malang Town Sq TC"|T-SHIRT|"EMBA CLASSIC"|"MEN CONTEMP CASUAL"|"EMBA CLASSIC"|"MEN CASUAL"|OLIVE|30|45673469|164056011730|1|319000|319000|0|0|0|0|0|0|319000|02013|9435|1
07-03-2025|07-03-2025|951195|"KASIH KARUNIA SEJATI PT.-951195"|239|"Ciputra MAL Cibubur"|T-SHIRT|"EMBA CLASSIC"|"MEN CONTEMP CASUAL"|"EMBA CLASSIC"|"MEN CASUAL"|GREY|31|45673450|164056011831|1|319000|319000|0|0|0|0|0|0|319000|02040|9447|4
07-03-2025|07-03-2025|951195|"KASIH KARUNIA SEJATI PT.-951195"|501|"Duta Plaza MAL DPR"|T-SHIRT|"EMBA CLASSIC"|"MEN CONTEMP CASUAL"|"EMBA CLASSIC"|"MEN CASUAL"|BLACK|29|45673414|117519010129|1|319000|319000|30000|0|0|0|0|9.4|289000|01002|3193|2
07-03-2025|07-03-2025|951195|"KASIH KARUNIA SEJATI PT.-951195"|645|"Medan MAL"|T-SHIRT|"EMBA CLASSIC"|"MEN CONTEMP CASUAL"|"EMBA CLASSIC"|"MEN CASUAL"|BLACK|29|45673414|117519010129|1|319000|319000|30000|0|0|0|0|9.4|289000|01002|9920|2
07-03-2025|07-03-2025|951195|"KASIH KARUNIA SEJATI PT.-951195"|389|"Java Supermall SMG"|T-SHIRT|"EMBA CLASSIC"|"MEN CONTEMP CASUAL"|"EMBA CLASSIC"|"MEN CASUAL"|KHAKI|36|45673361|164056012736|1|319000|319000|30000|0|0|0|0|9.4|289000|02008|621|2
07-03-2025|07-03-2025|951195|"KASIH KARUNIA SEJATI PT.-951195"|302|"Festive Walk MAL KWG"|T-SHIRT|"EMBA CLASSIC"|"MEN CONTEMP CASUAL"|"EMBA CLASSIC"|"MEN CASUAL"|OLIVE|32|45673272|164056011732|1|319000|319000|30000|0|0|0|0|9.4|289000|02082|5614|2
07-03-2025|07-03-2025|951195|"KASIH KARUNIA SEJATI PT.-951195"|563|"Plaza Malioboro"|T-SHIRT|"EMBA CLASSIC"|"MEN CONTEMP CASUAL"|"EMBA CLASSIC"|"MEN CASUAL"|GREY|36|45673254|164056011836|1|319000|319000|30000|0|0|0|0|9.4|289000|02016|8701|1
07-03-2025|07-03-2025|951195|"KASIH KARUNIA SEJATI PT.-951195"|376|"Mitra Malang HS"|"T-SHIRT BASIC"|"EMBA JEANS"|"MEN YOUNG CASUAL"|"EMBA CLASSIC"|"MEN CASUAL"|BLACK|M|45294057|531001010102|1|279000|279000|0|0|0|0|0|0|279000|03023|3406|2
07-03-2025|07-03-2025|951195|"KASIH KARUNIA SEJATI PT.-951195"|309|"Binjai Supermall TC"|T-SHIRT|"EMBA CLASSIC"|"MEN CONTEMP CASUAL"|"EMBA CLASSIC"|"MEN CASUAL"|BLACK|27|45205312|119519010127|1|319000|319000|0|0|0|0|0|0|319000|02010|5580|2
07-03-2025|07-03-2025|951195|"KASIH KARUNIA SEJATI PT.-951195"|227|"Sidoarjo Town Sq MAL"|T-SHIRT|"EMBA CLASSIC"|"MEN CONTEMP CASUAL"|"EMBA CLASSIC"|"MEN CASUAL"|BLACK|33|45205161|119519010133|1|319000|319000|0|0|0|0|0|0|319000|03010|2398|1
07-03-2025|07-03-2025|951195|"KASIH KARUNIA SEJATI PT.-951195"|314|"Epicentrum MAL MTR"|T-SHIRT|"EMBA CLASSIC"|"MEN CONTEMP CASUAL"|"EMBA CLASSIC"|"MEN CASUAL"|BLACK|33|45205161|119519010133|1|319000|319000|0|0|0|0|0|0|319000|02058|2440|2
07-03-2025|07-03-2025|951195|"KASIH KARUNIA SEJATI PT.-951195"|447|"Cilegon Center TC"|T-SHIRT|"EMBA CLASSIC"|"MEN CONTEMP CASUAL"|"EMBA CLASSIC"|"MEN CASUAL"|BROWN|31|45205107|108042031031|1|619000|619000|185700|0|0|0|0|30|433300|02091|5788|3
07-03-2025|07-03-2025|951195|"KASIH KARUNIA SEJATI PT.-951195"|352|"Sunrise MAL MJK"|T-SHIRT|"EMBA CLASSIC"|"MEN CONTEMP CASUAL"|"EMBA CLASSIC"|"MEN CASUAL"|"NAVY BLUE"|M|45205054|870797012202|1|279000|279000|0|0|0|0|0|0|279000|01003|6049|3
07-03-2025|07-03-2025|951195|"KASIH KARUNIA SEJATI PT.-951195"|352|"Sunrise MAL MJK"|T-SHIRT|"EMBA CLASSIC"|"MEN CONTEMP CASUAL"|"EMBA CLASSIC"|"MEN CASUAL"|"NAVY BLUE"|L|45204993|870797012203|1|279000|279000|30000|0|0|0|0|10.8|249000|02021|5867|1
07-03-2025|07-03-2025|951195|"KASIH KARUNIA SEJATI PT.-951195"|249|"Pakuwon Mall Solo"|T-SHIRT|"EMBA CLASSIC"|"MEN CONTEMP CASUAL"|"EMBA CLASSIC"|"MEN CASUAL"|BLACK|38|45204966|119519010138|1|319000|319000|0|0|0|0|0|0|319000|02015|9597|1
07-03-2025|07-03-2025|951195|"KASIH KARUNIA SEJATI PT.-951195"|594|"Manado Trade Center"|T-SHIRT|"EMBA CLASSIC"|"MEN CONTEMP CASUAL"|"EMBA CLASSIC"|"MEN CASUAL"|BLACK|38|45204966|119519010138|1|319000|319000|30000|0|0|0|0|9.4|289000|01010|1402|1
07-03-2025|07-03-2025|951195|"KASIH KARUNIA SEJATI PT.-951195"|374|"Taman Anggrek JKT"|T-SHIRT|"EMBA CLASSIC"|"MEN CONTEMP CASUAL"|"EMBA CLASSIC"|"MEN CASUAL"|BLACK|30|45204895|119519010130|1|319000|319000|0|0|0|0|0|0|319000|02024|3253|2
07-03-2025|07-03-2025|951195|"KASIH KARUNIA SEJATI PT.-951195"|394|"TangCity MAL TNG"|T-SHIRT|"EMBA CLASSIC"|"MEN CONTEMP CASUAL"|"EMBA CLASSIC"|"MEN CASUAL"|BLACK|M|38163461|865059010102|1|279000|279000|0|0|0|0|0|0|279000|02015|2638|1
07-03-2025|07-03-2025|951195|"KASIH KARUNIA SEJATI PT.-951195"|284|"Q MAL Banjarbaru"|T-SHIRT|"EMBA CLASSIC"|"MEN CONTEMP CASUAL"|"EMBA CLASSIC"|"MEN CASUAL"|GREY|36|38163309|151039023136|1|319000|319000|0|0|0|0|0|0|319000|71001|5451|1
07-03-2025|07-03-2025|951195|"KASIH KARUNIA SEJATI PT.-951195"|419|"Pakuwon MAL SBY"|T-SHIRT|"EMBA CLASSIC"|"MEN CONTEMP CASUAL"|"EMBA CLASSIC"|"MEN CASUAL"|KHAKI|32|33758819|117111050532|1|229000|229000|0|0|0|0|0|0|229000|01027|9330|1
07-03-2025|07-03-2025|951195|"KASIH KARUNIA SEJATI PT.-951195"|293|"Royal Plaza TC SBY"|T-SHIRT|"EMBA CLASSIC"|"MEN CONTEMP CASUAL"|"EMBA CLASSIC"|"MEN CASUAL"|OLIVE|L|33758659|611002011703|1|229000|229000|30000|0|0|0|0|13.1|199000|02011|4422|1
07-03-2025|07-03-2025|951195|"KASIH KARUNIA SEJATI PT.-951195"|355|"E Walk MAL BPP"|T-SHIRT|"EMBA CLASSIC"|"MEN CONTEMP CASUAL"|"EMBA CLASSIC"|"MEN CASUAL"|OLIVE|L|33758659|611002011703|1|229000|229000|30000|0|0|0|0|13.1|199000|02026|6473|3
07-03-2025|07-03-2025|951195|"KASIH KARUNIA SEJATI PT.-951195"|426|"Matahari HS TSM"|T-SHIRT|"EMBA CLASSIC"|"MEN CONTEMP CASUAL"|"EMBA CLASSIC"|"MEN CASUAL"|KHAKI|27|33758382|117111050527|1|229000|229000|0|0|0|0|0|0|229000|01008|3637|3
07-03-2025|07-03-2025|951195|"KASIH KARUNIA SEJATI PT.-951195"|263|"Mega Mall TC Manado"|T-SHIRT|"EMBA CLASSIC"|"MEN CONTEMP CASUAL"|"EMBA CLASSIC"|"MEN CASUAL"|BROWN|M|33758328|611002011002|1|229000|229000|30000|0|0|0|0|13.1|199000|02014|3699|2
07-03-2025|07-03-2025|951195|"KASIH KARUNIA SEJATI PT.-951195"|283|"Ayani Mega MAL PTK"|T-SHIRT|"EMBA CLASSIC"|"MEN CONTEMP CASUAL"|"EMBA CLASSIC"|"MEN CASUAL"|BROWN|L|33758159|611002011003|1|229000|229000|30000|0|0|0|0|13.1|199000|02013|3808|3
07-03-2025|07-03-2025|951195|"KASIH KARUNIA SEJATI PT.-951195"|387|"Manhattan MAL Medan"|T-SHIRT|"EMBA CLASSIC"|"MEN CONTEMP CASUAL"|"EMBA CLASSIC"|"MEN CASUAL"|BROWN|L|33758159|611002011003|1|229000|229000|30000|0|0|0|0|13.1|199000|03015|1187|5
07-03-2025|07-03-2025|951195|"KASIH KARUNIA SEJATI PT.-951195"|263|"Mega Mall TC Manado"|T-SHIRT|"EMBA CLASSIC"|"MEN CONTEMP CASUAL"|"EMBA CLASSIC"|"MEN CASUAL"|OLIVE|M|33758051|611002011702|1|229000|229000|30000|0|0|0|0|13.1|199000|02014|3699|3
07-03-2025|07-03-2025|951195|"KASIH KARUNIA SEJATI PT.-951195"|637|"Blok M Plaza MAL JKT"|T-SHIRT|"EMBA CLASSIC"|"MEN CONTEMP CASUAL"|"EMBA CLASSIC"|"MEN CASUAL"|OLIVE|M|33758051|611002011702|1|229000|229000|30000|0|0|0|0|13.1|199000|04026|6407|7
07-03-2025|07-03-2025|951195|"KASIH KARUNIA SEJATI PT.-951195"|408|"Balikpapan PLZ BPP"|T-SHIRT|"EMBA CLASSIC"|"MEN CONTEMP CASUAL"|"EMBA CLASSIC"|"MEN CASUAL"|BLUE|M|33757669|864060016602|1|229000|229000|0|0|0|0|0|0|229000|02044|5889|4
07-03-2025|07-03-2025|951195|"KASIH KARUNIA SEJATI PT.-951195"|326|"Lippo PLZ MAL Jember"|T-SHIRT|"EMBA CLASSIC"|"MEN CONTEMP CASUAL"|"EMBA CLASSIC"|"MEN CASUAL"|WHITE|XL|33757623|611009012804|1|229000|229000|30000|0|0|0|0|13.1|199000|03010|346|3
07-03-2025|07-03-2025|951195|"KASIH KARUNIA SEJATI PT.-951195"|303|"Solo Square MAL"|T-SHIRT|"EMBA CLASSIC"|"MEN CONTEMP CASUAL"|"EMBA CLASSIC"|"MEN CASUAL"|GREY|34|32790311|164013025134|1|229000|229000|0|0|0|0|0|0|229000|80340|188|5
07-03-2025|07-03-2025|951195|"KASIH KARUNIA SEJATI PT.-951195"|328|"THE PARK MAL SMG"|T-SHIRT|"EMBA CLASSIC"|"MEN CONTEMP CASUAL"|"EMBA CLASSIC"|"MEN CASUAL"|GREY|34|32790311|164013025134|1|229000|229000|0|0|0|0|0|0|229000|80172|2242|2
07-03-2025|07-03-2025|951195|"KASIH KARUNIA SEJATI PT.-951195"|426|"Matahari HS TSM"|T-SHIRT|"EMBA CLASSIC"|"MEN CONTEMP CASUAL"|"EMBA CLASSIC"|"MEN CASUAL"|GREY|38|32143592|117067023138|1|259000|259000|30000|0|0|0|0|11.6|229000|01006|3488|4
07-03-2025|07-03-2025|951195|"KASIH KARUNIA SEJATI PT.-951195"|303|"Solo Square MAL"|T-SHIRT|"EMBA CLASSIC"|"MEN CONTEMP CASUAL"|"EMBA CLASSIC"|"MEN CASUAL"|BLACK|38|32143467|117067020138|1|229000|229000|0|0|0|0|0|0|229000|80333|166|3
07-03-2025|07-03-2025|951195|"KASIH KARUNIA SEJATI PT.-951195"|282|"Pakuwon Mall Jogja"|T-SHIRT|"EMBA CLASSIC"|"MEN CONTEMP CASUAL"|"EMBA CLASSIC"|"MEN CASUAL"|BLACK|40|32143458|117067020140|1|259000|259000|0|30000|0|0|0|11.6|229000|90701|5845|11
07-03-2025|07-03-2025|951195|"KASIH KARUNIA SEJATI PT.-951195"|374|"Taman Anggrek JKT"|T-SHIRT|"EMBA CLASSIC"|"MEN CONTEMP CASUAL"|"EMBA CLASSIC"|"MEN CASUAL"|BLACK|31|30631960|117018020131|1|229000|229000|0|0|0|0|0|0|229000|02032|3399|1
07-03-2025|07-03-2025|951195|"KASIH KARUNIA SEJATI PT.-951195"|293|"Royal Plaza TC SBY"|T-SHIRT|"EMBA CLASSIC"|"MEN CONTEMP CASUAL"|"EMBA CLASSIC"|"MEN CASUAL"|BROWN|38|30631657|164005022138|1|229000|229000|0|0|0|0|0|0|229000|80151|2989|1
07-03-2025|07-03-2025|951195|"KASIH KARUNIA SEJATI PT.-951195"|319|"MDS ONE BATAM MALL"|T-SHIRT|"EMBA CLASSIC"|"MEN CONTEMP CASUAL"|"EMBA CLASSIC"|"MEN CASUAL"|BROWN|38|30631657|164005022138|1|229000|229000|0|0|0|0|0|0|229000|01011|8251|1
07-03-2025|07-03-2025|951195|"KASIH KARUNIA SEJATI PT.-951195"|387|"Manhattan MAL Medan"|T-SHIRT|"EMBA CLASSIC"|"MEN CONTEMP CASUAL"|"EMBA CLASSIC"|"MEN CASUAL"|KHAKI|34|30631219|164005020534|1|229000|229000|0|0|0|0|0|0|229000|80302|7245|1
07-03-2025|07-03-2025|951195|"KASIH KARUNIA SEJATI PT.-951195"|376|"Mitra Malang HS"|T-SHIRT|"EMBA CLASSIC"|"MEN CONTEMP CASUAL"|"EMBA CLASSIC"|"MEN CASUAL"|KHAKI|33|30630443|117111030533|1|229000|229000|0|0|0|0|0|0|229000|03023|3794|3
07-03-2025|07-03-2025|951195|"KASIH KARUNIA SEJATI PT.-951195"|233|"Bangkalan PLZ MAL"|T-SHIRT|"EMBA CLASSIC"|"MEN CONTEMP CASUAL"|"EMBA CLASSIC"|"MEN CASUAL"|BROWN|34|30629599|164005022134|1|229000|229000|0|0|0|0|0|0|229000|91511|1954|2
07-03-2025|07-03-2025|951195|"KASIH KARUNIA SEJATI PT.-951195"|415|"Plaza MAL Madiun"|T-SHIRT|"EMBA CLASSIC"|"MEN CONTEMP CASUAL"|"EMBA CLASSIC"|"MEN CASUAL"|BLACK|38|30629482|164013025138|1|229000|229000|0|0|0|0|0|0|229000|90152|3785|1
07-03-2025|07-03-2025|951195|"KASIH KARUNIA SEJATI PT.-951195"|336|"Balikpapan Baru TC"|T-SHIRT|"EMBA CLASSIC"|"MEN CONTEMP CASUAL"|"EMBA CLASSIC"|"MEN CASUAL"|BLACK|29|30628189|117018020129|1|229000|229000|0|0|0|0|0|0|229000|80301|3786|3
07-03-2025|07-03-2025|951195|"KASIH KARUNIA SEJATI PT.-951195"|284|"Q MAL Banjarbaru"|T-SHIRT|"EMBA CLASSIC"|"MEN CONTEMP CASUAL"|"EMBA CLASSIC"|"MEN CASUAL"|GREEN|XL|30254805|595004010204|1|259000|259000|0|40000|0|0|0|15.4|219000|80102|9459|3
07-03-2025|07-03-2025|951195|"KASIH KARUNIA SEJATI PT.-951195"|697|"Plaza Pekalongan MAL"|T-SHIRT|"EMBA CLASSIC"|"MEN CONTEMP CASUAL"|"EMBA CLASSIC"|"MEN CASUAL"|KHAKI|33|30254556|164005010533|1|229000|229000|0|0|0|0|0|0|229000|80263|6070|4
07-03-2025|07-03-2025|951195|"KASIH KARUNIA SEJATI PT.-951195"|381|"Singosaren MAL Solo"|T-SHIRT|"EMBA CLASSIC"|"MEN CONTEMP CASUAL"|"EMBA CLASSIC"|"MEN CASUAL"|GREEN|30|30254467|164005010930|1|229000|229000|0|0|0|0|0|0|229000|01006|9424|1
07-03-2025|07-03-2025|951195|"KASIH KARUNIA SEJATI PT.-951195"|284|"Q MAL Banjarbaru"|T-SHIRT|"EMBA CLASSIC"|"MEN CONTEMP CASUAL"|"EMBA CLASSIC"|"MEN CASUAL"|GREEN|31|30253897|164005010931|1|229000|229000|0|0|0|0|0|0|229000|01016|5485|1
07-03-2025|07-03-2025|951195|"KASIH KARUNIA SEJATI PT.-951195"|387|"Manhattan MAL Medan"|T-SHIRT|"EMBA CLASSIC"|"MEN CONTEMP CASUAL"|"EMBA CLASSIC"|"MEN CASUAL"|GREEN|31|30253897|164005010931|1|229000|229000|0|0|0|0|0|0|229000|80302|7224|2
07-03-2025|07-03-2025|951195|"KASIH KARUNIA SEJATI PT.-951195"|697|"Plaza Pekalongan MAL"|T-SHIRT|"EMBA CLASSIC"|"MEN CONTEMP CASUAL"|"EMBA CLASSIC"|"MEN CASUAL"|GREEN|31|30253897|164005010931|1|229000|229000|0|0|0|0|0|0|229000|80263|6070|3
07-03-2025|07-03-2025|951195|"KASIH KARUNIA SEJATI PT.-951195"|394|"TangCity MAL TNG"|T-SHIRT|"EMBA CLASSIC"|"MEN CONTEMP CASUAL"|"EMBA CLASSIC"|"MEN CASUAL"|KHAKI|32|52246050|162010023032|1|299000|299000|0|0|0|0|0|0|299000|02043|2078|1
07-03-2025|07-03-2025|951195|"KASIH KARUNIA SEJATI PT.-951195"|293|"Royal Plaza TC SBY"|T-SHIRT|"EMBA CLASSIC"|"MEN CONTEMP CASUAL"|"EMBA CLASSIC"|"MEN CASUAL"|BLACK|29|52246041|162010020129|1|299000|299000|0|0|0|0|0|0|299000|80152|2821|2
07-03-2025|07-03-2025|951195|"KASIH KARUNIA SEJATI PT.-951195"|352|"Sunrise MAL MJK"|T-SHIRT|"EMBA CLASSIC"|"MEN CONTEMP CASUAL"|"EMBA CLASSIC"|"MEN CASUAL"|BLACK|30|52245891|162010020130|1|299000|299000|0|0|0|0|0|0|299000|02023|6162|1
07-03-2025|07-03-2025|951195|"KASIH KARUNIA SEJATI PT.-951195"|511|"Arion MAL Jakarta"|T-SHIRT|"EMBA CLASSIC"|"MEN CONTEMP CASUAL"|"EMBA CLASSIC"|"MEN CASUAL"|BLACK|30|52245891|162010020130|1|299000|299000|0|0|0|0|0|0|299000|02041|964|1
07-03-2025|07-03-2025|951195|"KASIH KARUNIA SEJATI PT.-951195"|567|"Delta PLZ MAL SBY"|T-SHIRT|"EMBA CLASSIC"|"MEN CONTEMP CASUAL"|"EMBA CLASSIC"|"MEN CASUAL"|KHAKI|40|52245837|162010020540|1|299000|299000|0|0|0|0|0|0|299000|80331|9632|1
07-03-2025|07-03-2025|951195|"KASIH KARUNIA SEJATI PT.-951195"|326|"Lippo PLZ MAL Jember"|T-SHIRT|"EMBA CLASSIC"|"MEN CONTEMP CASUAL"|"EMBA CLASSIC"|"MEN CASUAL"|GREY|M|52245775|870017021802|1|229000|229000|0|0|0|0|0|0|229000|03020|227|1
07-03-2025|07-03-2025|951195|"KASIH KARUNIA SEJATI PT.-951195"|326|"Lippo PLZ MAL Jember"|T-SHIRT|"EMBA CLASSIC"|"MEN CONTEMP CASUAL"|"EMBA CLASSIC"|"MEN CASUAL"|KHAKI|30|52245686|162010020530|1|299000|299000|0|0|0|0|0|0|299000|03024|123|1
07-03-2025|07-03-2025|951195|"KASIH KARUNIA SEJATI PT.-951195"|355|"E Walk MAL BPP"|T-SHIRT|"EMBA CLASSIC"|"MEN CONTEMP CASUAL"|"EMBA CLASSIC"|"MEN CASUAL"|GREY|L|52245631|870017021803|1|229000|229000|0|0|0|0|0|0|229000|02018|6913|9
07-03-2025|07-03-2025|951195|"KASIH KARUNIA SEJATI PT.-951195"|536|"Kudus BZR"|T-SHIRT|"EMBA CLASSIC"|"MEN CONTEMP CASUAL"|"EMBA CLASSIC"|"MEN CASUAL"|GREY|L|52245631|870017021803|1|229000|229000|0|0|0|0|0|0|229000|01006|466|2
07-03-2025|07-03-2025|951195|"KASIH KARUNIA SEJATI PT.-951195"|352|"Sunrise MAL MJK"|T-SHIRT|"EMBA CLASSIC"|"MEN CONTEMP CASUAL"|"EMBA CLASSIC"|"MEN CASUAL"|YELLOW|XXL|52245597|870017021205|1|229000|229000|0|0|0|0|0|0|229000|02028|6130|1
07-03-2025|07-03-2025|951195|"KASIH KARUNIA SEJATI PT.-951195"|338|"Palembang Square MAL"|T-SHIRT|"EMBA CLASSIC"|"MEN CONTEMP CASUAL"|"EMBA CLASSIC"|"MEN CASUAL"|WHITE|L|52245480|871017012803|1|279000|279000|0|0|0|0|0|0|279000|01020|1|3
07-03-2025|07-03-2025|951195|"KASIH KARUNIA SEJATI PT.-951195"|473|"Gress MAL Gresik"|T-SHIRT|"EMBA CLASSIC"|"MEN CONTEMP CASUAL"|"EMBA CLASSIC"|"MEN CASUAL"|WHITE|L|52245480|871017012803|1|279000|279000|0|0|0|0|0|0|279000|02023|7796|1
07-03-2025|07-03-2025|951195|"KASIH KARUNIA SEJATI PT.-951195"|352|"Sunrise MAL MJK"|T-SHIRT|"EMBA CLASSIC"|"MEN CONTEMP CASUAL"|"EMBA CLASSIC"|"MEN CASUAL"|BLACK|32|52245426|162010020132|1|299000|299000|0|0|0|0|0|0|299000|02027|6248|4
07-03-2025|07-03-2025|951195|"KASIH KARUNIA SEJATI PT.-951195"|375|"Ekalokasari MAL BGR"|T-SHIRT|"EMBA CLASSIC"|"MEN CONTEMP CASUAL"|"EMBA CLASSIC"|"MEN CASUAL"|BLACK|40|52245300|115516010140|1|299000|299000|0|0|0|0|0|0|299000|01033|993|1
07-03-2025|07-03-2025|951195|"KASIH KARUNIA SEJATI PT.-951195"|326|"Lippo PLZ MAL Jember"|T-SHIRT|"EMBA CLASSIC"|"MEN CONTEMP CASUAL"|"EMBA CLASSIC"|"MEN CASUAL"|GREY|XXL|52245257|871017011805|1|279000|279000|0|0|0|0|0|0|279000|03015|585|1
07-03-2025|07-03-2025|951195|"KASIH KARUNIA SEJATI PT.-951195"|352|"Sunrise MAL MJK"|T-SHIRT|"EMBA CLASSIC"|"MEN CONTEMP CASUAL"|"EMBA CLASSIC"|"MEN CASUAL"|YELLOW|XL|52245239|870017021204|1|229000|229000|0|0|0|0|0|0|229000|02028|6345|1
07-03-2025|07-03-2025|951195|"KASIH KARUNIA SEJATI PT.-951195"|555|"Metmal Bekasi"|T-SHIRT|"EMBA CLASSIC"|"MEN CONTEMP CASUAL"|"EMBA CLASSIC"|"MEN CASUAL"|YELLOW|XL|52245239|870017021204|1|229000|229000|0|0|0|0|0|0|229000|02018|8019|1
07-03-2025|07-03-2025|951195|"KASIH KARUNIA SEJATI PT.-951195"|355|"E Walk MAL BPP"|T-SHIRT|"EMBA CLASSIC"|"MEN CONTEMP CASUAL"|"EMBA CLASSIC"|"MEN CASUAL"|KHAKI|33|52245131|162010023033|1|299000|299000|0|0|0|0|0|0|299000|02019|6683|1
07-03-2025|07-03-2025|951195|"KASIH KARUNIA SEJATI PT.-951195"|503|"Matahari HS Magelang"|T-SHIRT|"EMBA CLASSIC"|"MEN CONTEMP CASUAL"|"EMBA CLASSIC"|"MEN CASUAL"|KHAKI|33|52245131|162010023033|1|299000|299000|0|0|0|0|0|0|299000|02025|523|1
07-03-2025|07-03-2025|951195|"KASIH KARUNIA SEJATI PT.-951195"|355|"E Walk MAL BPP"|T-SHIRT|"EMBA CLASSIC"|"MEN CONTEMP CASUAL"|"EMBA CLASSIC"|"MEN CASUAL"|GREY|XL|52245015|871017011804|1|279000|279000|0|0|0|0|0|0|279000|02018|6913|8
07-03-2025|07-03-2025|951195|"KASIH KARUNIA SEJATI PT.-951195"|413|"Kediri Town Sq MAL"|T-SHIRT|"EMBA CLASSIC"|"MEN CONTEMP CASUAL"|"EMBA CLASSIC"|"MEN CASUAL"|GREY|XL|52245015|871017011804|1|279000|279000|0|0|0|0|0|0|279000|01006|8434|1
07-03-2025|07-03-2025|951195|"KASIH KARUNIA SEJATI PT.-951195"|371|"Pondok Gede TC BKS"|T-SHIRT|"EMBA CLASSIC"|"MEN CONTEMP CASUAL"|"EMBA CLASSIC"|"MEN CASUAL"|BLACK|30|52244972|115516010130|1|299000|299000|0|0|0|0|0|0|299000|02014|6803|6
07-03-2025|07-03-2025|951195|"KASIH KARUNIA SEJATI PT.-951195"|221|"Panakkukang MAL MKS"|T-SHIRT|"EMBA CLASSIC"|"MEN CONTEMP CASUAL"|"EMBA CLASSIC"|"MEN CASUAL"|GREY|XL|52244936|870017021804|1|229000|229000|0|0|0|0|0|0|229000|02058|9824|2
07-03-2025|07-03-2025|951195|"KASIH KARUNIA SEJATI PT.-951195"|326|"Lippo PLZ MAL Jember"|T-SHIRT|"EMBA CLASSIC"|"MEN CONTEMP CASUAL"|"EMBA CLASSIC"|"MEN CASUAL"|GREY|XL|52244936|870017021804|2|229000|458000|0|0|0|0|0|0|458000|03015|585|2
07-03-2025|07-03-2025|951195|"KASIH KARUNIA SEJATI PT.-951195"|473|"Gress MAL Gresik"|T-SHIRT|"EMBA CLASSIC"|"MEN CONTEMP CASUAL"|"EMBA CLASSIC"|"MEN CASUAL"|GREY|XL|52244936|870017021804|1|229000|229000|0|0|0|0|0|0|229000|01010|7717|2
07-03-2025|07-03-2025|951195|"KASIH KARUNIA SEJATI PT.-951195"|355|"E Walk MAL BPP"|T-SHIRT|"EMBA CLASSIC"|"MEN CONTEMP CASUAL"|"EMBA CLASSIC"|"MEN CASUAL"|GREY|30|52244892|162010023130|1|299000|299000|0|0|0|0|0|0|299000|02018|6737|1
07-03-2025|07-03-2025|951195|"KASIH KARUNIA SEJATI PT.-951195"|653|"Lippo MAL Cikarang"|T-SHIRT|"EMBA CLASSIC"|"MEN CONTEMP CASUAL"|"EMBA CLASSIC"|"MEN CASUAL"|GREY|30|52244892|162010023130|1|299000|299000|29900|0|0|0|0|10|269100|02010|7920|1
07-03-2025|07-03-2025|951195|"KASIH KARUNIA SEJATI PT.-951195"|571|"Ciputra MAL Jakarta"|T-SHIRT|"EMBA CLASSIC"|"MEN CONTEMP CASUAL"|"EMBA CLASSIC"|"MEN CASUAL"|BLACK|36|52244874|115516010136|1|299000|299000|0|0|0|0|0|0|299000|03032|3520|2
07-03-2025|07-03-2025|951195|"KASIH KARUNIA SEJATI PT.-951195"|309|"Binjai Supermall TC"|T-SHIRT|"EMBA CLASSIC"|"MEN CONTEMP CASUAL"|"EMBA CLASSIC"|"MEN CASUAL"|KHAKI|32|52244856|162010020532|1|299000|299000|0|0|0|0|0|0|299000|02015|5392|3
07-03-2025|07-03-2025|951195|"KASIH KARUNIA SEJATI PT.-951195"|413|"Kediri Town Sq MAL"|T-SHIRT|"EMBA CLASSIC"|"MEN CONTEMP CASUAL"|"EMBA CLASSIC"|"MEN CASUAL"|GREY|40|52244776|162010023140|1|299000|299000|0|0|0|0|0|0|299000|01004|8687|1
07-03-2025|07-03-2025|951195|"KASIH KARUNIA SEJATI PT.-951195"|227|"Sidoarjo Town Sq MAL"|T-SHIRT|"EMBA CLASSIC"|"MEN CONTEMP CASUAL"|"EMBA CLASSIC"|"MEN CASUAL"|WHITE|L|52244721|870017022803|1|229000|229000|0|0|0|0|0|0|229000|03010|2010|1
07-03-2025|07-03-2025|951195|"KASIH KARUNIA SEJATI PT.-951195"|227|"Sidoarjo Town Sq MAL"|T-SHIRT|"EMBA CLASSIC"|"MEN CONTEMP CASUAL"|"EMBA CLASSIC"|"MEN CASUAL"|WHITE|L|52244721|870017022803|1|229000|229000|0|0|0|0|0|0|229000|03010|1952|1
07-03-2025|07-03-2025|951195|"KASIH KARUNIA SEJATI PT.-951195"|261|"Plaza Medan Fair TC"|T-SHIRT|"EMBA CLASSIC"|"MEN CONTEMP CASUAL"|"EMBA CLASSIC"|"MEN CASUAL"|WHITE|L|52244721|870017022803|1|229000|229000|0|0|0|0|0|0|229000|01008|4034|1
07-03-2025|07-03-2025|951195|"KASIH KARUNIA SEJATI PT.-951195"|376|"Mitra Malang HS"|T-SHIRT|"EMBA CLASSIC"|"MEN CONTEMP CASUAL"|"EMBA CLASSIC"|"MEN CASUAL"|WHITE|L|52244721|870017022803|1|229000|229000|0|0|0|0|0|0|229000|03025|3604|2
07-03-2025|07-03-2025|951195|"KASIH KARUNIA SEJATI PT.-951195"|261|"Plaza Medan Fair TC"|T-SHIRT|"EMBA CLASSIC"|"MEN CONTEMP CASUAL"|"EMBA CLASSIC"|"MEN CASUAL"|BLACK|XL|52244641|870017020104|1|229000|229000|0|0|0|0|0|0|229000|01009|4315|1
07-03-2025|07-03-2025|951195|"KASIH KARUNIA SEJATI PT.-951195"|263|"Mega Mall TC Manado"|T-SHIRT|"EMBA CLASSIC"|"MEN CONTEMP CASUAL"|"EMBA CLASSIC"|"MEN CASUAL"|KHAKI|34|52244534|162010023034|1|299000|299000|0|0|0|0|0|0|299000|03020|3284|5
07-03-2025|07-03-2025|951195|"KASIH KARUNIA SEJATI PT.-951195"|309|"Binjai Supermall TC"|T-SHIRT|"EMBA CLASSIC"|"MEN CONTEMP CASUAL"|"EMBA CLASSIC"|"MEN CASUAL"|KHAKI|34|52244258|162010020534|1|299000|299000|0|0|0|0|0|0|299000|02012|5650|1
07-03-2025|07-03-2025|951195|"KASIH KARUNIA SEJATI PT.-951195"|339|"Artha Gading MAL JKT"|T-SHIRT|"EMBA CLASSIC"|"MEN CONTEMP CASUAL"|"EMBA CLASSIC"|"MEN CASUAL"|BROWN|34|51641017|152010033034|1|249000|249000|0|0|0|0|0|0|249000|80253|2458|2
07-03-2025|07-03-2025|951195|"KASIH KARUNIA SEJATI PT.-951195"|296|"Serang MAL"|T-SHIRT|"EMBA CLASSIC"|"MEN CONTEMP CASUAL"|"EMBA CLASSIC"|"MEN CASUAL"|BROWN|XL|51640929|595020011004|1|299000|299000|0|0|0|0|0|0|299000|01050|3952|3
07-03-2025|07-03-2025|951195|"KASIH KARUNIA SEJATI PT.-951195"|405|"Lembuswana TC SMR"|T-SHIRT|"EMBA CLASSIC"|"MEN CONTEMP CASUAL"|"EMBA CLASSIC"|"MEN CASUAL"|BLACK|34|51640876|117519010134|1|319000|319000|0|0|0|0|0|0|319000|02017|5147|18
07-03-2025|07-03-2025|951195|"KASIH KARUNIA SEJATI PT.-951195"|595|"BIP MAL Bandung"|T-SHIRT|"EMBA CLASSIC"|"MEN CONTEMP CASUAL"|"EMBA CLASSIC"|"MEN CASUAL"|BLACK|34|51640876|117519010134|1|319000|319000|0|0|0|0|0|0|319000|82613|9075|3
07-03-2025|07-03-2025|951195|"KASIH KARUNIA SEJATI PT.-951195"|804|"Matahari HS PWT"|T-SHIRT|"EMBA CLASSIC"|"MEN CONTEMP CASUAL"|"EMBA CLASSIC"|"MEN CASUAL"|KHAKI|XXL|51640849|870032030505|1|229000|229000|0|0|0|0|0|0|229000|01004|7163|1
07-03-2025|07-03-2025|951195|"KASIH KARUNIA SEJATI PT.-951195"|352|"Sunrise MAL MJK"|T-SHIRT|"EMBA CLASSIC"|"MEN CONTEMP CASUAL"|"EMBA CLASSIC"|"MEN CASUAL"|BLACK|31|51640723|164064010131|1|249000|249000|0|0|0|0|0|0|249000|02022|6358|1
07-03-2025|07-03-2025|951195|"KASIH KARUNIA SEJATI PT.-951195"|293|"Royal Plaza TC SBY"|T-SHIRT|"EMBA CLASSIC"|"MEN CONTEMP CASUAL"|"EMBA CLASSIC"|"MEN CASUAL"|BROWN|M|51640670|595020011002|1|299000|299000|0|0|0|0|0|0|299000|02010|4076|1
07-03-2025|07-03-2025|951195|"KASIH KARUNIA SEJATI PT.-951195"|344|"Metmal Cileungsi BGR"|T-SHIRT|"EMBA CLASSIC"|"MEN CONTEMP CASUAL"|"EMBA CLASSIC"|"MEN CASUAL"|BROWN|XXL|51640643|870032031005|1|229000|229000|0|0|0|0|0|0|229000|03020|1925|9
07-03-2025|07-03-2025|951195|"KASIH KARUNIA SEJATI PT.-951195"|563|"Plaza Malioboro"|T-SHIRT|"EMBA CLASSIC"|"MEN CONTEMP CASUAL"|"EMBA CLASSIC"|"MEN CASUAL"|BROWN|XXL|51640643|870032031005|1|229000|229000|0|0|0|0|0|0|229000|02031|8931|1
07-03-2025|07-03-2025|951195|"KASIH KARUNIA SEJATI PT.-951195"|276|"Bondowoso MAL"|T-SHIRT|"EMBA CLASSIC"|"MEN CONTEMP CASUAL"|"EMBA CLASSIC"|"MEN CASUAL"|BROWN|XXL|51640643|870032031005|1|229000|229000|0|0|0|0|0|0|229000|01007|5090|1
07-03-2025|07-03-2025|951195|"KASIH KARUNIA SEJATI PT.-951195"|536|"Kudus BZR"|T-SHIRT|"EMBA CLASSIC"|"MEN CONTEMP CASUAL"|"EMBA CLASSIC"|"MEN CASUAL"|GREY|33|51640581|119010013133|1|319000|319000|0|0|0|0|0|0|319000|01009|502|4
07-03-2025|07-03-2025|951195|"KASIH KARUNIA SEJATI PT.-951195"|289|"Paragon City MAL SMG"|T-SHIRT|"EMBA CLASSIC"|"MEN CONTEMP CASUAL"|"EMBA CLASSIC"|"MEN CASUAL"|GREEN|XL|51640456|871032025804|1|279000|279000|0|0|0|0|0|0|279000|02021|4188|4
07-03-2025|07-03-2025|951195|"KASIH KARUNIA SEJATI PT.-951195"|394|"TangCity MAL TNG"|T-SHIRT|"EMBA CLASSIC"|"MEN CONTEMP CASUAL"|"EMBA CLASSIC"|"MEN CASUAL"|BLACK|28|51640438|162064010128|1|249000|249000|20000|0|0|0|0|8|229000|02023|2506|1
07-03-2025|07-03-2025|951195|"KASIH KARUNIA SEJATI PT.-951195"|326|"Lippo PLZ MAL Jember"|T-SHIRT|"EMBA CLASSIC"|"MEN CONTEMP CASUAL"|"EMBA CLASSIC"|"MEN CASUAL"|GREEN|M|51640330|871032025802|1|279000|279000|0|0|0|0|0|0|279000|03024|376|1
07-03-2025|07-03-2025|951195|"KASIH KARUNIA SEJATI PT.-951195"|413|"Kediri Town Sq MAL"|T-SHIRT|"EMBA CLASSIC"|"MEN CONTEMP CASUAL"|"EMBA CLASSIC"|"MEN CASUAL"|CREAM|M|51640214|870032032702|1|229000|229000|0|0|0|0|0|0|229000|01014|8934|2
07-03-2025|07-03-2025|951195|"KASIH KARUNIA SEJATI PT.-951195"|376|"Mitra Malang HS"|T-SHIRT|"EMBA CLASSIC"|"MEN CONTEMP CASUAL"|"EMBA CLASSIC"|"MEN CASUAL"|GREY|36|51640161|119010013136|1|319000|319000|0|0|0|0|0|0|319000|03025|3696|3
07-03-2025|07-03-2025|951195|"KASIH KARUNIA SEJATI PT.-951195"|419|"Pakuwon MAL SBY"|T-SHIRT|"EMBA CLASSIC"|"MEN CONTEMP CASUAL"|"EMBA CLASSIC"|"MEN CASUAL"|GREY|36|51640161|119010013136|1|319000|319000|0|0|0|0|0|0|319000|01004|9332|2
07-03-2025|07-03-2025|951195|"KASIH KARUNIA SEJATI PT.-951195"|507|"Int. Plaza TC PLG"|T-SHIRT|"EMBA CLASSIC"|"MEN CONTEMP CASUAL"|"EMBA CLASSIC"|"MEN CASUAL"|BROWN|32|51640116|152010033032|2|249000|498000|0|0|0|0|0|0|498000|03023|1024|1
07-03-2025|07-03-2025|951195|"KASIH KARUNIA SEJATI PT.-951195"|338|"Palembang Square MAL"|T-SHIRT|"EMBA CLASSIC"|"MEN CONTEMP CASUAL"|"EMBA CLASSIC"|"MEN CASUAL"|CREAM|27|51640081|162064012127|1|249000|249000|0|0|0|0|0|0|249000|01023|9651|1
07-03-2025|07-03-2025|951195|"KASIH KARUNIA SEJATI PT.-951195"|501|"Duta Plaza MAL DPR"|T-SHIRT|"EMBA CLASSIC"|"MEN CONTEMP CASUAL"|"EMBA CLASSIC"|"MEN CASUAL"|CREAM|27|51640081|162064012127|1|249000|249000|0|0|0|0|0|0|249000|02016|3376|4
07-03-2025|07-03-2025|951195|"KASIH KARUNIA SEJATI PT.-951195"|283|"Ayani Mega MAL PTK"|T-SHIRT|"EMBA CLASSIC"|"MEN CONTEMP CASUAL"|"EMBA CLASSIC"|"MEN CASUAL"|BROWN|36|51640036|162064011036|1|249000|249000|0|0|0|0|0|0|249000|01004|4037|3
07-03-2025|07-03-2025|951195|"KASIH KARUNIA SEJATI PT.-951195"|221|"Panakkukang MAL MKS"|T-SHIRT|"EMBA CLASSIC"|"MEN CONTEMP CASUAL"|"EMBA CLASSIC"|"MEN CASUAL"|BLACK|34|51640018|164064010134|1|249000|249000|0|0|0|0|0|0|249000|80410|494|1
07-03-2025|07-03-2025|951195|"KASIH KARUNIA SEJATI PT.-951195"|653|"Lippo MAL Cikarang"|T-SHIRT|"EMBA CLASSIC"|"MEN CONTEMP CASUAL"|"EMBA CLASSIC"|"MEN CASUAL"|OLIVE|XL|51640009|871022013704|1|229000|229000|0|0|0|0|0|0|229000|02010|7920|2
07-03-2025|07-03-2025|951195|"KASIH KARUNIA SEJATI PT.-951195"|555|"Metmal Bekasi"|T-SHIRT|"EMBA CLASSIC"|"MEN CONTEMP CASUAL"|"EMBA CLASSIC"|"MEN CASUAL"|GREY|29|51639897|152010033129|1|249000|249000|0|0|0|0|0|0|249000|02013|7960|2
07-03-2025|07-03-2025|951195|"KASIH KARUNIA SEJATI PT.-951195"|302|"Festive Walk MAL KWG"|T-SHIRT|"EMBA CLASSIC"|"MEN CONTEMP CASUAL"|"EMBA CLASSIC"|"MEN CASUAL"|BROWN|L|51639860|870032031003|1|229000|229000|0|0|0|0|0|0|229000|02017|6068|3
07-03-2025|07-03-2025|951195|"KASIH KARUNIA SEJATI PT.-951195"|376|"Mitra Malang HS"|T-SHIRT|"EMBA CLASSIC"|"MEN CONTEMP CASUAL"|"EMBA CLASSIC"|"MEN CASUAL"|BLACK|L|51639824|870032030103|1|229000|229000|0|0|0|0|0|0|229000|03025|3604|1
07-03-2025|07-03-2025|951195|"KASIH KARUNIA SEJATI PT.-951195"|284|"Q MAL Banjarbaru"|T-SHIRT|"EMBA CLASSIC"|"MEN CONTEMP CASUAL"|"EMBA CLASSIC"|"MEN CASUAL"|GREEN|"NO SIZE"|51639771|700005011600|1|189000|189000|56700|0|0|0|0|30|132300|01071|5520|1
07-03-2025|07-03-2025|951195|"KASIH KARUNIA SEJATI PT.-951195"|697|"Plaza Pekalongan MAL"|T-SHIRT|"EMBA CLASSIC"|"MEN CONTEMP CASUAL"|"EMBA CLASSIC"|"MEN CASUAL"|GREEN|"NO SIZE"|51639771|700005011600|1|189000|189000|56700|0|0|0|0|30|132300|01019|20|1
07-03-2025|07-03-2025|951195|"KASIH KARUNIA SEJATI PT.-951195"|553|"Thamrin PLZ MAL MDN"|T-SHIRT|"EMBA CLASSIC"|"MEN CONTEMP CASUAL"|"EMBA CLASSIC"|"MEN CASUAL"|GREEN|"NO SIZE"|51639771|700005011600|1|189000|189000|37800|0|0|0|0|20|151200|04017|8149|1
07-03-2025|07-03-2025|951195|"KASIH KARUNIA SEJATI PT.-951195"|426|"Matahari HS TSM"|T-SHIRT|"EMBA CLASSIC"|"MEN CONTEMP CASUAL"|"EMBA CLASSIC"|"MEN CASUAL"|CREAM|L|51639646|870032032703|1|229000|229000|0|0|0|0|0|0|229000|01003|3790|6
07-03-2025|07-03-2025|951195|"KASIH KARUNIA SEJATI PT.-951195"|227|"Sidoarjo Town Sq MAL"|T-SHIRT|"EMBA CLASSIC"|"MEN CONTEMP CASUAL"|"EMBA CLASSIC"|"MEN CASUAL"|GREY|34|51639520|119010013134|1|319000|319000|0|0|0|0|0|0|319000|01009|1966|1
07-03-2025|07-03-2025|951195|"KASIH KARUNIA SEJATI PT.-951195"|345|"Central PLZ MAL BDL"|T-SHIRT|"EMBA CLASSIC"|"MEN CONTEMP CASUAL"|"EMBA CLASSIC"|"MEN CASUAL"|GREY|34|51639520|119010013134|1|319000|319000|0|0|0|0|0|0|319000|02018|7380|1
07-03-2025|07-03-2025|951195|"KASIH KARUNIA SEJATI PT.-951195"|453|"Supermal Karawaci"|T-SHIRT|"EMBA CLASSIC"|"MEN CONTEMP CASUAL"|"EMBA CLASSIC"|"MEN CASUAL"|GREY|34|51639520|119010013134|1|319000|319000|0|0|0|0|0|0|319000|02008|7081|1
07-03-2025|07-03-2025|951195|"KASIH KARUNIA SEJATI PT.-951195"|536|"Kudus BZR"|T-SHIRT|"EMBA CLASSIC"|"MEN CONTEMP CASUAL"|"EMBA CLASSIC"|"MEN CASUAL"|GREY|34|51639520|119010013134|1|319000|319000|0|0|0|0|0|0|319000|01006|469|1
07-03-2025|07-03-2025|951195|"KASIH KARUNIA SEJATI PT.-951195"|697|"Plaza Pekalongan MAL"|T-SHIRT|"EMBA CLASSIC"|"MEN CONTEMP CASUAL"|"EMBA CLASSIC"|"MEN CASUAL"|GREY|34|51639520|119010013134|1|319000|319000|30000|0|0|0|0|9.4|289000|01007|35|1
07-03-2025|07-03-2025|951195|"KASIH KARUNIA SEJATI PT.-951195"|273|"SKA MAL Pekanbaru"|T-SHIRT|"EMBA CLASSIC"|"MEN CONTEMP CASUAL"|"EMBA CLASSIC"|"MEN CASUAL"|GREY|M|51639413|864001023102|1|249000|249000|0|0|0|0|0|0|249000|03064|7314|4
07-03-2025|07-03-2025|951195|"KASIH KARUNIA SEJATI PT.-951195"|503|"Matahari HS Magelang"|T-SHIRT|"EMBA CLASSIC"|"MEN CONTEMP CASUAL"|"EMBA CLASSIC"|"MEN CASUAL"|GREY|M|81775620|870587021802|1|399000|399000|0|199500|0|0|0|50|199500|90144|646|2
07-03-2025|07-03-2025|951195|"KASIH KARUNIA SEJATI PT.-951195"|371|"Pondok Gede TC BKS"|T-SHIRT|"EMBA CLASSIC"|"MEN CONTEMP CASUAL"|"EMBA CLASSIC"|"MEN CASUAL"|WHITE|L|81631874|610004642803|1|159000|159000|0|0|0|0|0|0|159000|02036|6732|1
07-03-2025|07-03-2025|951195|"KASIH KARUNIA SEJATI PT.-951195"|653|"Lippo MAL Cikarang"|T-SHIRT|"EMBA CLASSIC"|"MEN CONTEMP CASUAL"|"EMBA CLASSIC"|"MEN CASUAL"|"NAVY BLUE"|M|81631829|109042022202|1|369000|369000|0|0|0|0|0|0|369000|02011|8017|1
07-03-2025|07-03-2025|951195|"KASIH KARUNIA SEJATI PT.-951195"|239|"Ciputra MAL Cibubur"|T-SHIRT|"EMBA CLASSIC"|"MEN CONTEMP CASUAL"|"EMBA CLASSIC"|"MEN CASUAL"|BROWN|32|81631641|152010022632|1|259000|259000|0|0|0|0|0|0|259000|02021|9201|8
07-03-2025|07-03-2025|951195|"KASIH KARUNIA SEJATI PT.-951195"|503|"Matahari HS Magelang"|T-SHIRT|"EMBA CLASSIC"|"MEN CONTEMP CASUAL"|"EMBA CLASSIC"|"MEN CASUAL"|GREY|L|81631043|870715011803|1|399000|399000|199500|0|0|0|0|50|199500|02025|208|4
07-03-2025|07-03-2025|951195|"KASIH KARUNIA SEJATI PT.-951195"|253|"Mega Town Sq MAL PLK"|T-SHIRT|"EMBA CLASSIC"|"MEN CONTEMP CASUAL"|"EMBA CLASSIC"|"MEN CASUAL"|BROWN|M|81630857|610004641202|1|159000|159000|0|0|0|0|0|0|159000|02013|2966|2
07-03-2025|07-03-2025|951195|"KASIH KARUNIA SEJATI PT.-951195"|413|"Kediri Town Sq MAL"|T-SHIRT|"EMBA CLASSIC"|"MEN CONTEMP CASUAL"|"EMBA CLASSIC"|"MEN CASUAL"|GREY|32|81630740|152010020932|1|259000|259000|0|0|0|0|0|0|259000|01022|8608|3
07-03-2025|07-03-2025|951195|"KASIH KARUNIA SEJATI PT.-951195"|253|"Mega Town Sq MAL PLK"|T-SHIRT|"EMBA CLASSIC"|"MEN CONTEMP CASUAL"|"EMBA CLASSIC"|"MEN CASUAL"|OLIVE|M|81630464|610004640602|1|159000|159000|0|0|0|0|0|0|159000|02013|2966|3
07-03-2025|07-03-2025|951195|"KASIH KARUNIA SEJATI PT.-951195"|399|"Icon MAL Gresik"|T-SHIRT|"EMBA CLASSIC"|"MEN CONTEMP CASUAL"|"EMBA CLASSIC"|"MEN CASUAL"|WHITE|M|81630311|871703012802|1|399000|399000|0|199500|0|0|0|50|199500|80502|388|1
07-03-2025|07-03-2025|951195|"KASIH KARUNIA SEJATI PT.-951195"|399|"Icon MAL Gresik"|T-SHIRT|"EMBA CLASSIC"|"MEN CONTEMP CASUAL"|"EMBA CLASSIC"|"MEN CASUAL"|WHITE|XL|81629930|871703012804|1|399000|399000|0|199500|0|0|0|50|199500|80501|2160|1
07-03-2025|07-03-2025|951195|"KASIH KARUNIA SEJATI PT.-951195"|327|"Citimall Sampit"|T-SHIRT|"EMBA CLASSIC"|"MEN CONTEMP CASUAL"|"EMBA CLASSIC"|"MEN CASUAL"|BROWN|L|81629609|596030021003|1|519000|519000|259500|0|0|0|0|50|259500|01006|7910|1
07-03-2025|07-03-2025|951195|"KASIH KARUNIA SEJATI PT.-951195"|501|"Duta Plaza MAL DPR"|T-SHIRT|"EMBA CLASSIC"|"MEN CONTEMP CASUAL"|"EMBA CLASSIC"|"MEN CASUAL"|BLACK|M|81629556|610004640102|1|159000|159000|0|0|0|0|0|0|159000|90235|5521|2
07-03-2025|07-03-2025|951195|"KASIH KARUNIA SEJATI PT.-951195"|338|"Palembang Square MAL"|T-SHIRT|"EMBA CLASSIC"|"MEN CONTEMP CASUAL"|"EMBA CLASSIC"|"MEN CASUAL"|GREY|M|81629538|870352011802|1|399000|399000|199500|0|0|0|0|50|199500|80121|6454|5
07-03-2025|07-03-2025|951195|"KASIH KARUNIA SEJATI PT.-951195"|567|"Delta PLZ MAL SBY"|T-SHIRT|"EMBA CLASSIC"|"MEN CONTEMP CASUAL"|"EMBA CLASSIC"|"MEN CASUAL"|"NAVY BLUE"|XL|81629403|109042022204|1|369000|369000|0|0|0|0|0|0|369000|03013|3034|2
07-03-2025|07-03-2025|951195|"KASIH KARUNIA SEJATI PT.-951195"|276|"Bondowoso MAL"|T-SHIRT|"EMBA CLASSIC"|"MEN CONTEMP CASUAL"|"EMBA CLASSIC"|"MEN CASUAL"|YELLOW|L|78921012|612004011203|1|349000|349000|174500|0|0|0|0|50|174500|01005|5074|1
07-03-2025|07-03-2025|951195|"KASIH KARUNIA SEJATI PT.-951195"|327|"Citimall Sampit"|T-SHIRT|"EMBA CLASSIC"|"MEN CONTEMP CASUAL"|"EMBA CLASSIC"|"MEN CASUAL"|RED|3XL|78920255|865198012306|1|279000|279000|0|0|0|0|0|0|279000|90101|192|1
07-03-2025|07-03-2025|951195|"KASIH KARUNIA SEJATI PT.-951195"|413|"Kediri Town Sq MAL"|T-SHIRT|"EMBA CLASSIC"|"MEN CONTEMP CASUAL"|"EMBA CLASSIC"|"MEN CASUAL"|OLIVE|31|78919294|156083011731|1|479000|479000|0|239500|0|0|0|50|239500|91304|6156|5
07-03-2025|07-03-2025|951195|"KASIH KARUNIA SEJATI PT.-951195"|408|"Balikpapan PLZ BPP"|T-SHIRT|"EMBA CLASSIC"|"MEN CONTEMP CASUAL"|"EMBA CLASSIC"|"MEN CASUAL"|KHAKI|33|78919178|117010033333|1|319000|319000|0|0|0|0|0|0|319000|02042|5931|2
07-03-2025|07-03-2025|951195|"KASIH KARUNIA SEJATI PT.-951195"|327|"Citimall Sampit"|T-SHIRT|"EMBA CLASSIC"|"MEN CONTEMP CASUAL"|"EMBA CLASSIC"|"MEN CASUAL"|RED|XXL|78919025|865198012305|1|279000|279000|0|0|0|0|0|0|279000|90101|196|1
07-03-2025|07-03-2025|951195|"KASIH KARUNIA SEJATI PT.-951195"|284|"Q MAL Banjarbaru"|T-SHIRT|"EMBA CLASSIC"|"MEN CONTEMP CASUAL"|"EMBA CLASSIC"|"MEN CASUAL"|GREY|XL|78918875|109010011804|1|559000|559000|279500|0|0|0|0|50|279500|01010|5475|5
07-03-2025|07-03-2025|951195|"KASIH KARUNIA SEJATI PT.-951195"|445|"PTC MAL TC PLG"|T-SHIRT|"EMBA CLASSIC"|"MEN CONTEMP CASUAL"|"EMBA CLASSIC"|"MEN CASUAL"|KHAKI|XXL|78198126|864033010505|1|229000|229000|0|0|0|0|0|0|229000|02037|3542|2
07-03-2025|07-03-2025|951195|"KASIH KARUNIA SEJATI PT.-951195"|261|"Plaza Medan Fair TC"|T-SHIRT|"EMBA CLASSIC"|"MEN CONTEMP CASUAL"|"EMBA CLASSIC"|"MEN CASUAL"|KHAKI|L|78196146|864033010503|1|229000|229000|0|0|0|0|0|0|229000|01007|3556|1
07-03-2025|07-03-2025|951195|"KASIH KARUNIA SEJATI PT.-951195"|317|"Citimall Dumai"|T-SHIRT|"EMBA CLASSIC"|"MEN CONTEMP CASUAL"|"EMBA CLASSIC"|"MEN CASUAL"|YELLOW|XL|78194068|591030011204|1|649000|649000|379450|0|0|0|0|58.5|269550|01011|5542|1
07-03-2025|07-03-2025|951195|"KASIH KARUNIA SEJATI PT.-951195"|419|"Pakuwon MAL SBY"|T-SHIRT|"EMBA CLASSIC"|"MEN CONTEMP CASUAL"|"EMBA CLASSIC"|"MEN CASUAL"|OLIVE|32|76094312|152024011732|1|279000|279000|0|0|0|0|0|0|279000|01009|9087|1
07-03-2025|07-03-2025|951195|"KASIH KARUNIA SEJATI PT.-951195"|233|"Bangkalan PLZ MAL"|T-SHIRT|"EMBA CLASSIC"|"MEN CONTEMP CASUAL"|"EMBA CLASSIC"|"MEN CASUAL"|BLACK|38|75751934|164006020138|1|229000|229000|0|0|0|0|0|0|229000|91511|1941|2
07-03-2025|07-03-2025|951195|"KASIH KARUNIA SEJATI PT.-951195"|653|"Lippo MAL Cikarang"|T-SHIRT|"EMBA CLASSIC"|"MEN CONTEMP CASUAL"|"EMBA CLASSIC"|"MEN CASUAL"|"NAVY BLUE"|27|75751621|117008022227|1|229000|229000|0|0|0|0|0|0|229000|02010|8029|2
07-03-2025|07-03-2025|951195|"KASIH KARUNIA SEJATI PT.-951195"|284|"Q MAL Banjarbaru"|T-SHIRT|"EMBA CLASSIC"|"MEN CONTEMP CASUAL"|"EMBA CLASSIC"|"MEN CASUAL"|BROWN|XXL|75751149|109044021005|1|449000|449000|0|0|0|0|0|0|449000|01010|5475|1
07-03-2025|07-03-2025|951195|"KASIH KARUNIA SEJATI PT.-951195"|375|"Ekalokasari MAL BGR"|T-SHIRT|"EMBA CLASSIC"|"MEN CONTEMP CASUAL"|"EMBA CLASSIC"|"MEN CASUAL"|MAROON|L|75750622|611002025203|1|369000|369000|0|184500|0|0|0|50|184500|80202|434|1
07-03-2025|07-03-2025|951195|"KASIH KARUNIA SEJATI PT.-951195"|697|"Plaza Pekalongan MAL"|T-SHIRT|"EMBA CLASSIC"|"MEN CONTEMP CASUAL"|"EMBA CLASSIC"|"MEN CASUAL"|GREEN|XL|75750604|109024021604|1|229000|229000|0|0|0|0|0|0|229000|80292|1241|2
07-03-2025|07-03-2025|951195|"KASIH KARUNIA SEJATI PT.-951195"|507|"Int. Plaza TC PLG"|T-SHIRT|"EMBA CLASSIC"|"MEN CONTEMP CASUAL"|"EMBA CLASSIC"|"MEN CASUAL"|GREY|36|75750319|164006023136|1|229000|229000|0|0|0|0|0|0|229000|03023|941|2
07-03-2025|07-03-2025|951195|"KASIH KARUNIA SEJATI PT.-951195"|389|"Java Supermall SMG"|T-SHIRT|"EMBA CLASSIC"|"MEN CONTEMP CASUAL"|"EMBA CLASSIC"|"MEN CASUAL"|KHAKI|33|75749885|164006012733|1|229000|229000|0|0|0|0|0|0|229000|80127|2039|1
07-03-2025|07-03-2025|951195|"KASIH KARUNIA SEJATI PT.-951195"|677|"Grage MAL Cirebon"|T-SHIRT|"EMBA CLASSIC"|"MEN CONTEMP CASUAL"|"EMBA CLASSIC"|"MEN CASUAL"|"NAVY BLUE"|36|75749796|117008032236|1|229000|229000|0|0|0|0|0|0|229000|02017|9967|1
07-03-2025|07-03-2025|951195|"KASIH KARUNIA SEJATI PT.-951195"|677|"Grage MAL Cirebon"|T-SHIRT|"EMBA CLASSIC"|"MEN CONTEMP CASUAL"|"EMBA CLASSIC"|"MEN CASUAL"|"NAVY BLUE"|36|75749796|117008032236|-1|229000|-229000|-68700|0|0|0|0|30|-160300|02017|2156|1
07-03-2025|07-03-2025|951195|"KASIH KARUNIA SEJATI PT.-951195"|677|"Grage MAL Cirebon"|T-SHIRT|"EMBA CLASSIC"|"MEN CONTEMP CASUAL"|"EMBA CLASSIC"|"MEN CASUAL"|"NAVY BLUE"|36|75749796|117008032236|1|229000|229000|68700|0|0|0|0|30|160300|02017|9248|4
07-03-2025|07-03-2025|951195|"KASIH KARUNIA SEJATI PT.-951195"|697|"Plaza Pekalongan MAL"|T-SHIRT|"EMBA CLASSIC"|"MEN CONTEMP CASUAL"|"EMBA CLASSIC"|"MEN CASUAL"|GREEN|M|75749590|109024021602|1|229000|229000|0|0|0|0|0|0|229000|80263|6077|1
07-03-2025|07-03-2025|951195|"KASIH KARUNIA SEJATI PT.-951195"|537|"Johar Plaza TC JMR"|T-SHIRT|"EMBA CLASSIC"|"MEN CONTEMP CASUAL"|"EMBA CLASSIC"|"MEN CASUAL"|GREEN|L|75749152|109024021603|1|229000|229000|0|0|0|0|0|0|229000|02006|5462|1
07-03-2025|07-03-2025|951195|"KASIH KARUNIA SEJATI PT.-951195"|326|"Lippo PLZ MAL Jember"|T-SHIRT|"EMBA CLASSIC"|"MEN CONTEMP CASUAL"|"EMBA CLASSIC"|"MEN CASUAL"|BROWN|L|75748993|109044021003|1|449000|449000|0|0|0|0|0|0|449000|03015|489|5
07-03-2025|07-03-2025|951195|"KASIH KARUNIA SEJATI PT.-951195"|537|"Johar Plaza TC JMR"|T-SHIRT|"EMBA CLASSIC"|"MEN CONTEMP CASUAL"|"EMBA CLASSIC"|"MEN CASUAL"|OLIVE|L|73876429|109042021703|1|369000|369000|0|0|0|0|0|0|369000|03023|5684|1
07-03-2025|07-03-2025|951195|"KASIH KARUNIA SEJATI PT.-951195"|359|"Fest City MAL BDG"|T-SHIRT|"EMBA CLASSIC"|"MEN CONTEMP CASUAL"|"EMBA CLASSIC"|"MEN CASUAL"|BLACK|L|73876205|109042020103|1|369000|369000|0|0|0|0|0|0|369000|02019|9201|1
07-03-2025|07-03-2025|951195|"KASIH KARUNIA SEJATI PT.-951195"|804|"Matahari HS PWT"|T-SHIRT|"EMBA CLASSIC"|"MEN CONTEMP CASUAL"|"EMBA CLASSIC"|"MEN CASUAL"|BLACK|L|73876205|109042020103|1|369000|369000|0|0|0|0|0|0|369000|01003|7224|3
07-03-2025|07-03-2025|951195|"KASIH KARUNIA SEJATI PT.-951195"|420|"MAL Bassura JKT"|T-SHIRT|"EMBA CLASSIC"|"MEN CONTEMP CASUAL"|"EMBA CLASSIC"|"MEN CASUAL"|OLIVE|XL|73876054|109044011704|1|639000|639000|319500|0|0|0|0|50|319500|02011|6838|1
07-03-2025|07-03-2025|951195|"KASIH KARUNIA SEJATI PT.-951195"|595|"BIP MAL Bandung"|T-SHIRT|"EMBA CLASSIC"|"MEN CONTEMP CASUAL"|"EMBA CLASSIC"|"MEN CASUAL"|GREY|M|73875993|610004533102|1|279000|279000|0|130000|0|0|0|46.6|149000|91703|1697|3
07-03-2025|07-03-2025|951195|"KASIH KARUNIA SEJATI PT.-951195"|595|"BIP MAL Bandung"|T-SHIRT|"EMBA CLASSIC"|"MEN CONTEMP CASUAL"|"EMBA CLASSIC"|"MEN CASUAL"|WHITE|XL|73875957|865001012804|1|279000|279000|0|0|0|0|0|0|279000|82703|622|2
07-03-2025|07-03-2025|951195|"KASIH KARUNIA SEJATI PT.-951195"|352|"Sunrise MAL MJK"|T-SHIRT|"EMBA CLASSIC"|"MEN CONTEMP CASUAL"|"EMBA CLASSIC"|"MEN CASUAL"|BROWN|31|73875822|117019055331|1|229000|229000|0|0|0|0|0|0|229000|02021|5906|1
07-03-2025|07-03-2025|951195|"KASIH KARUNIA SEJATI PT.-951195"|303|"Solo Square MAL"|T-SHIRT|"EMBA CLASSIC"|"MEN CONTEMP CASUAL"|"EMBA CLASSIC"|"MEN CASUAL"|"NAVY BLUE"|L|73875797|864066022203|1|249000|249000|0|0|0|0|0|0|249000|01002|1834|2
07-03-2025|07-03-2025|951195|"KASIH KARUNIA SEJATI PT.-951195"|326|"Lippo PLZ MAL Jember"|T-SHIRT|"EMBA CLASSIC"|"MEN CONTEMP CASUAL"|"EMBA CLASSIC"|"MEN CASUAL"|"NAVY BLUE"|L|73875706|610004572203|1|299000|299000|89700|0|0|0|0|30|209300|03020|207|2
07-03-2025|07-03-2025|951195|"KASIH KARUNIA SEJATI PT.-951195"|355|"E Walk MAL BPP"|T-SHIRT|"EMBA CLASSIC"|"MEN CONTEMP CASUAL"|"EMBA CLASSIC"|"MEN CASUAL"|BROWN|M|73875582|157042011002|1|199000|199000|0|0|0|0|0|0|199000|02019|6637|2
07-03-2025|07-03-2025|951195|"KASIH KARUNIA SEJATI PT.-951195"|326|"Lippo PLZ MAL Jember"|T-SHIRT|"EMBA CLASSIC"|"MEN CONTEMP CASUAL"|"EMBA CLASSIC"|"MEN CASUAL"|GREY|30|73874725|117024023130|1|369000|369000|0|0|0|0|0|0|369000|03024|571|1
07-03-2025|07-03-2025|951195|"KASIH KARUNIA SEJATI PT.-951195"|643|"Ambon Indah Plaza TC"|T-SHIRT|"EMBA CLASSIC"|"MEN CONTEMP CASUAL"|"EMBA CLASSIC"|"MEN CASUAL"|KHAKI|XXL|73874609|109042020505|1|369000|369000|0|0|0|0|0|0|369000|02015|3065|22
07-03-2025|07-03-2025|951195|"KASIH KARUNIA SEJATI PT.-951195"|227|"Sidoarjo Town Sq MAL"|T-SHIRT|"EMBA CLASSIC"|"MEN CONTEMP CASUAL"|"EMBA CLASSIC"|"MEN CASUAL"|"NAVY BLUE"|34|73874449|164016035434|1|229000|229000|0|0|0|0|0|0|229000|01009|1966|2
07-03-2025|07-03-2025|951195|"KASIH KARUNIA SEJATI PT.-951195"|413|"Kediri Town Sq MAL"|T-SHIRT|"EMBA CLASSIC"|"MEN CONTEMP CASUAL"|"EMBA CLASSIC"|"MEN CASUAL"|"NAVY BLUE"|XL|73874430|864066022204|1|249000|249000|0|0|0|0|0|0|249000|91304|6167|4
07-03-2025|07-03-2025|951195|"KASIH KARUNIA SEJATI PT.-951195"|440|"Ciputra MAL TNG"|T-SHIRT|"EMBA CLASSIC"|"MEN CONTEMP CASUAL"|"EMBA CLASSIC"|"MEN CASUAL"|KHAKI|XL|73874207|109042020504|1|369000|369000|0|0|0|0|0|0|369000|03056|4400|4
07-03-2025|07-03-2025|951195|"KASIH KARUNIA SEJATI PT.-951195"|619|"Plasa HS Klaten"|T-SHIRT|"EMBA CLASSIC"|"MEN CONTEMP CASUAL"|"EMBA CLASSIC"|"MEN CASUAL"|KHAKI|XL|73874207|109042020504|1|369000|369000|0|0|0|0|0|0|369000|02005|7595|2
07-03-2025|07-03-2025|951195|"KASIH KARUNIA SEJATI PT.-951195"|387|"Manhattan MAL Medan"|T-SHIRT|"EMBA CLASSIC"|"MEN CONTEMP CASUAL"|"EMBA CLASSIC"|"MEN CASUAL"|BLACK|XL|73873879|109042020104|1|369000|369000|0|0|0|0|0|0|369000|03019|1164|2
07-03-2025|07-03-2025|951195|"KASIH KARUNIA SEJATI PT.-951195"|326|"Lippo PLZ MAL Jember"|T-SHIRT|"EMBA CLASSIC"|"MEN CONTEMP CASUAL"|"EMBA CLASSIC"|"MEN CASUAL"|"NAVY BLUE"|M|73873717|864600012202|1|279000|279000|0|0|0|0|0|0|279000|03010|342|3
07-03-2025|07-03-2025|951195|"KASIH KARUNIA SEJATI PT.-951195"|352|"Sunrise MAL MJK"|T-SHIRT|"EMBA CLASSIC"|"MEN CONTEMP CASUAL"|"EMBA CLASSIC"|"MEN CASUAL"|BROWN|36|73873673|117019065336|1|229000|229000|0|0|0|0|0|0|229000|02021|6143|2
07-03-2025|07-03-2025|951195|"KASIH KARUNIA SEJATI PT.-951195"|399|"Icon MAL Gresik"|T-SHIRT|"EMBA CLASSIC"|"MEN CONTEMP CASUAL"|"EMBA CLASSIC"|"MEN CASUAL"|GREY|27|73873502|117111034127|1|229000|229000|0|0|0|0|0|0|229000|80501|2182|1
07-03-2025|07-03-2025|951195|"KASIH KARUNIA SEJATI PT.-951195"|305|"Nagoya Hill TC Batam"|T-SHIRT|"EMBA CLASSIC"|"MEN CONTEMP CASUAL"|"EMBA CLASSIC"|"MEN CASUAL"|GREY|36|73873351|117111044136|1|229000|229000|0|0|0|0|0|0|229000|02018|2991|2
07-03-2025|07-03-2025|951195|"KASIH KARUNIA SEJATI PT.-951195"|567|"Delta PLZ MAL SBY"|T-SHIRT|"EMBA CLASSIC"|"MEN CONTEMP CASUAL"|"EMBA CLASSIC"|"MEN CASUAL"|OLIVE|L|73873306|109024011703|1|229000|229000|0|0|0|0|0|0|229000|03008|2902|1
07-03-2025|07-03-2025|951195|"KASIH KARUNIA SEJATI PT.-951195"|804|"Matahari HS PWT"|T-SHIRT|"EMBA CLASSIC"|"MEN CONTEMP CASUAL"|"EMBA CLASSIC"|"MEN CASUAL"|BLACK|M|73872905|109042020102|1|369000|369000|0|0|0|0|0|0|369000|02011|7101|4
07-03-2025|07-03-2025|951195|"KASIH KARUNIA SEJATI PT.-951195"|303|"Solo Square MAL"|T-SHIRT|"EMBA CLASSIC"|"MEN CONTEMP CASUAL"|"EMBA CLASSIC"|"MEN CASUAL"|OLIVE|28|73872816|164016021728|1|229000|229000|0|0|0|0|0|0|229000|80333|158|1
07-03-2025|07-03-2025|951195|"KASIH KARUNIA SEJATI PT.-951195"|503|"Matahari HS Magelang"|T-SHIRT|"EMBA CLASSIC"|"MEN CONTEMP CASUAL"|"EMBA CLASSIC"|"MEN CASUAL"|BROWN|XXL|73872754|109042011005|1|299000|299000|0|0|0|0|0|0|299000|02031|307|1
07-03-2025|07-03-2025|951195|"KASIH KARUNIA SEJATI PT.-951195"|336|"Balikpapan Baru TC"|T-SHIRT|"EMBA CLASSIC"|"MEN CONTEMP CASUAL"|"EMBA CLASSIC"|"MEN CASUAL"|BLACK|XL|73872503|109042010104|1|299000|299000|0|0|0|0|0|0|299000|02007|3701|2
07-03-2025|07-03-2025|951195|"KASIH KARUNIA SEJATI PT.-951195"|296|"Serang MAL"|T-SHIRT|"EMBA CLASSIC"|"MEN CONTEMP CASUAL"|"EMBA CLASSIC"|"MEN CASUAL"|BROWN|36|73872496|117008031036|1|229000|229000|0|0|0|0|0|0|229000|80294|1838|1
07-03-2025|07-03-2025|951195|"KASIH KARUNIA SEJATI PT.-951195"|375|"Ekalokasari MAL BGR"|T-SHIRT|"EMBA CLASSIC"|"MEN CONTEMP CASUAL"|"EMBA CLASSIC"|"MEN CASUAL"|"NAVY BLUE"|34|73872290|117019065434|1|229000|229000|0|0|0|0|0|0|229000|02046|851|1
07-03-2025|07-03-2025|951195|"KASIH KARUNIA SEJATI PT.-951195"|375|"Ekalokasari MAL BGR"|T-SHIRT|"EMBA CLASSIC"|"MEN CONTEMP CASUAL"|"EMBA CLASSIC"|"MEN CASUAL"|"NAVY BLUE"|33|73872263|117019055433|1|229000|229000|0|0|0|0|0|0|229000|02046|851|2
07-03-2025|07-03-2025|951195|"KASIH KARUNIA SEJATI PT.-951195"|241|"BIG MAL Samarinda"|T-SHIRT|"EMBA CLASSIC"|"MEN CONTEMP CASUAL"|"EMBA CLASSIC"|"MEN CASUAL"|BROWN|L|73872003|157042011003|1|199000|199000|0|0|0|0|0|0|199000|90108|7860|2
07-03-2025|07-03-2025|951195|"KASIH KARUNIA SEJATI PT.-951195"|440|"Ciputra MAL TNG"|T-SHIRT|"EMBA CLASSIC"|"MEN CONTEMP CASUAL"|"EMBA CLASSIC"|"MEN CASUAL"|OLIVE|"NO SIZE"|73871906|700000811700|1|189000|189000|94500|0|0|0|0|50|94500|03056|4400|3
07-03-2025|07-03-2025|951195|"KASIH KARUNIA SEJATI PT.-951195"|387|"Manhattan MAL Medan"|T-SHIRT|"EMBA CLASSIC"|"MEN CONTEMP CASUAL"|"EMBA CLASSIC"|"MEN CASUAL"|OLIVE|XXL|73871728|109042011705|1|299000|299000|0|0|0|0|0|0|299000|02008|1138|6
07-03-2025|07-03-2025|951195|"KASIH KARUNIA SEJATI PT.-951195"|311|"Duta MAL BJM"|T-SHIRT|"EMBA CLASSIC"|"MEN CONTEMP CASUAL"|"EMBA CLASSIC"|"MEN CASUAL"|BLACK|XXL|73871657|157042010105|1|199000|199000|0|0|0|0|0|0|199000|01008|7095|2
07-03-2025|07-03-2025|951195|"KASIH KARUNIA SEJATI PT.-951195"|419|"Pakuwon MAL SBY"|T-SHIRT|"EMBA CLASSIC"|"MEN CONTEMP CASUAL"|"EMBA CLASSIC"|"MEN CASUAL"|GREY|34|73871424|117111044134|1|229000|229000|0|0|0|0|0|0|229000|01012|9041|2
07-03-2025|07-03-2025|951195|"KASIH KARUNIA SEJATI PT.-951195"|413|"Kediri Town Sq MAL"|T-SHIRT|"EMBA CLASSIC"|"MEN CONTEMP CASUAL"|"EMBA CLASSIC"|"MEN CASUAL"|"NAVY BLUE"|XL|73871371|864600012204|1|279000|279000|0|0|0|0|0|0|279000|01031|8956|5
07-03-2025|07-03-2025|951195|"KASIH KARUNIA SEJATI PT.-951195"|503|"Matahari HS Magelang"|T-SHIRT|"EMBA CLASSIC"|"MEN CONTEMP CASUAL"|"EMBA CLASSIC"|"MEN CASUAL"|BLACK|XXL|73870809|109042010105|1|299000|299000|0|0|0|0|0|0|299000|02031|307|2
07-03-2025|07-03-2025|951195|"KASIH KARUNIA SEJATI PT.-951195"|637|"Blok M Plaza MAL JKT"|"T-SHIRT BASIC"|"USED JEANS"|"MEN YOUNG CASUAL"|"USED JEANS"|"MEN CASUAL"|WHITE|XL|53508739|225039015604|1|299000|299000|59800|0|0|0|0|20|239200|03018|6653|2
07-03-2025|07-03-2025|951195|"KASIH KARUNIA SEJATI PT.-951195"|523|"Tunjungan MAL SBY"|"T-SHIRT BASIC"|"USED JEANS"|"MEN YOUNG CASUAL"|"USED JEANS"|"MEN CASUAL"|GREY|M|53508720|225039013903|1|299000|299000|89700|0|0|0|0|30|209300|04102|381|1
07-03-2025|07-03-2025|951195|"KASIH KARUNIA SEJATI PT.-951195"|507|"Int. Plaza TC PLG"|"T-SHIRT BASIC"|"USED JEANS"|"MEN YOUNG CASUAL"|"USED JEANS"|"MEN CASUAL"|"NAVY BLUE"|L|45363044|003070013703|1|599000|599000|179700|0|0|0|0|30|419300|03025|1060|1
07-03-2025|07-03-2025|951195|"KASIH KARUNIA SEJATI PT.-951195"|329|"Lippo PLZ MAL Kupang"|"T-SHIRT BASIC"|"USED JEANS"|"MEN YOUNG CASUAL"|"USED JEANS"|"MEN DENIM"|BLUE|33|82107411|515071018933|1|230000|230000|0|0|0|0|0|0|230000|02013|1566|1
07-03-2025|07-03-2025|951195|"KASIH KARUNIA SEJATI PT.-951195"|261|"Plaza Medan Fair TC"|"T-SHIRT BASIC"|"USED JEANS"|"MEN YOUNG CASUAL"|"USED JEANS"|"MEN DENIM"|BLUE|38|82107304|515071027638|1|250000|250000|0|0|0|0|0|0|250000|01001|3690|1
07-03-2025|07-03-2025|951195|"KASIH KARUNIA SEJATI PT.-951195"|261|"Plaza Medan Fair TC"|"T-SHIRT BASIC"|"USED JEANS"|"MEN YOUNG CASUAL"|"USED JEANS"|"MEN DENIM"|GREY|32|81964694|565023017332|1|299000|299000|0|39000|0|0|0|13|260000|80134|3812|1
07-03-2025|07-03-2025|951195|"KASIH KARUNIA SEJATI PT.-951195"|388|"Suncity MAL Madiun"|"T-SHIRT BASIC"|"USED JEANS"|"MEN YOUNG CASUAL"|"USED JEANS"|"MEN DENIM"|GREY|32|81964694|565023017332|1|260000|260000|0|0|0|0|0|0|260000|02016|3632|2
07-03-2025|07-03-2025|951195|"KASIH KARUNIA SEJATI PT.-951195"|453|"Supermal Karawaci"|"T-SHIRT BASIC"|"USED JEANS"|"MEN YOUNG CASUAL"|"USED JEANS"|"MEN DENIM"|BLUE|38|81964309|515071029638|1|250000|250000|0|0|0|0|0|0|250000|02057|7257|1
07-03-2025|07-03-2025|951195|"KASIH KARUNIA SEJATI PT.-951195"|453|"Supermal Karawaci"|"T-SHIRT BASIC"|"USED JEANS"|"MEN YOUNG CASUAL"|"USED JEANS"|"MEN DENIM"|BLUE|32|81964274|515071019632|1|230000|230000|0|0|0|0|0|0|230000|02057|7257|3
07-03-2025|07-03-2025|951195|"KASIH KARUNIA SEJATI PT.-951195"|336|"Balikpapan Baru TC"|"T-SHIRT BASIC"|"USED JEANS"|"MEN YOUNG CASUAL"|"USED JEANS"|"MEN DENIM"|BLACK|32|81776049|575008011232|1|240000|240000|0|0|0|0|0|0|240000|02007|3736|2
07-03-2025|07-03-2025|951195|"KASIH KARUNIA SEJATI PT.-951195"|641|"Citra PLZ MAL PBR"|"T-SHIRT BASIC"|"USED JEANS"|"MEN YOUNG CASUAL"|"USED JEANS"|"MEN DENIM"|GREEN|XL|81676808|201007019404|1|399000|399000|0|199500|0|0|0|50|199500|80651|8824|1
07-03-2025|07-03-2025|951195|"KASIH KARUNIA SEJATI PT.-951195"|523|"Tunjungan MAL SBY"|"T-SHIRT BASIC"|"USED JEANS"|"MEN YOUNG CASUAL"|"USED JEANS"|"MEN DENIM"|MAROON|XL|81676764|201007017404|1|399000|399000|199500|0|0|0|0|50|199500|04102|397|1
07-03-2025|07-03-2025|951195|"KASIH KARUNIA SEJATI PT.-951195"|344|"Metmal Cileungsi BGR"|"T-SHIRT BASIC"|"USED JEANS"|"MEN YOUNG CASUAL"|"USED JEANS"|"MEN DENIM"|GREEN|M|79973741|101100195002|1|279000|279000|139500|0|0|0|0|50|139500|03020|1793|1
07-03-2025|07-03-2025|951195|"KASIH KARUNIA SEJATI PT.-951195"|329|"Lippo PLZ MAL Kupang"|"T-SHIRT BASIC"|"USED JEANS"|"MEN YOUNG CASUAL"|"USED JEANS"|"MEN DENIM"|ORANGE|M|79973607|101100184102|1|279000|279000|139500|0|0|0|0|50|139500|72017|1584|1
07-03-2025|07-03-2025|951195|"KASIH KARUNIA SEJATI PT.-951195"|261|"Plaza Medan Fair TC"|"T-SHIRT BASIC"|"USED JEANS"|"MEN YOUNG CASUAL"|"USED JEANS"|"MEN DENIM"|BLUE|30|76157549|575011509330|1|299000|299000|0|9000|0|0|0|3|290000|80134|3796|1
07-03-2025|07-03-2025|951195|"KASIH KARUNIA SEJATI PT.-951195"|298|"PLZ Kalibata MAL JKT"|"T-SHIRT BASIC"|"USED JEANS"|"MEN YOUNG CASUAL"|"USED JEANS"|"MEN DENIM"|BLUE|30|76157549|575011509330|1|290000|290000|0|0|0|0|0|0|290000|01007|2347|1
07-03-2025|07-03-2025|951195|"KASIH KARUNIA SEJATI PT.-951195"|312|"Lippo PLZ MAL Jambi"|"T-SHIRT BASIC"|"USED JEANS"|"MEN YOUNG CASUAL"|"USED JEANS"|"MEN DENIM"|BLACK|38|76157496|575235020238|1|969000|969000|0|679500|0|0|0|70.1|289500|90253|8063|1
07-03-2025|07-03-2025|951195|"KASIH KARUNIA SEJATI PT.-951195"|327|"Citimall Sampit"|"T-SHIRT BASIC"|"USED JEANS"|"MEN YOUNG CASUAL"|"USED JEANS"|"MEN DENIM"|GREY|33|76157218|580001039833|1|549000|549000|274500|0|0|0|0|50|274500|01005|7886|2
07-03-2025|07-03-2025|951195|"KASIH KARUNIA SEJATI PT.-951195"|300|"Lippo MAL LLG"|"T-SHIRT BASIC"|"USED JEANS"|"MEN YOUNG CASUAL"|"USED JEANS"|"MEN DENIM"|GREY|M|76157165|530044021102|1|579000|579000|289500|0|0|0|0|50|289500|01015|3358|1
07-03-2025|07-03-2025|951195|"KASIH KARUNIA SEJATI PT.-951195"|375|"Ekalokasari MAL BGR"|"T-SHIRT BASIC"|"USED JEANS"|"MEN YOUNG CASUAL"|"USED JEANS"|"MEN DENIM"|OLIVE|L|76157021|530044020603|1|579000|579000|173700|0|0|0|0|30|405300|03058|795|1
07-03-2025|07-03-2025|951195|"KASIH KARUNIA SEJATI PT.-951195"|309|"Binjai Supermall TC"|"T-SHIRT BASIC"|"USED JEANS"|"MEN YOUNG CASUAL"|"USED JEANS"|"MEN DENIM"|BLACK|33|76098041|515008019633|1|270000|270000|0|0|0|0|0|0|270000|02010|5402|2
07-03-2025|07-03-2025|951195|"KASIH KARUNIA SEJATI PT.-951195"|309|"Binjai Supermall TC"|"T-SHIRT BASIC"|"USED JEANS"|"MEN YOUNG CASUAL"|"USED JEANS"|"MEN DENIM"|BLACK|36|76097935|515008019636|1|270000|270000|0|0|0|0|0|0|270000|02014|5664|1
07-03-2025|07-03-2025|951195|"KASIH KARUNIA SEJATI PT.-951195"|641|"Citra PLZ MAL PBR"|"T-SHIRT BASIC"|"USED JEANS"|"MEN YOUNG CASUAL"|"USED JEANS"|"MEN DENIM"|BLACK|36|76097935|515008019636|1|270000|270000|0|0|0|0|0|0|270000|03066|8968|1
07-03-2025|07-03-2025|951195|"KASIH KARUNIA SEJATI PT.-951195"|327|"Citimall Sampit"|"T-SHIRT BASIC"|"USED JEANS"|"MEN YOUNG CASUAL"|"USED JEANS"|"MEN DENIM"|GREY|XL|76097613|203056013904|1|429000|429000|214500|0|0|0|0|50|214500|01002|8009|1
07-03-2025|07-03-2025|951195|"KASIH KARUNIA SEJATI PT.-951195"|309|"Binjai Supermall TC"|"T-SHIRT BASIC"|"USED JEANS"|"MEN YOUNG CASUAL"|"USED JEANS"|"MEN DENIM"|BLUE|29|76095491|513232013729|1|899000|899000|449500|0|0|0|0|50|449500|02012|5635|3
07-03-2025|07-03-2025|951195|"KASIH KARUNIA SEJATI PT.-951195"|261|"Plaza Medan Fair TC"|"T-SHIRT BASIC"|"USED JEANS"|"MEN YOUNG CASUAL"|"USED JEANS"|"MEN DENIM"|GREY|33|76095446|510001019833|1|759000|759000|379500|0|0|0|0|50|379500|01008|3625|2
07-03-2025|07-03-2025|951195|"KASIH KARUNIA SEJATI PT.-951195"|300|"Lippo MAL LLG"|"T-SHIRT BASIC"|"USED JEANS"|"MEN YOUNG CASUAL"|"USED JEANS"|"MEN DENIM"|MAROON|L|51950479|102100038803|1|269000|269000|53800|0|0|0|0|20|215200|01014|3216|1
07-03-2025|07-03-2025|951195|"KASIH KARUNIA SEJATI PT.-951195"|344|"Metmal Cileungsi BGR"|"T-SHIRT BASIC"|"USED JEANS"|"MEN YOUNG CASUAL"|"USED JEANS"|"MEN DENIM"|MAROON|L|51950479|102100038803|1|269000|269000|80700|0|0|0|0|30|188300|03020|1856|1
07-03-2025|07-03-2025|951195|"KASIH KARUNIA SEJATI PT.-951195"|645|"Medan MAL"|"T-SHIRT BASIC"|"USED JEANS"|"MEN YOUNG CASUAL"|"USED JEANS"|"MEN DENIM"|MAROON|L|51950479|102100038803|1|269000|269000|80700|0|0|0|0|30|188300|01008|9803|3
07-03-2025|07-03-2025|951195|"KASIH KARUNIA SEJATI PT.-951195"|309|"Binjai Supermall TC"|"T-SHIRT BASIC"|"USED JEANS"|"MEN YOUNG CASUAL"|"USED JEANS"|"MEN DENIM"|OLIVE|M|51950326|223100010602|1|299000|299000|89700|0|0|0|0|30|209300|02012|5541|1
07-03-2025|07-03-2025|951195|"KASIH KARUNIA SEJATI PT.-951195"|507|"Int. Plaza TC PLG"|"T-SHIRT BASIC"|"USED JEANS"|"MEN YOUNG CASUAL"|"USED JEANS"|"MEN DENIM"|MAROON|XXL|51950200|102100038805|1|269000|269000|80700|0|0|0|0|30|188300|02005|931|12
07-03-2025|07-03-2025|951195|"KASIH KARUNIA SEJATI PT.-951195"|344|"Metmal Cileungsi BGR"|"T-SHIRT BASIC"|"USED JEANS"|"MEN YOUNG CASUAL"|"USED JEANS"|"MEN DENIM"|"NAVY BLUE"|M|51950068|102100029202|1|269000|269000|80700|0|0|0|0|30|188300|03022|1924|2
07-03-2025|07-03-2025|951195|"KASIH KARUNIA SEJATI PT.-951195"|453|"Supermal Karawaci"|"T-SHIRT BASIC"|"USED JEANS"|"MEN YOUNG CASUAL"|"USED JEANS"|"MEN DENIM"|GREEN|L|45363231|208076015003|1|529000|529000|158700|0|0|0|0|30|370300|02018|7729|1
07-03-2025|07-03-2025|951195|"KASIH KARUNIA SEJATI PT.-951195"|645|"Medan MAL"|"T-SHIRT BASIC"|"USED JEANS"|"MEN YOUNG CASUAL"|"USED JEANS"|"MEN DENIM"|BROWN|L|45362867|208758013303|1|599000|599000|179700|0|0|0|0|30|419300|01008|9805|4
07-03-2025|07-03-2025|951195|"KASIH KARUNIA SEJATI PT.-951195"|344|"Metmal Cileungsi BGR"|"T-SHIRT BASIC"|"USED JEANS"|"MEN YOUNG CASUAL"|"USED JEANS"|"MEN DENIM"|YELLOW|M|45362750|101160021702|1|259000|259000|77700|0|0|0|0|30|181300|03022|1924|1
07-03-2025|07-03-2025|951195|"KASIH KARUNIA SEJATI PT.-951195"|371|"Pondok Gede TC BKS"|"T-SHIRT BASIC"|"USED JEANS"|"MEN YOUNG CASUAL"|"USED JEANS"|"MEN DENIM"|YELLOW|M|45362750|101160021702|1|259000|259000|77700|0|0|0|0|30|181300|02018|6953|2
07-03-2025|07-03-2025|951195|"KASIH KARUNIA SEJATI PT.-951195"|312|"Lippo PLZ MAL Jambi"|"T-SHIRT BASIC"|"USED JEANS"|"MEN YOUNG CASUAL"|"USED JEANS"|"MEN DENIM"|BLUE|30|30313750|575008022730|1|270000|270000|0|0|0|0|0|0|270000|90257|9604|3
07-03-2025|07-03-2025|951195|"KASIH KARUNIA SEJATI PT.-951195"|312|"Lippo PLZ MAL Jambi"|"T-SHIRT BASIC"|"USED JEANS"|"MEN YOUNG CASUAL"|"USED JEANS"|"MEN DENIM"|BLUE|30|30313750|575008022730|1|270000|270000|0|20500|0|0|0|7.6|249500|90257|9588|1
07-03-2025|07-03-2025|951195|"KASIH KARUNIA SEJATI PT.-951195"|443|"Citimall Prabumulih"|"T-SHIRT BASIC"|"USED JEANS"|"MEN YOUNG CASUAL"|"USED JEANS"|"MEN DENIM"|BLUE|30|30313750|575008022730|1|270000|270000|0|0|0|0|0|0|270000|01013|6087|4
07-03-2025|07-03-2025|951195|"KASIH KARUNIA SEJATI PT.-951195"|367|"Jayapura MAL"|"T-SHIRT BASIC"|"USED JEANS"|"MEN YOUNG CASUAL"|"USED JEANS"|"MEN DENIM"|BLUE|33|30313189|575008012733|1|240000|240000|0|0|0|0|0|0|240000|02026|9244|1
07-03-2025|07-03-2025|951195|"KASIH KARUNIA SEJATI PT.-951195"|388|"Suncity MAL Madiun"|"T-SHIRT BASIC"|"USED JEANS"|"MEN YOUNG CASUAL"|"USED JEANS"|"MEN DENIM"|KHAKI|29|30312386|565023016029|1|260000|260000|0|0|0|0|0|0|260000|01009|3852|5
07-03-2025|07-03-2025|951195|"KASIH KARUNIA SEJATI PT.-951195"|641|"Citra PLZ MAL PBR"|"T-SHIRT BASIC"|"USED JEANS"|"MEN YOUNG CASUAL"|"USED JEANS"|"MEN DENIM"|BLUE|34|30311967|575008012734|1|240000|240000|0|0|0|0|0|0|240000|03031|9028|2
07-03-2025|07-03-2025|951195|"KASIH KARUNIA SEJATI PT.-951195"|336|"Balikpapan Baru TC"|"T-SHIRT BASIC"|"USED JEANS"|"MEN YOUNG CASUAL"|"USED JEANS"|"MEN DENIM"|BLACK|42|30311083|575007028542|1|290000|290000|0|0|0|0|0|0|290000|02007|3760|2
07-03-2025|07-03-2025|951195|"KASIH KARUNIA SEJATI PT.-951195"|329|"Lippo PLZ MAL Kupang"|"T-SHIRT BASIC"|"USED JEANS"|"MEN YOUNG CASUAL"|"USED JEANS"|"MEN DENIM"|BLACK|33|30310646|575003018533|1|250000|250000|0|0|0|0|0|0|250000|02013|1566|2
07-03-2025|07-03-2025|951195|"KASIH KARUNIA SEJATI PT.-951195"|256|"Kaza City MAL SBY"|"T-SHIRT BASIC"|"USED JEANS"|"MEN YOUNG CASUAL"|"USED JEANS"|"MEN DENIM"|BLACK|42|30310164|565023020242|1|280000|280000|0|0|0|0|0|0|280000|02033|8856|1
07-03-2025|07-03-2025|951195|"KASIH KARUNIA SEJATI PT.-951195"|318|"Indramayu MAL"|"T-SHIRT BASIC"|"USED JEANS"|"MEN YOUNG CASUAL"|"USED JEANS"|"MEN DENIM"|BLUE|38|26978158|515050027138|1|419000|419000|125700|0|0|0|0|30|293300|02026|1291|1
07-03-2025|07-03-2025|951195|"KASIH KARUNIA SEJATI PT.-951195"|645|"Medan MAL"|"T-SHIRT BASIC"|"USED JEANS"|"MEN YOUNG CASUAL"|"USED JEANS"|"MEN DENIM"|BLUE|42|23766794|575050027142|1|549000|549000|164700|0|0|0|0|30|384300|01008|9779|1
07-03-2025|07-03-2025|951195|"KASIH KARUNIA SEJATI PT.-951195"|261|"Plaza Medan Fair TC"|"T-SHIRT BASIC"|"USED JEANS"|"MEN YOUNG CASUAL"|"USED JEANS"|"MEN DENIM"|BLUE|30|18685417|515050017130|1|389000|389000|116700|0|0|0|0|30|272300|01001|3779|4
07-03-2025|07-03-2025|951195|"KASIH KARUNIA SEJATI PT.-951195"|375|"Ekalokasari MAL BGR"|"T-SHIRT BASIC"|"USED JEANS"|"MEN YOUNG CASUAL"|"USED JEANS"|"MEN DENIM"|BLUE|30|18685033|515007031230|1|280000|280000|0|0|0|0|0|0|280000|01033|993|5
07-03-2025|07-03-2025|951195|"KASIH KARUNIA SEJATI PT.-951195"|309|"Binjai Supermall TC"|"T-SHIRT BASIC"|"USED JEANS"|"MEN YOUNG CASUAL"|"USED JEANS"|"MEN DENIM"|BLACK|33|18480058|515011018533|1|280000|280000|0|0|0|0|0|0|280000|01003|5648|4
07-03-2025|07-03-2025|951195|"KASIH KARUNIA SEJATI PT.-951195"|253|"Mega Town Sq MAL PLK"|"T-SHIRT BASIC"|"USED JEANS"|"MEN YOUNG CASUAL"|"USED JEANS"|"MEN DENIM"|BLACK|30|18479695|515011018530|1|280000|280000|0|0|0|0|0|0|280000|01013|2935|5
07-03-2025|07-03-2025|951195|"KASIH KARUNIA SEJATI PT.-951195"|336|"Balikpapan Baru TC"|"T-SHIRT BASIC"|"USED JEANS"|"MEN YOUNG CASUAL"|"USED JEANS"|"MEN DENIM"|BLACK|30|18479695|515011018530|1|280000|280000|0|0|0|0|0|0|280000|02006|3839|4
07-03-2025|07-03-2025|951195|"KASIH KARUNIA SEJATI PT.-951195"|309|"Binjai Supermall TC"|"T-SHIRT BASIC"|"USED JEANS"|"MEN YOUNG CASUAL"|"USED JEANS"|"MEN DENIM"|BLUE|31|17575805|515011019331|1|280000|280000|0|0|0|0|0|0|280000|02012|5526|1
07-03-2025|07-03-2025|951195|"KASIH KARUNIA SEJATI PT.-951195"|312|"Lippo PLZ MAL Jambi"|"T-SHIRT BASIC"|"USED JEANS"|"MEN YOUNG CASUAL"|"USED JEANS"|"MEN DENIM"|BLUE|29|17575752|515011019329|1|280000|280000|0|0|0|0|0|0|280000|90253|8063|7
07-03-2025|07-03-2025|951195|"KASIH KARUNIA SEJATI PT.-951195"|641|"Citra PLZ MAL PBR"|"T-SHIRT BASIC"|"USED JEANS"|"MEN YOUNG CASUAL"|"USED JEANS"|"MEN DENIM"|BLUE|29|17575752|515011019329|1|280000|280000|0|0|0|0|0|0|280000|03031|9024|1
07-03-2025|07-03-2025|951195|"KASIH KARUNIA SEJATI PT.-951195"|388|"Suncity MAL Madiun"|"T-SHIRT BASIC"|"USED JEANS"|"MEN YOUNG CASUAL"|"USED JEANS"|"MEN DENIM"|BLUE|33|17575725|515011019333|1|280000|280000|0|0|0|0|0|0|280000|02021|3759|4
07-03-2025|07-03-2025|951195|"KASIH KARUNIA SEJATI PT.-951195"|553|"Thamrin PLZ MAL MDN"|"T-SHIRT BASIC"|"USED JEANS"|"MEN YOUNG CASUAL"|"USED JEANS"|"MEN DENIM"|BLUE|40|17575707|515011029340|1|300000|300000|0|0|0|0|0|0|300000|04017|8333|1
07-03-2025|07-03-2025|951195|"KASIH KARUNIA SEJATI PT.-951195"|253|"Mega Town Sq MAL PLK"|"T-SHIRT BASIC"|"USED JEANS"|"MEN YOUNG CASUAL"|"USED JEANS"|"MEN DENIM"|GREY|33|16512919|515008011233|1|270000|270000|0|0|0|0|0|0|270000|02013|3107|1
07-03-2025|07-03-2025|951195|"KASIH KARUNIA SEJATI PT.-951195"|645|"Medan MAL"|"T-SHIRT BASIC"|"USED JEANS"|"MEN YOUNG CASUAL"|"USED JEANS"|"MEN DENIM"|GREY|33|16512919|515008011233|1|270000|270000|0|0|0|0|0|0|270000|01008|9769|1
07-03-2025|07-03-2025|951195|"KASIH KARUNIA SEJATI PT.-951195"|261|"Plaza Medan Fair TC"|"T-SHIRT BASIC"|"USED JEANS"|"MEN YOUNG CASUAL"|"USED JEANS"|"MEN DENIM"|GREY|32|16512839|515008011232|1|270000|270000|0|0|0|0|0|0|270000|01008|3625|1
07-03-2025|07-03-2025|951195|"KASIH KARUNIA SEJATI PT.-951195"|641|"Citra PLZ MAL PBR"|"T-SHIRT BASIC"|"USED JEANS"|"MEN YOUNG CASUAL"|"USED JEANS"|"MEN DENIM"|GREY|30|16512722|515008011230|1|270000|270000|0|0|0|0|0|0|270000|03031|9024|2
07-03-2025|07-03-2025|951195|"KASIH KARUNIA SEJATI PT.-951195"|641|"Citra PLZ MAL PBR"|"T-SHIRT BASIC"|"USED JEANS"|"MEN YOUNG CASUAL"|"USED JEANS"|"MEN DENIM"|GREY|30|16512722|515008011230|1|270000|270000|0|0|0|0|0|0|270000|03031|8839|1
07-03-2025|07-03-2025|951195|"KASIH KARUNIA SEJATI PT.-951195"|453|"Supermal Karawaci"|"T-SHIRT BASIC"|"USED JEANS"|"MEN YOUNG CASUAL"|"USED JEANS"|"MEN DENIM"|BROWN|31|16512599|565023018031|1|260000|260000|0|0|0|0|0|0|260000|02013|7354|1
07-03-2025|07-03-2025|951195|"KASIH KARUNIA SEJATI PT.-951195"|253|"Mega Town Sq MAL PLK"|"T-SHIRT BASIC"|"USED JEANS"|"MEN YOUNG CASUAL"|"USED JEANS"|"MEN DENIM"|BLUE|30|16255368|513071019630|1|230000|230000|0|0|0|0|0|0|230000|02013|3120|1
07-03-2025|07-03-2025|951195|"KASIH KARUNIA SEJATI PT.-951195"|309|"Binjai Supermall TC"|"T-SHIRT BASIC"|"USED JEANS"|"MEN YOUNG CASUAL"|"USED JEANS"|"MEN DENIM"|BLUE|38|16255297|513071029638|1|250000|250000|0|0|0|0|0|0|250000|02012|5459|1
07-03-2025|07-03-2025|951195|"KASIH KARUNIA SEJATI PT.-951195"|453|"Supermal Karawaci"|"T-SHIRT BASIC"|"USED JEANS"|"MEN YOUNG CASUAL"|"USED JEANS"|"MEN DENIM"|BLUE|29|16255288|513071019629|1|230000|230000|0|0|0|0|0|0|230000|02057|7257|2
07-03-2025|07-03-2025|951195|"KASIH KARUNIA SEJATI PT.-951195"|594|"Manado Trade Center"|"T-SHIRT BASIC"|"USED JEANS"|"MEN YOUNG CASUAL"|"USED JEANS"|"MEN DENIM"|BLUE|31|16255233|513071019631|1|230000|230000|0|0|0|0|0|0|230000|01010|1501|1
07-03-2025|07-03-2025|951195|"KASIH KARUNIA SEJATI PT.-951195"|273|"SKA MAL Pekanbaru"|T-SHIRT|"EMBA CLASSIC"|"MEN CONTEMP CASUAL"|"EMBA CLASSIC"|"MEN CASUAL"|KHAKI|36|87327077|117053012736|1|319000|319000|0|0|0|0|0|0|319000|03038|6649|2
07-03-2025|07-03-2025|951195|"KASIH KARUNIA SEJATI PT.-951195"|273|"SKA MAL Pekanbaru"|T-SHIRT|"EMBA CLASSIC"|"MEN CONTEMP CASUAL"|"EMBA CLASSIC"|"MEN CASUAL"|OLIVE|28|87326809|117053013728|1|319000|319000|30000|0|0|0|0|9.4|289000|02010|6728|2
07-03-2025|07-03-2025|951195|"KASIH KARUNIA SEJATI PT.-951195"|536|"Kudus BZR"|T-SHIRT|"EMBA CLASSIC"|"MEN CONTEMP CASUAL"|"EMBA CLASSIC"|"MEN CASUAL"|KHAKI|30|87326747|117053010530|1|319000|319000|0|0|0|0|0|0|319000|01007|660|2
07-03-2025|07-03-2025|951195|"KASIH KARUNIA SEJATI PT.-951195"|255|"Malang Town Sq TC"|T-SHIRT|"EMBA CLASSIC"|"MEN CONTEMP CASUAL"|"EMBA CLASSIC"|"MEN CASUAL"|KHAKI|36|87326658|117053010536|1|319000|319000|0|0|0|0|0|0|319000|02014|9530|2
07-03-2025|07-03-2025|951195|"KASIH KARUNIA SEJATI PT.-951195"|440|"Ciputra MAL TNG"|T-SHIRT|"EMBA CLASSIC"|"MEN CONTEMP CASUAL"|"EMBA CLASSIC"|"MEN CASUAL"|OLIVE|34|87326621|117053013734|1|289000|289000|0|0|0|0|0|0|289000|03056|4598|2
07-03-2025|07-03-2025|951195|"KASIH KARUNIA SEJATI PT.-951195"|263|"Mega Mall TC Manado"|T-SHIRT|"EMBA CLASSIC"|"MEN CONTEMP CASUAL"|"EMBA CLASSIC"|"MEN CASUAL"|OLIVE|M|83897656|865035011702|1|279000|279000|0|0|0|0|0|0|279000|02014|3469|1
07-03-2025|07-03-2025|951195|"KASIH KARUNIA SEJATI PT.-951195"|355|"E Walk MAL BPP"|T-SHIRT|"EMBA CLASSIC"|"MEN CONTEMP CASUAL"|"EMBA CLASSIC"|"MEN CASUAL"|BROWN|32|83510581|164052012632|1|319000|319000|30000|0|0|0|0|9.4|289000|02026|6473|2
07-03-2025|07-03-2025|951195|"KASIH KARUNIA SEJATI PT.-951195"|523|"Tunjungan MAL SBY"|T-SHIRT|"EMBA CLASSIC"|"MEN CONTEMP CASUAL"|"EMBA CLASSIC"|"MEN CASUAL"|BROWN|32|83510581|164052012632|2|319000|638000|60000|0|0|0|0|9.4|578000|03037|433|1
07-03-2025|07-03-2025|951195|"KASIH KARUNIA SEJATI PT.-951195"|523|"Tunjungan MAL SBY"|T-SHIRT|"EMBA CLASSIC"|"MEN CONTEMP CASUAL"|"EMBA CLASSIC"|"MEN CASUAL"|GREY|34|83510376|164052014434|1|319000|319000|30000|0|0|0|0|9.4|289000|03035|310|4
07-03-2025|07-03-2025|951195|"KASIH KARUNIA SEJATI PT.-951195"|643|"Ambon Indah Plaza TC"|T-SHIRT|"EMBA CLASSIC"|"MEN CONTEMP CASUAL"|"EMBA CLASSIC"|"MEN CASUAL"|OLIVE|38|83510358|152008021738|1|399000|399000|119700|0|0|0|0|30|279300|02015|3065|21
07-03-2025|07-03-2025|951195|"KASIH KARUNIA SEJATI PT.-951195"|273|"SKA MAL Pekanbaru"|T-SHIRT|"EMBA CLASSIC"|"MEN CONTEMP CASUAL"|"EMBA CLASSIC"|"MEN CASUAL"|GREY|27|83510349|164052014927|1|319000|319000|0|0|0|0|0|0|319000|03060|7075|2
07-03-2025|07-03-2025|951195|"KASIH KARUNIA SEJATI PT.-951195"|327|"Citimall Sampit"|T-SHIRT|"EMBA CLASSIC"|"MEN CONTEMP CASUAL"|"EMBA CLASSIC"|"MEN CASUAL"|BROWN|34|83510303|164052012634|1|319000|319000|30000|0|0|0|0|9.4|289000|01010|7973|1
07-03-2025|07-03-2025|951195|"KASIH KARUNIA SEJATI PT.-951195"|394|"TangCity MAL TNG"|T-SHIRT|"EMBA CLASSIC"|"MEN CONTEMP CASUAL"|"EMBA CLASSIC"|"MEN CASUAL"|BROWN|34|83510303|164052012634|1|319000|319000|30000|0|0|0|0|9.4|289000|02023|2292|7
07-03-2025|07-03-2025|951195|"KASIH KARUNIA SEJATI PT.-951195"|255|"Malang Town Sq TC"|T-SHIRT|"EMBA CLASSIC"|"MEN CONTEMP CASUAL"|"EMBA CLASSIC"|"MEN CASUAL"|BLACK|31|83510278|164052010131|1|319000|319000|0|0|0|0|0|0|319000|02017|9425|5
07-03-2025|07-03-2025|951195|"KASIH KARUNIA SEJATI PT.-951195"|453|"Supermal Karawaci"|T-SHIRT|"EMBA CLASSIC"|"MEN CONTEMP CASUAL"|"EMBA CLASSIC"|"MEN CASUAL"|GREY|33|83510232|164052011833|1|319000|319000|0|0|0|0|0|0|319000|02019|6943|1
07-03-2025|07-03-2025|951195|"KASIH KARUNIA SEJATI PT.-951195"|595|"BIP MAL Bandung"|T-SHIRT|"EMBA CLASSIC"|"MEN CONTEMP CASUAL"|"EMBA CLASSIC"|"MEN CASUAL"|GREY|33|83510232|164052011833|1|319000|319000|30000|0|0|0|0|9.4|289000|01019|5902|1
07-03-2025|07-03-2025|951195|"KASIH KARUNIA SEJATI PT.-951195"|311|"Duta MAL BJM"|T-SHIRT|"EMBA CLASSIC"|"MEN CONTEMP CASUAL"|"EMBA CLASSIC"|"MEN CASUAL"|GREY|30|83510045|164052014930|1|319000|319000|0|0|0|0|0|0|319000|01003|7116|6
07-03-2025|07-03-2025|951195|"KASIH KARUNIA SEJATI PT.-951195"|220|"MAL Kediri KDR"|T-SHIRT|"EMBA CLASSIC"|"MEN CONTEMP CASUAL"|"EMBA CLASSIC"|"MEN CASUAL"|GREY|34|83510036|164052014934|1|319000|319000|30000|0|0|0|0|9.4|289000|01010|1677|1
07-03-2025|07-03-2025|951195|"KASIH KARUNIA SEJATI PT.-951195"|266|"Lippo Puri MAL JKT"|T-SHIRT|"EMBA CLASSIC"|"MEN CONTEMP CASUAL"|"EMBA CLASSIC"|"MEN CASUAL"|BLACK|M|83509986|864035010102|1|249000|249000|0|0|0|0|0|0|249000|01024|5025|1
07-03-2025|07-03-2025|951195|"KASIH KARUNIA SEJATI PT.-951195"|402|"Uptown Mall Semarang"|T-SHIRT|"EMBA CLASSIC"|"MEN CONTEMP CASUAL"|"EMBA CLASSIC"|"MEN CASUAL"|GREY|32|83509922|164052014432|1|319000|319000|30000|0|0|0|0|9.4|289000|02008|2416|1
07-03-2025|07-03-2025|951195|"KASIH KARUNIA SEJATI PT.-951195"|501|"Duta Plaza MAL DPR"|T-SHIRT|"EMBA CLASSIC"|"MEN CONTEMP CASUAL"|"EMBA CLASSIC"|"MEN CASUAL"|GREY|29|83509860|164052011829|1|319000|319000|30000|0|0|0|0|9.4|289000|02019|3542|4
07-03-2025|07-03-2025|951195|"KASIH KARUNIA SEJATI PT.-951195"|643|"Ambon Indah Plaza TC"|T-SHIRT|"EMBA CLASSIC"|"MEN CONTEMP CASUAL"|"EMBA CLASSIC"|"MEN CASUAL"|BROWN|34|83509655|152008021034|1|399000|399000|119700|0|0|0|0|30|279300|02015|3065|20
07-03-2025|07-03-2025|951195|"KASIH KARUNIA SEJATI PT.-951195"|501|"Duta Plaza MAL DPR"|T-SHIRT|"EMBA CLASSIC"|"MEN CONTEMP CASUAL"|"EMBA CLASSIC"|"MEN CASUAL"|KHAKI|L|83339393|156042010503|1|319000|319000|0|0|0|0|0|0|319000|02016|2633|1
07-03-2025|07-03-2025|951195|"KASIH KARUNIA SEJATI PT.-951195"|303|"Solo Square MAL"|T-SHIRT|"EMBA CLASSIC"|"MEN CONTEMP CASUAL"|"EMBA CLASSIC"|"MEN CASUAL"|KHAKI|XL|83339357|156042010504|1|319000|319000|0|0|0|0|0|0|319000|02014|1425|2
07-03-2025|07-03-2025|951195|"KASIH KARUNIA SEJATI PT.-951195"|375|"Ekalokasari MAL BGR"|T-SHIRT|"EMBA CLASSIC"|"MEN CONTEMP CASUAL"|"EMBA CLASSIC"|"MEN CASUAL"|WHITE|L|83339311|610004672803|1|279000|279000|0|139500|0|0|0|50|139500|80202|439|1
07-03-2025|07-03-2025|951195|"KASIH KARUNIA SEJATI PT.-951195"|273|"SKA MAL Pekanbaru"|T-SHIRT|"EMBA CLASSIC"|"MEN CONTEMP CASUAL"|"EMBA CLASSIC"|"MEN CASUAL"|GREEN|XL|83339302|109019010404|1|559000|559000|167700|0|0|0|0|30|391300|03040|7575|1
07-03-2025|07-03-2025|951195|"KASIH KARUNIA SEJATI PT.-951195"|362|"Tanjungpinang MAL"|T-SHIRT|"EMBA CLASSIC"|"MEN CONTEMP CASUAL"|"EMBA CLASSIC"|"MEN CASUAL"|GREEN|XL|83339062|580019010404|1|579000|579000|173700|0|0|0|0|30|405300|02022|7104|3
07-03-2025|07-03-2025|951195|"KASIH KARUNIA SEJATI PT.-951195"|643|"Ambon Indah Plaza TC"|T-SHIRT|"EMBA CLASSIC"|"MEN CONTEMP CASUAL"|"EMBA CLASSIC"|"MEN CASUAL"|"NAVY BLUE"|34|83338929|156042022234|1|509000|509000|152700|0|0|0|0|30|356300|02015|3065|19
07-03-2025|07-03-2025|951195|"KASIH KARUNIA SEJATI PT.-951195"|350|"Bencoolen MAL BGL"|T-SHIRT|"EMBA CLASSIC"|"MEN CONTEMP CASUAL"|"EMBA CLASSIC"|"MEN CASUAL"|BROWN|38|83338894|156042031038|1|509000|509000|152700|0|0|0|0|30|356300|01039|8622|7
07-03-2025|07-03-2025|951195|"KASIH KARUNIA SEJATI PT.-951195"|503|"Matahari HS Magelang"|T-SHIRT|"EMBA CLASSIC"|"MEN CONTEMP CASUAL"|"EMBA CLASSIC"|"MEN CASUAL"|OLIVE|L|83338465|156042011703|1|319000|319000|0|0|0|0|0|0|319000|01029|381|2
07-03-2025|07-03-2025|951195|"KASIH KARUNIA SEJATI PT.-951195"|649|"Galeria MAL Yogya"|T-SHIRT|"EMBA CLASSIC"|"MEN CONTEMP CASUAL"|"EMBA CLASSIC"|"MEN CASUAL"|WHITE|XL|83338189|864688012804|1|409000|409000|204500|0|0|0|0|50|204500|03059|3017|5
07-03-2025|07-03-2025|951195|"KASIH KARUNIA SEJATI PT.-951195"|649|"Galeria MAL Yogya"|T-SHIRT|"EMBA CLASSIC"|"MEN CONTEMP CASUAL"|"EMBA CLASSIC"|"MEN CASUAL"|GREEN|M|83338072|864690011602|1|409000|409000|204500|0|0|0|0|50|204500|03056|2817|2
07-03-2025|07-03-2025|951195|"KASIH KARUNIA SEJATI PT.-951195"|697|"Plaza Pekalongan MAL"|T-SHIRT|"EMBA CLASSIC"|"MEN CONTEMP CASUAL"|"EMBA CLASSIC"|"MEN CASUAL"|WHITE|M|83337984|864688012802|1|409000|409000|0|204500|0|0|0|50|204500|80292|1235|1
07-03-2025|07-03-2025|951195|"KASIH KARUNIA SEJATI PT.-951195"|338|"Palembang Square MAL"|T-SHIRT|"EMBA CLASSIC"|"MEN CONTEMP CASUAL"|"EMBA CLASSIC"|"MEN CASUAL"|"NAVY BLUE"|XL|82988041|870593012204|1|399000|399000|0|0|0|0|0|0|399000|80122|2378|2
07-03-2025|07-03-2025|951195|"KASIH KARUNIA SEJATI PT.-951195"|537|"Johar Plaza TC JMR"|T-SHIRT|"EMBA CLASSIC"|"MEN CONTEMP CASUAL"|"EMBA CLASSIC"|"MEN CASUAL"|"NAVY BLUE"|XL|82988041|870593012204|1|399000|399000|0|199500|0|0|0|50|199500|80241|2841|1
07-03-2025|07-03-2025|951195|"KASIH KARUNIA SEJATI PT.-951195"|310|"Lippo PLZ MAL Buton"|T-SHIRT|"EMBA CLASSIC"|"MEN CONTEMP CASUAL"|"EMBA CLASSIC"|"MEN CASUAL"|BROWN|32|82987935|117010042632|1|309000|309000|30000|0|0|0|0|9.7|279000|01026|5151|2
07-03-2025|07-03-2025|951195|"KASIH KARUNIA SEJATI PT.-951195"|537|"Johar Plaza TC JMR"|T-SHIRT|"EMBA CLASSIC"|"MEN CONTEMP CASUAL"|"EMBA CLASSIC"|"MEN CASUAL"|"NAVY BLUE"|M|82987917|870593012202|1|399000|399000|0|199500|0|0|0|50|199500|80241|2839|1
07-03-2025|07-03-2025|951195|"KASIH KARUNIA SEJATI PT.-951195"|537|"Johar Plaza TC JMR"|T-SHIRT|"EMBA CLASSIC"|"MEN CONTEMP CASUAL"|"EMBA CLASSIC"|"MEN CASUAL"|"NAVY BLUE"|M|82987917|870593012202|1|399000|399000|199500|0|0|0|0|50|199500|03027|5553|5
07-03-2025|07-03-2025|951195|"KASIH KARUNIA SEJATI PT.-951195"|412|"CITIMALL BONTANG"|T-SHIRT|"EMBA CLASSIC"|"MEN CONTEMP CASUAL"|"EMBA CLASSIC"|"MEN CASUAL"|GREY|33|82987604|117010041833|1|309000|309000|30000|0|0|0|0|9.7|279000|01008|6775|2
07-03-2025|07-03-2025|951195|"KASIH KARUNIA SEJATI PT.-951195"|298|"PLZ Kalibata MAL JKT"|T-SHIRT|"EMBA CLASSIC"|"MEN CONTEMP CASUAL"|"EMBA CLASSIC"|"MEN CASUAL"|KHAKI|XXL|82590970|157042022605|1|439000|439000|219500|0|0|0|0|50|219500|01007|2334|4
07-03-2025|07-03-2025|951195|"KASIH KARUNIA SEJATI PT.-951195"|256|"Kaza City MAL SBY"|T-SHIRT|"EMBA CLASSIC"|"MEN CONTEMP CASUAL"|"EMBA CLASSIC"|"MEN CASUAL"|KHAKI|34|82552798|164025030534|1|249000|249000|0|0|0|0|0|0|249000|02023|8866|1
07-03-2025|07-03-2025|951195|"KASIH KARUNIA SEJATI PT.-951195"|563|"Plaza Malioboro"|T-SHIRT|"EMBA CLASSIC"|"MEN CONTEMP CASUAL"|"EMBA CLASSIC"|"MEN CASUAL"|KHAKI|38|82552707|164025033338|1|249000|249000|20000|0|0|0|0|8|229000|02007|9040|3
07-03-2025|07-03-2025|951195|"KASIH KARUNIA SEJATI PT.-951195"|473|"Gress MAL Gresik"|T-SHIRT|"EMBA CLASSIC"|"MEN CONTEMP CASUAL"|"EMBA CLASSIC"|"MEN CASUAL"|GREY|27|82552690|164025031827|1|249000|249000|0|0|0|0|0|0|249000|91618|8398|2
07-03-2025|07-03-2025|951195|"KASIH KARUNIA SEJATI PT.-951195"|539|"Solo Grand MAL"|T-SHIRT|"EMBA CLASSIC"|"MEN CONTEMP CASUAL"|"EMBA CLASSIC"|"MEN CASUAL"|KHAKI|33|82552583|164025030533|1|249000|249000|0|0|0|0|0|0|249000|01005|4106|1
07-03-2025|07-03-2025|951195|"KASIH KARUNIA SEJATI PT.-951195"|256|"Kaza City MAL SBY"|T-SHIRT|"EMBA CLASSIC"|"MEN CONTEMP CASUAL"|"EMBA CLASSIC"|"MEN CASUAL"|GREY|30|82552574|164025034430|1|249000|249000|0|0|0|0|0|0|249000|02033|8853|1
07-03-2025|07-03-2025|951195|"KASIH KARUNIA SEJATI PT.-951195"|255|"Malang Town Sq TC"|T-SHIRT|"EMBA CLASSIC"|"MEN CONTEMP CASUAL"|"EMBA CLASSIC"|"MEN CASUAL"|GREY|36|82552501|117010030836|1|319000|319000|0|0|0|0|0|0|319000|02014|9530|1
07-03-2025|07-03-2025|951195|"KASIH KARUNIA SEJATI PT.-951195"|697|"Plaza Pekalongan MAL"|T-SHIRT|"EMBA CLASSIC"|"MEN CONTEMP CASUAL"|"EMBA CLASSIC"|"MEN CASUAL"|GREY|31|82552421|164025031831|1|249000|249000|0|0|0|0|0|0|249000|01020|9496|3
07-03-2025|07-03-2025|951195|"KASIH KARUNIA SEJATI PT.-951195"|453|"Supermal Karawaci"|T-SHIRT|"EMBA CLASSIC"|"MEN CONTEMP CASUAL"|"EMBA CLASSIC"|"MEN CASUAL"|KHAKI|28|82552225|164025032128|1|249000|249000|0|0|0|0|0|0|249000|02018|7337|1
07-03-2025|06-03-2025|951195|"KASIH KARUNIA SEJATI PT.-951195"|473|"Gress MAL Gresik"|T-SHIRT|"EMBA CLASSIC"|"MEN CONTEMP CASUAL"|"EMBA CLASSIC"|"MEN CASUAL"|KHAKI|31|82552127|164025032131|1|249000|249000|0|0|0|0|0|0|249000|80120|440|1
07-03-2025|07-03-2025|951195|"KASIH KARUNIA SEJATI PT.-951195"|697|"Plaza Pekalongan MAL"|T-SHIRT|"EMBA CLASSIC"|"MEN CONTEMP CASUAL"|"EMBA CLASSIC"|"MEN CASUAL"|YELLOW|L|82419414|865731011203|1|459000|459000|0|229500|0|0|0|50|229500|80292|1222|1
07-03-2025|07-03-2025|951195|"KASIH KARUNIA SEJATI PT.-951195"|258|"Mandau City TC DURI"|T-SHIRT|"EMBA CLASSIC"|"MEN CONTEMP CASUAL"|"EMBA CLASSIC"|"MEN CASUAL"|BLACK|L|82418577|157042020103|1|439000|439000|219500|0|0|0|0|50|219500|01009|3033|8
07-03-2025|07-03-2025|951195|"KASIH KARUNIA SEJATI PT.-951195"|284|"Q MAL Banjarbaru"|T-SHIRT|"EMBA CLASSIC"|"MEN CONTEMP CASUAL"|"EMBA CLASSIC"|"MEN CASUAL"|BLACK|XL|82418504|157042020104|1|439000|439000|219500|0|0|0|0|50|219500|01017|5384|1
07-03-2025|07-03-2025|951195|"KASIH KARUNIA SEJATI PT.-951195"|501|"Duta Plaza MAL DPR"|T-SHIRT|"EMBA CLASSIC"|"MEN CONTEMP CASUAL"|"EMBA CLASSIC"|"MEN CASUAL"|BLACK|XL|82418504|157042020104|1|439000|439000|0|219500|0|0|0|50|219500|90235|5484|1
07-03-2025|07-03-2025|951195|"KASIH KARUNIA SEJATI PT.-951195"|298|"PLZ Kalibata MAL JKT"|T-SHIRT|"EMBA CLASSIC"|"MEN CONTEMP CASUAL"|"EMBA CLASSIC"|"MEN CASUAL"|BLACK|XL|82418504|157042020104|1|439000|439000|219500|0|0|0|0|50|219500|01007|2334|3
07-03-2025|07-03-2025|951195|"KASIH KARUNIA SEJATI PT.-951195"|394|"TangCity MAL TNG"|T-SHIRT|"EMBA CLASSIC"|"MEN CONTEMP CASUAL"|"EMBA CLASSIC"|"MEN CASUAL"|GREEN|27|82418442|164025030427|1|249000|249000|0|0|0|0|0|0|249000|02020|2560|1
07-03-2025|07-03-2025|951195|"KASIH KARUNIA SEJATI PT.-951195"|375|"Ekalokasari MAL BGR"|T-SHIRT|"EMBA CLASSIC"|"MEN CONTEMP CASUAL"|"EMBA CLASSIC"|"MEN CASUAL"|OLIVE|36|82097281|108042021736|1|689000|689000|0|344500|0|0|0|50|344500|80202|461|1
07-03-2025|07-03-2025|951195|"KASIH KARUNIA SEJATI PT.-951195"|563|"Plaza Malioboro"|T-SHIRT|"EMBA CLASSIC"|"MEN CONTEMP CASUAL"|"EMBA CLASSIC"|"MEN CASUAL"|OLIVE|L|82097156|864001021703|1|249000|249000|0|0|0|0|0|0|249000|02015|9111|1
07-03-2025|07-03-2025|951195|"KASIH KARUNIA SEJATI PT.-951195"|326|"Lippo PLZ MAL Jember"|T-SHIRT|"EMBA CLASSIC"|"MEN CONTEMP CASUAL"|"EMBA CLASSIC"|"MEN CASUAL"|BLACK|L|82097094|864001020103|1|249000|249000|0|0|0|0|0|0|249000|03024|571|2
07-03-2025|07-03-2025|951195|"KASIH KARUNIA SEJATI PT.-951195"|326|"Lippo PLZ MAL Jember"|T-SHIRT|"EMBA CLASSIC"|"MEN CONTEMP CASUAL"|"EMBA CLASSIC"|"MEN CASUAL"|BLACK|L|82097094|864001020103|1|249000|249000|0|0|0|0|0|0|249000|03015|489|1
07-03-2025|07-03-2025|951195|"KASIH KARUNIA SEJATI PT.-951195"|389|"Java Supermall SMG"|T-SHIRT|"EMBA CLASSIC"|"MEN CONTEMP CASUAL"|"EMBA CLASSIC"|"MEN CASUAL"|BLACK|L|82097094|864001020103|1|249000|249000|0|0|0|0|0|0|249000|02008|799|2
07-03-2025|07-03-2025|951195|"KASIH KARUNIA SEJATI PT.-951195"|392|"Pacific MAL Tegal"|T-SHIRT|"EMBA CLASSIC"|"MEN CONTEMP CASUAL"|"EMBA CLASSIC"|"MEN CASUAL"|BLACK|L|82097094|864001020103|1|249000|249000|0|0|0|0|0|0|249000|01005|3009|2
07-03-2025|07-03-2025|951195|"KASIH KARUNIA SEJATI PT.-951195"|283|"Ayani Mega MAL PTK"|T-SHIRT|"EMBA CLASSIC"|"MEN CONTEMP CASUAL"|"EMBA CLASSIC"|"MEN CASUAL"|WHITE|M|82097067|864001022802|1|249000|249000|0|0|0|0|0|0|249000|02013|4057|2
07-03-2025|07-03-2025|951195|"KASIH KARUNIA SEJATI PT.-951195"|333|"Manado Town Sq MAL"|T-SHIRT|"EMBA CLASSIC"|"MEN CONTEMP CASUAL"|"EMBA CLASSIC"|"MEN CASUAL"|WHITE|M|82097067|864001022802|1|249000|249000|0|0|0|0|0|0|249000|02047|8882|12
07-03-2025|07-03-2025|951195|"KASIH KARUNIA SEJATI PT.-951195"|387|"Manhattan MAL Medan"|T-SHIRT|"EMBA CLASSIC"|"MEN CONTEMP CASUAL"|"EMBA CLASSIC"|"MEN CASUAL"|WHITE|M|82097067|864001022802|1|249000|249000|0|0|0|0|0|0|249000|03015|1187|6
07-03-2025|07-03-2025|951195|"KASIH KARUNIA SEJATI PT.-951195"|388|"Suncity MAL Madiun"|T-SHIRT|"EMBA CLASSIC"|"MEN CONTEMP CASUAL"|"EMBA CLASSIC"|"MEN CASUAL"|WHITE|M|82097067|864001022802|1|249000|249000|0|0|0|0|0|0|249000|02021|3740|3
07-03-2025|07-03-2025|951195|"KASIH KARUNIA SEJATI PT.-951195"|677|"Grage MAL Cirebon"|T-SHIRT|"EMBA CLASSIC"|"MEN CONTEMP CASUAL"|"EMBA CLASSIC"|"MEN CASUAL"|KHAKI|33|82097003|108042020533|1|689000|689000|0|344500|0|0|0|50|344500|80304|8049|5
07-03-2025|07-03-2025|951195|"KASIH KARUNIA SEJATI PT.-951195"|310|"Lippo PLZ MAL Buton"|T-SHIRT|"EMBA CLASSIC"|"MEN CONTEMP CASUAL"|"EMBA CLASSIC"|"MEN CASUAL"|OLIVE|M|82096880|864001021702|1|249000|249000|0|0|0|0|0|0|249000|01004|5088|1
07-03-2025|07-03-2025|951195|"KASIH KARUNIA SEJATI PT.-951195"|309|"Binjai Supermall TC"|T-SHIRT|"EMBA CLASSIC"|"MEN CONTEMP CASUAL"|"EMBA CLASSIC"|"MEN CASUAL"|WHITE|3XL|82096871|864001022806|1|249000|249000|0|0|0|0|0|0|249000|01007|5486|3
07-03-2025|07-03-2025|951195|"KASIH KARUNIA SEJATI PT.-951195"|212|"Sleman CityHall"|T-SHIRT|"EMBA CLASSIC"|"MEN CONTEMP CASUAL"|"EMBA CLASSIC"|"MEN CASUAL"|GREY|38|82096862|108042023138|1|689000|689000|344500|0|0|0|0|50|344500|01001|2621|2
07-03-2025|07-03-2025|951195|"KASIH KARUNIA SEJATI PT.-951195"|677|"Grage MAL Cirebon"|T-SHIRT|"EMBA CLASSIC"|"MEN CONTEMP CASUAL"|"EMBA CLASSIC"|"MEN CASUAL"|GREY|33|82096853|108042023133|1|689000|689000|0|344500|0|0|0|50|344500|80304|8049|4
07-03-2025|07-03-2025|951195|"KASIH KARUNIA SEJATI PT.-951195"|408|"Balikpapan PLZ BPP"|T-SHIRT|"EMBA CLASSIC"|"MEN CONTEMP CASUAL"|"EMBA CLASSIC"|"MEN CASUAL"|WHITE|L|82096700|864001022803|1|249000|249000|0|0|0|0|0|0|249000|02042|5974|1
07-03-2025|07-03-2025|951195|"KASIH KARUNIA SEJATI PT.-951195"|263|"Mega Mall TC Manado"|T-SHIRT|"EMBA CLASSIC"|"MEN CONTEMP CASUAL"|"EMBA CLASSIC"|"MEN CASUAL"|YELLOW|L|82096657|864001021203|1|249000|249000|0|0|0|0|0|0|249000|02013|3179|2
07-03-2025|07-03-2025|951195|"KASIH KARUNIA SEJATI PT.-951195"|649|"Galeria MAL Yogya"|T-SHIRT|"EMBA CLASSIC"|"MEN CONTEMP CASUAL"|"EMBA CLASSIC"|"MEN CASUAL"|YELLOW|L|82069114|864729015703|1|439000|439000|219500|0|0|0|0|50|219500|03056|2998|2
07-03-2025|07-03-2025|951195|"KASIH KARUNIA SEJATI PT.-951195"|649|"Galeria MAL Yogya"|T-SHIRT|"EMBA CLASSIC"|"MEN CONTEMP CASUAL"|"EMBA CLASSIC"|"MEN CASUAL"|"NAVY BLUE"|XL|82069016|864730012204|1|439000|439000|219500|0|0|0|0|50|219500|03059|3017|6
07-03-2025|07-03-2025|951195|"KASIH KARUNIA SEJATI PT.-951195"|255|"Malang Town Sq TC"|T-SHIRT|"EMBA CLASSIC"|"MEN CONTEMP CASUAL"|"EMBA CLASSIC"|"MEN CASUAL"|OLIVE|29|82068946|164010023729|1|229000|229000|0|0|0|0|0|0|229000|80361|2171|2
07-03-2025|07-03-2025|951195|"KASIH KARUNIA SEJATI PT.-951195"|501|"Duta Plaza MAL DPR"|T-SHIRT|"EMBA CLASSIC"|"MEN CONTEMP CASUAL"|"EMBA CLASSIC"|"MEN CASUAL"|"NAVY BLUE"|L|82068937|865032022203|1|279000|279000|0|0|0|0|0|0|279000|02016|3281|5
07-03-2025|07-03-2025|951195|"KASIH KARUNIA SEJATI PT.-951195"|697|"Plaza Pekalongan MAL"|T-SHIRT|"EMBA CLASSIC"|"MEN CONTEMP CASUAL"|"EMBA CLASSIC"|"MEN CASUAL"|"NAVY BLUE"|L|82068937|865032022203|1|279000|279000|0|0|0|0|0|0|279000|01019|9828|1
07-03-2025|07-03-2025|951195|"KASIH KARUNIA SEJATI PT.-951195"|389|"Java Supermall SMG"|T-SHIRT|"EMBA CLASSIC"|"MEN CONTEMP CASUAL"|"EMBA CLASSIC"|"MEN CASUAL"|OLIVE|27|82068928|164010023727|1|229000|229000|0|0|0|0|0|0|229000|80127|2062|1
07-03-2025|07-03-2025|951195|"KASIH KARUNIA SEJATI PT.-951195"|283|"Ayani Mega MAL PTK"|T-SHIRT|"EMBA CLASSIC"|"MEN CONTEMP CASUAL"|"EMBA CLASSIC"|"MEN CASUAL"|OLIVE|31|82068875|164010023731|1|229000|229000|0|0|0|0|0|0|229000|02013|3405|3
07-03-2025|07-03-2025|951195|"KASIH KARUNIA SEJATI PT.-951195"|388|"Suncity MAL Madiun"|T-SHIRT|"EMBA CLASSIC"|"MEN CONTEMP CASUAL"|"EMBA CLASSIC"|"MEN CASUAL"|GREY|32|82068713|164010020932|1|229000|229000|0|0|0|0|0|0|229000|80332|4200|2
07-03-2025|07-03-2025|951195|"KASIH KARUNIA SEJATI PT.-951195"|387|"Manhattan MAL Medan"|T-SHIRT|"EMBA CLASSIC"|"MEN CONTEMP CASUAL"|"EMBA CLASSIC"|"MEN CASUAL"|OLIVE|33|82068606|164010023733|1|229000|229000|0|0|0|0|0|0|229000|80302|7234|3
07-03-2025|07-03-2025|951195|"KASIH KARUNIA SEJATI PT.-951195"|283|"Ayani Mega MAL PTK"|T-SHIRT|"EMBA CLASSIC"|"MEN CONTEMP CASUAL"|"EMBA CLASSIC"|"MEN CASUAL"|OLIVE|30|82068428|164010023730|1|229000|229000|0|0|0|0|0|0|229000|02015|3887|5
07-03-2025|07-03-2025|951195|"KASIH KARUNIA SEJATI PT.-951195"|316|"Batam City Square TC"|T-SHIRT|"EMBA CLASSIC"|"MEN CONTEMP CASUAL"|"EMBA CLASSIC"|"MEN CASUAL"|"NAVY BLUE"|XL|82068366|865032022204|1|279000|279000|0|0|0|0|0|0|279000|02012|410|2
07-03-2025|07-03-2025|951195|"KASIH KARUNIA SEJATI PT.-951195"|275|"Mega MAL Batam"|T-SHIRT|"EMBA CLASSIC"|"MEN CONTEMP CASUAL"|"EMBA CLASSIC"|"MEN CASUAL"|"NAVY BLUE"|XL|82068366|865032022204|1|279000|279000|0|0|0|0|0|0|279000|02009|1954|1
07-03-2025|07-03-2025|951195|"KASIH KARUNIA SEJATI PT.-951195"|804|"Matahari HS PWT"|T-SHIRT|"EMBA CLASSIC"|"MEN CONTEMP CASUAL"|"EMBA CLASSIC"|"MEN CASUAL"|GREY|32|82068106|164010021832|1|229000|229000|0|0|0|0|0|0|229000|01001|6957|2
07-03-2025|07-03-2025|951195|"KASIH KARUNIA SEJATI PT.-951195"|402|"Uptown Mall Semarang"|T-SHIRT|"EMBA CLASSIC"|"MEN CONTEMP CASUAL"|"EMBA CLASSIC"|"MEN CASUAL"|BLACK|30|81952876|152010010130|1|249000|249000|0|0|0|0|0|0|249000|02010|2336|1
07-03-2025|07-03-2025|951195|"KASIH KARUNIA SEJATI PT.-951195"|327|"Citimall Sampit"|T-SHIRT|"EMBA CLASSIC"|"MEN CONTEMP CASUAL"|"EMBA CLASSIC"|"MEN CASUAL"|GREY|XL|81823756|870700011804|1|249000|249000|0|0|0|0|0|0|249000|01006|7948|1
07-03-2025|07-03-2025|951195|"KASIH KARUNIA SEJATI PT.-951195"|503|"Matahari HS Magelang"|T-SHIRT|"EMBA CLASSIC"|"MEN CONTEMP CASUAL"|"EMBA CLASSIC"|"MEN CASUAL"|GREY|XL|81813552|870716021804|1|399000|399000|0|199500|0|0|0|50|199500|90144|647|1
07-03-2025|07-03-2025|951195|"KASIH KARUNIA SEJATI PT.-951195"|537|"Johar Plaza TC JMR"|T-SHIRT|"EMBA CLASSIC"|"MEN CONTEMP CASUAL"|"EMBA CLASSIC"|"MEN CASUAL"|GREY|L|81775755|870716021803|1|399000|399000|199500|0|0|0|0|50|199500|03027|5553|4
07-03-2025|07-03-2025|951195|"KASIH KARUNIA SEJATI PT.-951195"|503|"Matahari HS Magelang"|T-SHIRT|"EMBA CLASSIC"|"MEN CONTEMP CASUAL"|"EMBA CLASSIC"|"MEN CASUAL"|KHAKI|XL|81775684|870719010504|1|399000|399000|199500|0|0|0|0|50|199500|02019|141|2
07-03-2025|07-03-2025|951195|"KASIH KARUNIA SEJATI PT.-951195"|655|"Millennium Mall JKT"|T-SHIRT|"EMBA CLASSIC"|"MEN CONTEMP CASUAL"|"EMBA CLASSIC"|"MEN CASUAL"|BLACK|XXL|73870809|109042010105|1|299000|299000|0|0|0|0|0|0|299000|03020|3373|3
07-03-2025|07-03-2025|951195|"KASIH KARUNIA SEJATI PT.-951195"|643|"Ambon Indah Plaza TC"|T-SHIRT|"EMBA CLASSIC"|"MEN CONTEMP CASUAL"|"EMBA CLASSIC"|"MEN CASUAL"|GREY|30|73870694|117111034130|1|229000|229000|0|0|0|0|0|0|229000|01018|3032|1
07-03-2025|07-03-2025|951195|"KASIH KARUNIA SEJATI PT.-951195"|473|"Gress MAL Gresik"|T-SHIRT|"EMBA CLASSIC"|"MEN CONTEMP CASUAL"|"EMBA CLASSIC"|"MEN CASUAL"|GREY|L|73870658|109042023103|1|369000|369000|0|0|0|0|0|0|369000|02020|7615|3
07-03-2025|07-03-2025|951195|"KASIH KARUNIA SEJATI PT.-951195"|655|"Millennium Mall JKT"|T-SHIRT|"EMBA CLASSIC"|"MEN CONTEMP CASUAL"|"EMBA CLASSIC"|"MEN CASUAL"|GREY|33|73870541|117019053133|1|229000|229000|0|0|0|0|0|0|229000|03038|3466|1
07-03-2025|07-03-2025|951195|"KASIH KARUNIA SEJATI PT.-951195"|303|"Solo Square MAL"|T-SHIRT|"EMBA CLASSIC"|"MEN CONTEMP CASUAL"|"EMBA CLASSIC"|"MEN CASUAL"|OLIVE|XL|73870523|109024011704|1|229000|229000|0|0|0|0|0|0|229000|02014|1425|1
07-03-2025|07-03-2025|951195|"KASIH KARUNIA SEJATI PT.-951195"|282|"Pakuwon Mall Jogja"|T-SHIRT|"EMBA CLASSIC"|"MEN CONTEMP CASUAL"|"EMBA CLASSIC"|"MEN CASUAL"|BLACK|27|73870167|164016010127|1|369000|369000|0|0|0|0|0|0|369000|01002|4140|1
07-03-2025|07-03-2025|951195|"KASIH KARUNIA SEJATI PT.-951195"|358|"CSB MAL Cirebon"|T-SHIRT|"EMBA CLASSIC"|"MEN CONTEMP CASUAL"|"EMBA CLASSIC"|"MEN CASUAL"|WHITE|M|73870158|865001012802|1|279000|279000|0|0|0|0|0|0|279000|02045|7171|1
07-03-2025|07-03-2025|951195|"KASIH KARUNIA SEJATI PT.-951195"|368|"Armada Sq MAL MGG"|T-SHIRT|"EMBA CLASSIC"|"MEN CONTEMP CASUAL"|"EMBA CLASSIC"|"MEN CASUAL"|WHITE|M|73870158|865001012802|3|279000|837000|0|0|0|0|0|0|837000|01003|9866|4
07-03-2025|07-03-2025|951195|"KASIH KARUNIA SEJATI PT.-951195"|289|"Paragon City MAL SMG"|T-SHIRT|"EMBA CLASSIC"|"MEN CONTEMP CASUAL"|"EMBA CLASSIC"|"MEN CASUAL"|GREEN|M|73870023|865001011602|1|279000|279000|0|0|0|0|0|0|279000|01001|4689|2
07-03-2025|07-03-2025|951195|"KASIH KARUNIA SEJATI PT.-951195"|440|"Ciputra MAL TNG"|T-SHIRT|"EMBA CLASSIC"|"MEN CONTEMP CASUAL"|"EMBA CLASSIC"|"MEN CASUAL"|KHAKI|34|73869982|117067020534|1|249000|249000|0|0|0|0|0|0|249000|03055|4456|1
07-03-2025|07-03-2025|951195|"KASIH KARUNIA SEJATI PT.-951195"|595|"BIP MAL Bandung"|T-SHIRT|"EMBA CLASSIC"|"MEN CONTEMP CASUAL"|"EMBA CLASSIC"|"MEN CASUAL"|BLACK|M|73510528|611002010102|1|229000|229000|30000|0|0|0|0|13.1|199000|82703|622|1
07-03-2025|07-03-2025|951195|"KASIH KARUNIA SEJATI PT.-951195"|677|"Grage MAL Cirebon"|T-SHIRT|"EMBA CLASSIC"|"MEN CONTEMP CASUAL"|"EMBA CLASSIC"|"MEN CASUAL"|BLACK|M|73510528|611002010102|1|229000|229000|0|114500|0|0|0|50|114500|80303|3948|2
07-03-2025|07-03-2025|951195|"KASIH KARUNIA SEJATI PT.-951195"|697|"Plaza Pekalongan MAL"|T-SHIRT|"EMBA CLASSIC"|"MEN CONTEMP CASUAL"|"EMBA CLASSIC"|"MEN CASUAL"|BROWN|27|73510153|164013013027|2|229000|458000|0|0|0|0|0|0|458000|80263|6070|2
07-03-2025|07-03-2025|951195|"KASIH KARUNIA SEJATI PT.-951195"|362|"Tanjungpinang MAL"|T-SHIRT|"EMBA CLASSIC"|"MEN CONTEMP CASUAL"|"EMBA CLASSIC"|"MEN CASUAL"|WHITE|XXL|73510091|611009012805|1|229000|229000|30000|0|0|0|0|13.1|199000|02022|7071|1
07-03-2025|07-03-2025|951195|"KASIH KARUNIA SEJATI PT.-951195"|303|"Solo Square MAL"|T-SHIRT|"EMBA CLASSIC"|"MEN CONTEMP CASUAL"|"EMBA CLASSIC"|"MEN CASUAL"|WHITE|XL|73509923|611002012804|1|229000|229000|30000|0|0|0|0|13.1|199000|01006|1800|2
07-03-2025|07-03-2025|951195|"KASIH KARUNIA SEJATI PT.-951195"|595|"BIP MAL Bandung"|T-SHIRT|"EMBA CLASSIC"|"MEN CONTEMP CASUAL"|"EMBA CLASSIC"|"MEN CASUAL"|WHITE|XL|73509923|611002012804|1|229000|229000|0|30000|0|0|0|13.1|199000|82352|4686|1
07-03-2025|07-03-2025|951195|"KASIH KARUNIA SEJATI PT.-951195"|595|"BIP MAL Bandung"|T-SHIRT|"EMBA CLASSIC"|"MEN CONTEMP CASUAL"|"EMBA CLASSIC"|"MEN CASUAL"|WHITE|XL|73509923|611002012804|1|229000|229000|0|30000|0|0|0|13.1|199000|82352|4686|2
07-03-2025|07-03-2025|951195|"KASIH KARUNIA SEJATI PT.-951195"|595|"BIP MAL Bandung"|T-SHIRT|"EMBA CLASSIC"|"MEN CONTEMP CASUAL"|"EMBA CLASSIC"|"MEN CASUAL"|WHITE|XL|73509923|611002012804|1|229000|229000|0|30000|0|0|0|13.1|199000|82352|4686|3
07-03-2025|07-03-2025|951195|"KASIH KARUNIA SEJATI PT.-951195"|276|"Bondowoso MAL"|T-SHIRT|"EMBA CLASSIC"|"MEN CONTEMP CASUAL"|"EMBA CLASSIC"|"MEN CASUAL"|GREY|XL|73509889|611002013504|1|229000|229000|30000|0|0|0|0|13.1|199000|01028|5112|4
07-03-2025|07-03-2025|951195|"KASIH KARUNIA SEJATI PT.-951195"|413|"Kediri Town Sq MAL"|T-SHIRT|"EMBA CLASSIC"|"MEN CONTEMP CASUAL"|"EMBA CLASSIC"|"MEN CASUAL"|WHITE|M|73509692|611002012802|1|229000|229000|30000|0|0|0|0|13.1|199000|01005|8549|1
07-03-2025|07-03-2025|951195|"KASIH KARUNIA SEJATI PT.-951195"|413|"Kediri Town Sq MAL"|T-SHIRT|"EMBA CLASSIC"|"MEN CONTEMP CASUAL"|"EMBA CLASSIC"|"MEN CASUAL"|"NAVY BLUE"|L|73509576|611009012203|1|229000|229000|0|30000|0|0|0|13.1|199000|91304|6193|2
07-03-2025|07-03-2025|951195|"KASIH KARUNIA SEJATI PT.-951195"|643|"Ambon Indah Plaza TC"|T-SHIRT|"EMBA CLASSIC"|"MEN CONTEMP CASUAL"|"EMBA CLASSIC"|"MEN CASUAL"|GREY|34|73509478|164005023134|1|229000|229000|0|0|0|0|0|0|229000|01018|3032|2
07-03-2025|07-03-2025|951195|"KASIH KARUNIA SEJATI PT.-951195"|563|"Plaza Malioboro"|T-SHIRT|"EMBA CLASSIC"|"MEN CONTEMP CASUAL"|"EMBA CLASSIC"|"MEN CASUAL"|YELLOW|XXL|73509441|611009011205|1|229000|229000|30000|0|0|0|0|13.1|199000|02015|8941|1
07-03-2025|07-03-2025|951195|"KASIH KARUNIA SEJATI PT.-951195"|338|"Palembang Square MAL"|T-SHIRT|"EMBA CLASSIC"|"MEN CONTEMP CASUAL"|"EMBA CLASSIC"|"MEN CASUAL"|BLACK|XXL|73509370|865059010105|1|279000|279000|0|0|0|0|0|0|279000|01020|9969|1
07-03-2025|07-03-2025|951195|"KASIH KARUNIA SEJATI PT.-951195"|293|"Royal Plaza TC SBY"|T-SHIRT|"EMBA CLASSIC"|"MEN CONTEMP CASUAL"|"EMBA CLASSIC"|"MEN CASUAL"|BROWN|34|73509272|164013023034|1|229000|229000|0|0|0|0|0|0|229000|80151|3000|1
07-03-2025|07-03-2025|951195|"KASIH KARUNIA SEJATI PT.-951195"|643|"Ambon Indah Plaza TC"|T-SHIRT|"EMBA CLASSIC"|"MEN CONTEMP CASUAL"|"EMBA CLASSIC"|"MEN CASUAL"|BROWN|34|73509272|164013023034|1|229000|229000|0|0|0|0|0|0|229000|02012|3399|1
07-03-2025|07-03-2025|951195|"KASIH KARUNIA SEJATI PT.-951195"|289|"Paragon City MAL SMG"|T-SHIRT|"EMBA CLASSIC"|"MEN CONTEMP CASUAL"|"EMBA CLASSIC"|"MEN CASUAL"|GREY|M|73509263|611002013502|1|229000|229000|30000|0|0|0|0|13.1|199000|02020|4570|1
07-03-2025|07-03-2025|951195|"KASIH KARUNIA SEJATI PT.-951195"|371|"Pondok Gede TC BKS"|T-SHIRT|"EMBA CLASSIC"|"MEN CONTEMP CASUAL"|"EMBA CLASSIC"|"MEN CASUAL"|BROWN|29|73405375|164013013029|1|229000|229000|0|0|0|0|0|0|229000|81274|1456|2
07-03-2025|07-03-2025|951195|"KASIH KARUNIA SEJATI PT.-951195"|329|"Lippo PLZ MAL Kupang"|T-SHIRT|"EMBA CLASSIC"|"MEN CONTEMP CASUAL"|"EMBA CLASSIC"|"MEN CASUAL"|BROWN|30|73405277|164013013030|1|229000|229000|0|0|0|0|0|0|229000|02010|1514|1
07-03-2025|07-03-2025|951195|"KASIH KARUNIA SEJATI PT.-951195"|457|"Bali Galeria MAL"|T-SHIRT|"EMBA CLASSIC"|"MEN CONTEMP CASUAL"|"EMBA CLASSIC"|"MEN CASUAL"|BROWN|30|73405277|164013013030|1|229000|229000|0|0|0|0|0|0|229000|02003|9243|3
07-03-2025|07-03-2025|951195|"KASIH KARUNIA SEJATI PT.-951195"|367|"Jayapura MAL"|T-SHIRT|"EMBA CLASSIC"|"MEN CONTEMP CASUAL"|"EMBA CLASSIC"|"MEN CASUAL"|BLACK|L|70850489|865032010103|1|279000|279000|0|0|0|0|0|0|279000|02006|9272|1
07-03-2025|07-03-2025|951195|"KASIH KARUNIA SEJATI PT.-951195"|302|"Festive Walk MAL KWG"|T-SHIRT|"EMBA CLASSIC"|"MEN CONTEMP CASUAL"|"EMBA CLASSIC"|"MEN CASUAL"|OLIVE|L|70850274|865032013703|1|279000|279000|0|0|0|0|0|0|279000|02019|5644|1
07-03-2025|07-03-2025|951195|"KASIH KARUNIA SEJATI PT.-951195"|367|"Jayapura MAL"|T-SHIRT|"EMBA CLASSIC"|"MEN CONTEMP CASUAL"|"EMBA CLASSIC"|"MEN CASUAL"|WHITE|XL|70031659|864033012804|1|229000|229000|0|0|0|0|0|0|229000|02008|9311|23
07-03-2025|07-03-2025|951195|"KASIH KARUNIA SEJATI PT.-951195"|214|"Maleo Square Mal MAM"|T-SHIRT|"EMBA CLASSIC"|"MEN CONTEMP CASUAL"|"EMBA CLASSIC"|"MEN CASUAL"|YELLOW|L|70031622|611009011203|1|229000|229000|30000|0|0|0|0|13.1|199000|02012|7471|2
07-03-2025|07-03-2025|951195|"KASIH KARUNIA SEJATI PT.-951195"|289|"Paragon City MAL SMG"|T-SHIRT|"EMBA CLASSIC"|"MEN CONTEMP CASUAL"|"EMBA CLASSIC"|"MEN CASUAL"|YELLOW|L|70031622|611009011203|1|229000|229000|30000|0|0|0|0|13.1|199000|02021|4188|1
07-03-2025|07-03-2025|951195|"KASIH KARUNIA SEJATI PT.-951195"|336|"Balikpapan Baru TC"|T-SHIRT|"EMBA CLASSIC"|"MEN CONTEMP CASUAL"|"EMBA CLASSIC"|"MEN CASUAL"|GREEN|L|70031604|864033011603|1|229000|229000|0|0|0|0|0|0|229000|80302|3773|3
07-03-2025|07-03-2025|951195|"KASIH KARUNIA SEJATI PT.-951195"|447|"Cilegon Center TC"|T-SHIRT|"EMBA CLASSIC"|"MEN CONTEMP CASUAL"|"EMBA CLASSIC"|"MEN CASUAL"|"NAVY BLUE"|M|70031588|864033012202|1|229000|229000|0|0|0|0|0|0|229000|02027|5907|1
07-03-2025|07-03-2025|951195|"KASIH KARUNIA SEJATI PT.-951195"|415|"Plaza MAL Madiun"|T-SHIRT|"EMBA CLASSIC"|"MEN CONTEMP CASUAL"|"EMBA CLASSIC"|"MEN CASUAL"|"NAVY BLUE"|M|70031588|864033012202|1|229000|229000|0|0|0|0|0|0|229000|02031|6230|1
07-03-2025|07-03-2025|951195|"KASIH KARUNIA SEJATI PT.-951195"|619|"Plasa HS Klaten"|T-SHIRT|"EMBA CLASSIC"|"MEN CONTEMP CASUAL"|"EMBA CLASSIC"|"MEN CASUAL"|WHITE|L|70031435|864033012803|1|229000|229000|0|0|0|0|0|0|229000|02009|7535|1
07-03-2025|07-03-2025|951195|"KASIH KARUNIA SEJATI PT.-951195"|501|"Duta Plaza MAL DPR"|T-SHIRT|"EMBA CLASSIC"|"MEN CONTEMP CASUAL"|"EMBA CLASSIC"|"MEN CASUAL"|WHITE|M|70031391|864033012802|1|229000|229000|0|0|0|0|0|0|229000|02016|2762|1
07-03-2025|07-03-2025|951195|"KASIH KARUNIA SEJATI PT.-951195"|537|"Johar Plaza TC JMR"|T-SHIRT|"EMBA CLASSIC"|"MEN CONTEMP CASUAL"|"EMBA CLASSIC"|"MEN CASUAL"|WHITE|M|70031391|864033012802|1|229000|229000|200000|0|0|0|0|87.3|29000|03025|5646|1
07-03-2025|07-03-2025|951195|"KASIH KARUNIA SEJATI PT.-951195"|326|"Lippo PLZ MAL Jember"|T-SHIRT|"EMBA CLASSIC"|"MEN CONTEMP CASUAL"|"EMBA CLASSIC"|"MEN CASUAL"|GREY|L|70031382|611009011803|1|229000|229000|30000|0|0|0|0|13.1|199000|02037|306|3
07-03-2025|07-03-2025|951195|"KASIH KARUNIA SEJATI PT.-951195"|804|"Matahari HS PWT"|T-SHIRT|"EMBA CLASSIC"|"MEN CONTEMP CASUAL"|"EMBA CLASSIC"|"MEN CASUAL"|GREEN|XL|70031364|864033011604|1|229000|229000|0|0|0|0|0|0|229000|01001|7279|5
07-03-2025|07-03-2025|951195|"KASIH KARUNIA SEJATI PT.-951195"|220|"MAL Kediri KDR"|T-SHIRT|"EMBA CLASSIC"|"MEN CONTEMP CASUAL"|"EMBA CLASSIC"|"MEN CASUAL"|YELLOW|M|70031220|611009011202|1|229000|229000|30000|0|0|0|0|13.1|199000|01008|1647|3
07-03-2025|07-03-2025|951195|"KASIH KARUNIA SEJATI PT.-951195"|645|"Medan MAL"|T-SHIRT|"EMBA CLASSIC"|"MEN CONTEMP CASUAL"|"EMBA CLASSIC"|"MEN CASUAL"|BROWN|34|67568952|164025012134|1|249000|249000|20000|0|0|0|0|8|229000|01001|9742|1
07-03-2025|07-03-2025|951195|"KASIH KARUNIA SEJATI PT.-951195"|503|"Matahari HS Magelang"|T-SHIRT|"EMBA CLASSIC"|"MEN CONTEMP CASUAL"|"EMBA CLASSIC"|"MEN CASUAL"|BROWN|L|67280324|871033021003|1|249000|249000|0|0|0|0|0|0|249000|02006|344|1
07-03-2025|07-03-2025|951195|"KASIH KARUNIA SEJATI PT.-951195"|351|"Citimall Gorontalo"|T-SHIRT|"EMBA CLASSIC"|"MEN CONTEMP CASUAL"|"EMBA CLASSIC"|"MEN CASUAL"|BROWN|L|67280324|871033021003|1|249000|249000|0|0|0|0|0|0|249000|02008|1089|5
07-03-2025|07-03-2025|951195|"KASIH KARUNIA SEJATI PT.-951195"|221|"Panakkukang MAL MKS"|T-SHIRT|"EMBA CLASSIC"|"MEN CONTEMP CASUAL"|"EMBA CLASSIC"|"MEN CASUAL"|OLIVE|XL|65595346|620005141704|1|189000|189000|0|0|0|0|0|0|189000|90102|3764|1
07-03-2025|07-03-2025|951195|"KASIH KARUNIA SEJATI PT.-951195"|567|"Delta PLZ MAL SBY"|T-SHIRT|"EMBA CLASSIC"|"MEN CONTEMP CASUAL"|"EMBA CLASSIC"|"MEN CASUAL"|GREY|M|62402488|109023014902|1|229000|229000|0|0|0|0|0|0|229000|03008|2892|2
07-03-2025|07-03-2025|951195|"KASIH KARUNIA SEJATI PT.-951195"|697|"Plaza Pekalongan MAL"|T-SHIRT|"EMBA CLASSIC"|"MEN CONTEMP CASUAL"|"EMBA CLASSIC"|"MEN CASUAL"|GREY|L|62402031|109023014903|1|229000|229000|0|0|0|0|0|0|229000|80292|1241|3
07-03-2025|07-03-2025|951195|"KASIH KARUNIA SEJATI PT.-951195"|282|"Pakuwon Mall Jogja"|T-SHIRT|"EMBA CLASSIC"|"MEN CONTEMP CASUAL"|"EMBA CLASSIC"|"MEN CASUAL"|KHAKI|33|62401327|164013010533|1|229000|229000|0|0|0|0|0|0|229000|90701|5820|2
07-03-2025|07-03-2025|951195|"KASIH KARUNIA SEJATI PT.-951195"|567|"Delta PLZ MAL SBY"|T-SHIRT|"EMBA CLASSIC"|"MEN CONTEMP CASUAL"|"EMBA CLASSIC"|"MEN CASUAL"|GREEN|XL|62401283|109023010904|1|229000|229000|0|0|0|0|0|0|229000|03008|2902|2
07-03-2025|07-03-2025|951195|"KASIH KARUNIA SEJATI PT.-951195"|293|"Royal Plaza TC SBY"|T-SHIRT|"EMBA CLASSIC"|"MEN CONTEMP CASUAL"|"EMBA CLASSIC"|"MEN CASUAL"|GREY|29|53534219|119053014429|1|329000|329000|0|0|0|0|0|0|329000|02036|4662|1
07-03-2025|07-03-2025|951195|"KASIH KARUNIA SEJATI PT.-951195"|221|"Panakkukang MAL MKS"|T-SHIRT|"EMBA CLASSIC"|"MEN CONTEMP CASUAL"|"EMBA CLASSIC"|"MEN CASUAL"|GREY|34|53533890|119053014434|1|329000|329000|0|0|0|0|0|0|329000|02058|9824|3
07-03-2025|07-03-2025|951195|"KASIH KARUNIA SEJATI PT.-951195"|273|"SKA MAL Pekanbaru"|T-SHIRT|"EMBA CLASSIC"|"MEN CONTEMP CASUAL"|"EMBA CLASSIC"|"MEN CASUAL"|"MULTI COLOR"|"NO SIZE"|53254352|311000090000|1|1|1|0|0|0|0|0|0|1|03038|7362|8
07-03-2025|07-03-2025|951195|"KASIH KARUNIA SEJATI PT.-951195"|309|"Binjai Supermall TC"|T-SHIRT|"EMBA CLASSIC"|"MEN CONTEMP CASUAL"|"EMBA CLASSIC"|"MEN CASUAL"|KHAKI|29|52246425|162010020529|1|299000|299000|0|0|0|0|0|0|299000|02013|5406|1
07-03-2025|07-03-2025|951195|"KASIH KARUNIA SEJATI PT.-951195"|419|"Pakuwon MAL SBY"|T-SHIRT|"EMBA CLASSIC"|"MEN CONTEMP CASUAL"|"EMBA CLASSIC"|"MEN CASUAL"|KHAKI|28|52246416|162010023028|1|299000|299000|0|0|0|0|0|0|299000|01012|9388|1
07-03-2025|07-03-2025|951195|"KASIH KARUNIA SEJATI PT.-951195"|413|"Kediri Town Sq MAL"|T-SHIRT|"EMBA CLASSIC"|"MEN CONTEMP CASUAL"|"EMBA CLASSIC"|"MEN CASUAL"|KHAKI|31|52246309|162010023031|1|299000|299000|0|0|0|0|0|0|299000|02005|8058|2
07-03-2025|07-03-2025|951195|"KASIH KARUNIA SEJATI PT.-951195"|326|"Lippo PLZ MAL Jember"|T-SHIRT|"EMBA CLASSIC"|"MEN CONTEMP CASUAL"|"EMBA CLASSIC"|"MEN CASUAL"|KHAKI|31|52246283|162010020531|1|299000|299000|0|0|0|0|0|0|299000|03024|712|2
07-03-2025|07-03-2025|951195|"KASIH KARUNIA SEJATI PT.-951195"|536|"Kudus BZR"|T-SHIRT|"EMBA CLASSIC"|"MEN CONTEMP CASUAL"|"EMBA CLASSIC"|"MEN CASUAL"|KHAKI|31|52246283|162010020531|1|299000|299000|0|0|0|0|0|0|299000|80118|9744|1
07-03-2025|07-03-2025|951195|"KASIH KARUNIA SEJATI PT.-951195"|415|"Plaza MAL Madiun"|T-SHIRT|"EMBA CLASSIC"|"MEN CONTEMP CASUAL"|"EMBA CLASSIC"|"MEN CASUAL"|KHAKI|31|52246283|162010020531|1|299000|299000|0|0|0|0|0|0|299000|02007|5898|1
07-03-2025|07-03-2025|951195|"KASIH KARUNIA SEJATI PT.-951195"|453|"Supermal Karawaci"|T-SHIRT|"EMBA CLASSIC"|"MEN CONTEMP CASUAL"|"EMBA CLASSIC"|"MEN CASUAL"|KHAKI|36|52246121|162010020536|1|299000|299000|0|0|0|0|0|0|299000|02005|7712|5
07-03-2025|07-03-2025|951195|"KASIH KARUNIA SEJATI PT.-951195"|261|"Plaza Medan Fair TC"|T-SHIRT|"EMBA CLASSIC"|"MEN CONTEMP CASUAL"|"EMBA CLASSIC"|"MEN CASUAL"|KHAKI|32|52246050|162010023032|1|299000|299000|0|0|0|0|0|0|299000|01008|3452|2
07-03-2025|07-03-2025|951195|"KASIH KARUNIA SEJATI PT.-951195"|337|"Basko Grand MAL PAD"|T-SHIRT|"EMBA CLASSIC"|"MEN CONTEMP CASUAL"|"EMBA CLASSIC"|"MEN CASUAL"|KHAKI|32|52246050|162010023032|1|299000|299000|0|0|0|0|0|0|299000|80202|8810|1
07-03-2025|07-03-2025|951195|"KASIH KARUNIA SEJATI PT.-951195"|555|"Metmal Bekasi"|T-SHIRT|"EMBA CLASSIC"|"MEN CONTEMP CASUAL"|"EMBA CLASSIC"|"MEN CASUAL"|GREEN|XXL|51639271|871032025805|1|279000|279000|0|0|0|0|0|0|279000|02014|7994|4
07-03-2025|07-03-2025|951195|"KASIH KARUNIA SEJATI PT.-951195"|273|"SKA MAL Pekanbaru"|T-SHIRT|"EMBA CLASSIC"|"MEN CONTEMP CASUAL"|"EMBA CLASSIC"|"MEN CASUAL"|BROWN|29|51639164|162064011029|1|249000|249000|0|0|0|0|0|0|249000|03039|7564|1
07-03-2025|07-03-2025|951195|"KASIH KARUNIA SEJATI PT.-951195"|371|"Pondok Gede TC BKS"|T-SHIRT|"EMBA CLASSIC"|"MEN CONTEMP CASUAL"|"EMBA CLASSIC"|"MEN CASUAL"|BROWN|29|51639164|162064011029|1|249000|249000|20000|0|0|0|0|8|229000|02014|6803|5
07-03-2025|07-03-2025|951195|"KASIH KARUNIA SEJATI PT.-951195"|326|"Lippo PLZ MAL Jember"|T-SHIRT|"EMBA CLASSIC"|"MEN CONTEMP CASUAL"|"EMBA CLASSIC"|"MEN CASUAL"|GREEN|L|51639155|871032025803|1|279000|279000|0|0|0|0|0|0|279000|03024|476|1
07-03-2025|07-03-2025|951195|"KASIH KARUNIA SEJATI PT.-951195"|241|"BIG MAL Samarinda"|T-SHIRT|"EMBA CLASSIC"|"MEN CONTEMP CASUAL"|"EMBA CLASSIC"|"MEN CASUAL"|OLIVE|"NO SIZE"|51638978|700005051700|1|189000|189000|56700|0|0|0|0|30|132300|02021|1788|1
07-03-2025|07-03-2025|951195|"KASIH KARUNIA SEJATI PT.-951195"|376|"Mitra Malang HS"|T-SHIRT|"EMBA CLASSIC"|"MEN CONTEMP CASUAL"|"EMBA CLASSIC"|"MEN CASUAL"|OLIVE|"NO SIZE"|51638978|700005051700|1|189000|189000|56700|0|0|0|0|30|132300|03025|4110|1
07-03-2025|07-03-2025|951195|"KASIH KARUNIA SEJATI PT.-951195"|419|"Pakuwon MAL SBY"|T-SHIRT|"EMBA CLASSIC"|"MEN CONTEMP CASUAL"|"EMBA CLASSIC"|"MEN CASUAL"|OLIVE|"NO SIZE"|51638978|700005051700|1|189000|189000|37800|0|0|0|0|20|151200|01015|9567|1
07-03-2025|07-03-2025|951195|"KASIH KARUNIA SEJATI PT.-951195"|697|"Plaza Pekalongan MAL"|T-SHIRT|"EMBA CLASSIC"|"MEN CONTEMP CASUAL"|"EMBA CLASSIC"|"MEN CASUAL"|BROWN|30|51638969|152010013030|1|249000|249000|0|0|0|0|0|0|249000|01006|9803|1
07-03-2025|07-03-2025|951195|"KASIH KARUNIA SEJATI PT.-951195"|227|"Sidoarjo Town Sq MAL"|T-SHIRT|"EMBA CLASSIC"|"MEN CONTEMP CASUAL"|"EMBA CLASSIC"|"MEN CASUAL"|BROWN|M|51638923|870032031002|1|229000|229000|0|0|0|0|0|0|229000|03010|2457|1
07-03-2025|07-03-2025|951195|"KASIH KARUNIA SEJATI PT.-951195"|302|"Festive Walk MAL KWG"|T-SHIRT|"EMBA CLASSIC"|"MEN CONTEMP CASUAL"|"EMBA CLASSIC"|"MEN CASUAL"|BROWN|M|51638923|870032031002|1|229000|229000|0|0|0|0|0|0|229000|02017|6068|2
07-03-2025|07-03-2025|951195|"KASIH KARUNIA SEJATI PT.-951195"|318|"Indramayu MAL"|T-SHIRT|"EMBA CLASSIC"|"MEN CONTEMP CASUAL"|"EMBA CLASSIC"|"MEN CASUAL"|BROWN|M|51638923|870032031002|1|229000|229000|0|0|0|0|0|0|229000|03024|854|5
07-03-2025|07-03-2025|951195|"KASIH KARUNIA SEJATI PT.-951195"|352|"Sunrise MAL MJK"|T-SHIRT|"EMBA CLASSIC"|"MEN CONTEMP CASUAL"|"EMBA CLASSIC"|"MEN CASUAL"|BROWN|M|51638923|870032031002|1|229000|229000|0|0|0|0|0|0|229000|02021|6179|1
07-03-2025|07-03-2025|951195|"KASIH KARUNIA SEJATI PT.-951195"|677|"Grage MAL Cirebon"|T-SHIRT|"EMBA CLASSIC"|"MEN CONTEMP CASUAL"|"EMBA CLASSIC"|"MEN CASUAL"|BROWN|M|51638923|870032031002|1|229000|229000|0|0|0|0|0|0|229000|02011|9366|6
07-03-2025|07-03-2025|951195|"KASIH KARUNIA SEJATI PT.-951195"|537|"Johar Plaza TC JMR"|T-SHIRT|"EMBA CLASSIC"|"MEN CONTEMP CASUAL"|"EMBA CLASSIC"|"MEN CASUAL"|CREAM|33|51638914|162064012133|1|249000|249000|0|0|0|0|0|0|249000|03021|5912|1
07-03-2025|07-03-2025|951195|"KASIH KARUNIA SEJATI PT.-951195"|283|"Ayani Mega MAL PTK"|T-SHIRT|"EMBA CLASSIC"|"MEN CONTEMP CASUAL"|"EMBA CLASSIC"|"MEN CASUAL"|BROWN|38|51638898|162064011038|1|249000|249000|0|0|0|0|0|0|249000|02015|3380|2
07-03-2025|07-03-2025|951195|"KASIH KARUNIA SEJATI PT.-951195"|619|"Plasa HS Klaten"|T-SHIRT|"EMBA CLASSIC"|"MEN CONTEMP CASUAL"|"EMBA CLASSIC"|"MEN CASUAL"|BROWN|38|51638898|162064011038|1|249000|249000|0|0|0|0|0|0|249000|80336|3760|3
07-03-2025|07-03-2025|951195|"KASIH KARUNIA SEJATI PT.-951195"|249|"Pakuwon Mall Solo"|T-SHIRT|"EMBA CLASSIC"|"MEN CONTEMP CASUAL"|"EMBA CLASSIC"|"MEN CASUAL"|KHAKI|M|51638870|870032030502|1|229000|229000|0|0|0|0|0|0|229000|01002|9757|1
07-03-2025|07-03-2025|951195|"KASIH KARUNIA SEJATI PT.-951195"|261|"Plaza Medan Fair TC"|T-SHIRT|"EMBA CLASSIC"|"MEN CONTEMP CASUAL"|"EMBA CLASSIC"|"MEN CASUAL"|KHAKI|M|51638870|870032030502|2|229000|458000|0|0|0|0|0|0|458000|01046|4413|3
07-03-2025|07-03-2025|951195|"KASIH KARUNIA SEJATI PT.-951195"|282|"Pakuwon Mall Jogja"|T-SHIRT|"EMBA CLASSIC"|"MEN CONTEMP CASUAL"|"EMBA CLASSIC"|"MEN CASUAL"|KHAKI|M|51638870|870032030502|1|229000|229000|0|0|0|0|0|0|229000|01007|4321|2
07-03-2025|07-03-2025|951195|"KASIH KARUNIA SEJATI PT.-951195"|389|"Java Supermall SMG"|T-SHIRT|"EMBA CLASSIC"|"MEN CONTEMP CASUAL"|"EMBA CLASSIC"|"MEN CASUAL"|KHAKI|M|51638870|870032030502|1|229000|229000|0|0|0|0|0|0|229000|02008|560|4
07-03-2025|07-03-2025|951195|"KASIH KARUNIA SEJATI PT.-951195"|412|"CITIMALL BONTANG"|T-SHIRT|"EMBA CLASSIC"|"MEN CONTEMP CASUAL"|"EMBA CLASSIC"|"MEN CASUAL"|KHAKI|M|51638870|870032030502|1|229000|229000|0|0|0|0|0|0|229000|01013|6734|3
07-03-2025|07-03-2025|951195|"KASIH KARUNIA SEJATI PT.-951195"|619|"Plasa HS Klaten"|T-SHIRT|"EMBA CLASSIC"|"MEN CONTEMP CASUAL"|"EMBA CLASSIC"|"MEN CASUAL"|KHAKI|M|51638870|870032030502|1|229000|229000|0|0|0|0|0|0|229000|02008|7644|2
07-03-2025|07-03-2025|951195|"KASIH KARUNIA SEJATI PT.-951195"|804|"Matahari HS PWT"|T-SHIRT|"EMBA CLASSIC"|"MEN CONTEMP CASUAL"|"EMBA CLASSIC"|"MEN CASUAL"|KHAKI|M|51638870|870032030502|1|229000|229000|0|0|0|0|0|0|229000|01003|7175|1
07-03-2025|07-03-2025|951195|"KASIH KARUNIA SEJATI PT.-951195"|372|"MAL Ambarukmo Yogya"|T-SHIRT|"EMBA CLASSIC"|"MEN CONTEMP CASUAL"|"EMBA CLASSIC"|"MEN CASUAL"|BLACK|38|51638861|117519010138|1|319000|319000|30000|0|0|0|0|9.4|289000|02022|3753|1
07-03-2025|07-03-2025|951195|"KASIH KARUNIA SEJATI PT.-951195"|447|"Cilegon Center TC"|T-SHIRT|"EMBA CLASSIC"|"MEN CONTEMP CASUAL"|"EMBA CLASSIC"|"MEN CASUAL"|CREAM|M|51638843|871032022702|1|279000|279000|0|0|0|0|0|0|279000|01003|5432|4
07-03-2025|07-03-2025|951195|"KASIH KARUNIA SEJATI PT.-951195"|415|"Plaza MAL Madiun"|T-SHIRT|"EMBA CLASSIC"|"MEN CONTEMP CASUAL"|"EMBA CLASSIC"|"MEN CASUAL"|CREAM|M|51638843|871032022702|1|279000|279000|0|0|0|0|0|0|279000|02007|6195|1
07-03-2025|07-03-2025|951195|"KASIH KARUNIA SEJATI PT.-951195"|223|"Batu Town Sq MAL MLG"|T-SHIRT|"EMBA CLASSIC"|"MEN CONTEMP CASUAL"|"EMBA CLASSIC"|"MEN CASUAL"|CREAM|"NO SIZE"|51638816|700005042100|1|189000|189000|56700|0|0|0|0|30|132300|01004|5580|1
07-03-2025|07-03-2025|951195|"KASIH KARUNIA SEJATI PT.-951195"|643|"Ambon Indah Plaza TC"|T-SHIRT|"EMBA CLASSIC"|"MEN CONTEMP CASUAL"|"EMBA CLASSIC"|"MEN CASUAL"|CREAM|"NO SIZE"|51638816|700005042100|1|189000|189000|56700|0|0|0|0|30|132300|02015|3259|1
07-03-2025|07-03-2025|951195|"KASIH KARUNIA SEJATI PT.-951195"|507|"Int. Plaza TC PLG"|T-SHIRT|"EMBA CLASSIC"|"MEN CONTEMP CASUAL"|"EMBA CLASSIC"|"MEN CASUAL"|BLACK|38|51638745|162064010138|1|249000|249000|0|0|0|0|0|0|249000|03023|941|3
07-03-2025|07-03-2025|951195|"KASIH KARUNIA SEJATI PT.-951195"|362|"Tanjungpinang MAL"|T-SHIRT|"EMBA CLASSIC"|"MEN CONTEMP CASUAL"|"EMBA CLASSIC"|"MEN CASUAL"|BROWN|27|51638736|152010033027|1|249000|249000|0|0|0|0|0|0|249000|02022|7071|2
07-03-2025|07-03-2025|951195|"KASIH KARUNIA SEJATI PT.-951195"|227|"Sidoarjo Town Sq MAL"|T-SHIRT|"EMBA CLASSIC"|"MEN CONTEMP CASUAL"|"EMBA CLASSIC"|"MEN CASUAL"|GREY|30|51638683|119010013130|1|319000|319000|0|0|0|0|0|0|319000|03010|1921|1
07-03-2025|07-03-2025|951195|"KASIH KARUNIA SEJATI PT.-951195"|355|"E Walk MAL BPP"|T-SHIRT|"EMBA CLASSIC"|"MEN CONTEMP CASUAL"|"EMBA CLASSIC"|"MEN CASUAL"|GREY|30|51638683|119010013130|1|319000|319000|0|0|0|0|0|0|319000|02018|6597|1
07-03-2025|07-03-2025|951195|"KASIH KARUNIA SEJATI PT.-951195"|261|"Plaza Medan Fair TC"|T-SHIRT|"EMBA CLASSIC"|"MEN CONTEMP CASUAL"|"EMBA CLASSIC"|"MEN CASUAL"|KHAKI|L|51638647|870032030503|1|229000|229000|0|0|0|0|0|0|229000|01046|4413|4
07-03-2025|07-03-2025|951195|"KASIH KARUNIA SEJATI PT.-951195"|302|"Festive Walk MAL KWG"|T-SHIRT|"EMBA CLASSIC"|"MEN CONTEMP CASUAL"|"EMBA CLASSIC"|"MEN CASUAL"|KHAKI|L|51638647|870032030503|1|229000|229000|0|0|0|0|0|0|229000|02020|6067|1
07-03-2025|07-03-2025|951195|"KASIH KARUNIA SEJATI PT.-951195"|309|"Binjai Supermall TC"|T-SHIRT|"EMBA CLASSIC"|"MEN CONTEMP CASUAL"|"EMBA CLASSIC"|"MEN CASUAL"|KHAKI|L|51638647|870032030503|1|229000|229000|0|0|0|0|0|0|229000|02015|5594|3
07-03-2025|07-03-2025|951195|"KASIH KARUNIA SEJATI PT.-951195"|355|"E Walk MAL BPP"|T-SHIRT|"EMBA CLASSIC"|"MEN CONTEMP CASUAL"|"EMBA CLASSIC"|"MEN CASUAL"|KHAKI|L|51638647|870032030503|1|229000|229000|0|0|0|0|0|0|229000|02019|6637|1
07-03-2025|07-03-2025|951195|"KASIH KARUNIA SEJATI PT.-951195"|375|"Ekalokasari MAL BGR"|T-SHIRT|"EMBA CLASSIC"|"MEN CONTEMP CASUAL"|"EMBA CLASSIC"|"MEN CASUAL"|KHAKI|L|51638647|870032030503|1|229000|229000|0|0|0|0|0|0|229000|02078|933|1
07-03-2025|07-03-2025|951195|"KASIH KARUNIA SEJATI PT.-951195"|537|"Johar Plaza TC JMR"|T-SHIRT|"EMBA CLASSIC"|"MEN CONTEMP CASUAL"|"EMBA CLASSIC"|"MEN CASUAL"|KHAKI|L|51638647|870032030503|1|229000|229000|0|0|0|0|0|0|229000|03022|5449|1
07-03-2025|07-03-2025|951195|"KASIH KARUNIA SEJATI PT.-951195"|697|"Plaza Pekalongan MAL"|T-SHIRT|"EMBA CLASSIC"|"MEN CONTEMP CASUAL"|"EMBA CLASSIC"|"MEN CASUAL"|KHAKI|L|51638647|870032030503|1|229000|229000|0|0|0|0|0|0|229000|01006|9509|6
07-03-2025|07-03-2025|951195|"KASIH KARUNIA SEJATI PT.-951195"|804|"Matahari HS PWT"|T-SHIRT|"EMBA CLASSIC"|"MEN CONTEMP CASUAL"|"EMBA CLASSIC"|"MEN CASUAL"|KHAKI|L|51638647|870032030503|2|229000|458000|0|0|0|0|0|0|458000|01002|7232|2
07-03-2025|07-03-2025|951195|"KASIH KARUNIA SEJATI PT.-951195"|345|"Central PLZ MAL BDL"|T-SHIRT|"EMBA CLASSIC"|"MEN CONTEMP CASUAL"|"EMBA CLASSIC"|"MEN CASUAL"|GREY|34|51638594|162064011834|1|249000|249000|0|0|0|0|0|0|249000|02039|7835|2
07-03-2025|07-03-2025|951195|"KASIH KARUNIA SEJATI PT.-951195"|408|"Balikpapan PLZ BPP"|T-SHIRT|"EMBA CLASSIC"|"MEN CONTEMP CASUAL"|"EMBA CLASSIC"|"MEN CASUAL"|KHAKI|XL|51638585|870032030504|1|229000|229000|0|0|0|0|0|0|229000|02041|5797|2
07-03-2025|07-03-2025|951195|"KASIH KARUNIA SEJATI PT.-951195"|415|"Plaza MAL Madiun"|T-SHIRT|"EMBA CLASSIC"|"MEN CONTEMP CASUAL"|"EMBA CLASSIC"|"MEN CASUAL"|KHAKI|XL|51638585|870032030504|1|229000|229000|0|0|0|0|0|0|229000|80201|4443|1
07-03-2025|07-03-2025|951195|"KASIH KARUNIA SEJATI PT.-951195"|221|"Panakkukang MAL MKS"|T-SHIRT|"EMBA CLASSIC"|"MEN CONTEMP CASUAL"|"EMBA CLASSIC"|"MEN CASUAL"|KHAKI|L|51638512|595020010503|1|299000|299000|0|0|0|0|0|0|299000|01008|731|1
07-03-2025|07-03-2025|951195|"KASIH KARUNIA SEJATI PT.-951195"|355|"E Walk MAL BPP"|T-SHIRT|"EMBA CLASSIC"|"MEN CONTEMP CASUAL"|"EMBA CLASSIC"|"MEN CASUAL"|KHAKI|L|51638512|595020010503|1|299000|299000|0|0|0|0|0|0|299000|02018|6607|6
07-03-2025|07-03-2025|951195|"KASIH KARUNIA SEJATI PT.-951195"|338|"Palembang Square MAL"|T-SHIRT|"EMBA CLASSIC"|"MEN CONTEMP CASUAL"|"EMBA CLASSIC"|"MEN CASUAL"|BROWN|29|51638414|119010013029|1|319000|319000|0|0|0|0|0|0|319000|01020|9864|2
07-03-2025|07-03-2025|951195|"KASIH KARUNIA SEJATI PT.-951195"|283|"Ayani Mega MAL PTK"|T-SHIRT|"EMBA CLASSIC"|"MEN CONTEMP CASUAL"|"EMBA CLASSIC"|"MEN CASUAL"|BROWN|34|51638398|162064011034|1|249000|249000|0|0|0|0|0|0|249000|02013|3808|2
07-03-2025|07-03-2025|951195|"KASIH KARUNIA SEJATI PT.-951195"|413|"Kediri Town Sq MAL"|T-SHIRT|"EMBA CLASSIC"|"MEN CONTEMP CASUAL"|"EMBA CLASSIC"|"MEN CASUAL"|BLACK|"NO SIZE"|51638343|700005060100|1|189000|189000|56700|0|0|0|0|30|132300|01022|8608|4
07-03-2025|07-03-2025|951195|"KASIH KARUNIA SEJATI PT.-951195"|507|"Int. Plaza TC PLG"|T-SHIRT|"EMBA CLASSIC"|"MEN CONTEMP CASUAL"|"EMBA CLASSIC"|"MEN CASUAL"|BLACK|"NO SIZE"|51638343|700005060100|1|189000|189000|37800|0|0|0|0|20|151200|03019|1243|1
07-03-2025|07-03-2025|951195|"KASIH KARUNIA SEJATI PT.-951195"|553|"Thamrin PLZ MAL MDN"|T-SHIRT|"EMBA CLASSIC"|"MEN CONTEMP CASUAL"|"EMBA CLASSIC"|"MEN CASUAL"|BLACK|"NO SIZE"|51638343|700005060100|1|189000|189000|37800|0|0|0|0|20|151200|04017|8149|2
07-03-2025|07-03-2025|951195|"KASIH KARUNIA SEJATI PT.-951195"|501|"Duta Plaza MAL DPR"|T-SHIRT|"EMBA CLASSIC"|"MEN CONTEMP CASUAL"|"EMBA CLASSIC"|"MEN CASUAL"|BROWN|38|51638290|162064012638|1|249000|249000|0|0|0|0|0|0|249000|02031|3521|1
07-03-2025|07-03-2025|951195|"KASIH KARUNIA SEJATI PT.-951195"|284|"Q MAL Banjarbaru"|T-SHIRT|"EMBA CLASSIC"|"MEN CONTEMP CASUAL"|"EMBA CLASSIC"|"MEN CASUAL"|KHAKI|M|51638272|595020010502|1|299000|299000|0|0|0|0|0|0|299000|80102|9490|1
07-03-2025|07-03-2025|951195|"KASIH KARUNIA SEJATI PT.-951195"|641|"Citra PLZ MAL PBR"|T-SHIRT|"EMBA CLASSIC"|"MEN CONTEMP CASUAL"|"EMBA CLASSIC"|"MEN CASUAL"|KHAKI|M|51638272|595020010502|1|299000|299000|0|0|0|0|0|0|299000|03034|8801|1
07-03-2025|07-03-2025|951195|"KASIH KARUNIA SEJATI PT.-951195"|697|"Plaza Pekalongan MAL"|T-SHIRT|"EMBA CLASSIC"|"MEN CONTEMP CASUAL"|"EMBA CLASSIC"|"MEN CASUAL"|BLACK|30|51638227|117519010130|1|319000|319000|30000|0|0|0|0|9.4|289000|01020|9496|2
07-03-2025|07-03-2025|951195|"KASIH KARUNIA SEJATI PT.-951195"|227|"Sidoarjo Town Sq MAL"|T-SHIRT|"EMBA CLASSIC"|"MEN CONTEMP CASUAL"|"EMBA CLASSIC"|"MEN CASUAL"|BLACK|36|51638218|164010030136|1|299000|299000|0|0|0|0|0|0|299000|01017|2182|3
07-03-2025|07-03-2025|951195|"KASIH KARUNIA SEJATI PT.-951195"|223|"Batu Town Sq MAL MLG"|T-SHIRT|"EMBA CLASSIC"|"MEN CONTEMP CASUAL"|"EMBA CLASSIC"|"MEN CASUAL"|GREY|29|51638101|164010033129|1|299000|299000|0|0|0|0|0|0|299000|01141|5578|1
07-03-2025|07-03-2025|951195|"KASIH KARUNIA SEJATI PT.-951195"|408|"Balikpapan PLZ BPP"|T-SHIRT|"EMBA CLASSIC"|"MEN CONTEMP CASUAL"|"EMBA CLASSIC"|"MEN CASUAL"|GREY|31|51638094|119010013131|1|319000|319000|0|0|0|0|0|0|319000|02042|5931|1
07-03-2025|07-03-2025|951195|"KASIH KARUNIA SEJATI PT.-951195"|316|"Batam City Square TC"|T-SHIRT|"EMBA CLASSIC"|"MEN CONTEMP CASUAL"|"EMBA CLASSIC"|"MEN CASUAL"|GREY|30|51638003|152010033130|1|249000|249000|0|0|0|0|0|0|249000|02012|331|3
07-03-2025|07-03-2025|951195|"KASIH KARUNIA SEJATI PT.-951195"|637|"Blok M Plaza MAL JKT"|T-SHIRT|"EMBA CLASSIC"|"MEN CONTEMP CASUAL"|"EMBA CLASSIC"|"MEN CASUAL"|BLACK|"NO SIZE"|51637997|700005030100|1|189000|189000|56700|0|0|0|0|30|132300|04026|6407|5
07-03-2025|07-03-2025|951195|"KASIH KARUNIA SEJATI PT.-951195"|255|"Malang Town Sq TC"|T-SHIRT|"EMBA CLASSIC"|"MEN CONTEMP CASUAL"|"EMBA CLASSIC"|"MEN CASUAL"|BLACK|"NO SIZE"|51637997|700005030100|1|189000|189000|37800|0|0|0|0|20|151200|02014|9309|1
07-03-2025|07-03-2025|951195|"KASIH KARUNIA SEJATI PT.-951195"|697|"Plaza Pekalongan MAL"|T-SHIRT|"EMBA CLASSIC"|"MEN CONTEMP CASUAL"|"EMBA CLASSIC"|"MEN CASUAL"|BROWN|29|51637906|152010013029|1|249000|249000|0|0|0|0|0|0|249000|01005|9477|4
07-03-2025|07-03-2025|951195|"KASIH KARUNIA SEJATI PT.-951195"|339|"Artha Gading MAL JKT"|T-SHIRT|"EMBA CLASSIC"|"MEN CONTEMP CASUAL"|"EMBA CLASSIC"|"MEN CASUAL"|BROWN|XL|51637755|870032031004|1|229000|229000|0|0|0|0|0|0|229000|02017|7444|1
07-03-2025|07-03-2025|951195|"KASIH KARUNIA SEJATI PT.-951195"|677|"Grage MAL Cirebon"|T-SHIRT|"EMBA CLASSIC"|"MEN CONTEMP CASUAL"|"EMBA CLASSIC"|"MEN CASUAL"|BROWN|XL|51637755|870032031004|1|229000|229000|0|0|0|0|0|0|229000|02033|9562|1
07-03-2025|07-03-2025|951195|"KASIH KARUNIA SEJATI PT.-951195"|426|"Matahari HS TSM"|T-SHIRT|"EMBA CLASSIC"|"MEN CONTEMP CASUAL"|"EMBA CLASSIC"|"MEN CASUAL"|CREAM|XXL|51637719|871032022705|1|279000|279000|0|0|0|0|0|0|279000|01008|3769|1
07-03-2025|07-03-2025|951195|"KASIH KARUNIA SEJATI PT.-951195"|415|"Plaza MAL Madiun"|T-SHIRT|"EMBA CLASSIC"|"MEN CONTEMP CASUAL"|"EMBA CLASSIC"|"MEN CASUAL"|KHAKI|33|16496545|117033012733|1|349000|349000|30000|0|0|0|0|8.6|319000|02007|5917|2
07-03-2025|07-03-2025|951195|"KASIH KARUNIA SEJATI PT.-951195"|453|"Supermal Karawaci"|T-SHIRT|"EMBA CLASSIC"|"MEN CONTEMP CASUAL"|"EMBA CLASSIC"|"MEN CASUAL"|KHAKI|34|16496474|119010010534|1|319000|319000|0|0|0|0|0|0|319000|02008|7081|2
07-03-2025|07-03-2025|951195|"KASIH KARUNIA SEJATI PT.-951195"|284|"Q MAL Banjarbaru"|T-SHIRT|"EMBA CLASSIC"|"MEN CONTEMP CASUAL"|"EMBA CLASSIC"|"MEN CASUAL"|BLACK|33|16496367|119010010133|1|319000|319000|0|0|0|0|0|0|319000|80102|9476|2
07-03-2025|07-03-2025|951195|"KASIH KARUNIA SEJATI PT.-951195"|387|"Manhattan MAL Medan"|T-SHIRT|"EMBA CLASSIC"|"MEN CONTEMP CASUAL"|"EMBA CLASSIC"|"MEN CASUAL"|WHITE|XXL|16496321|870032022805|1|229000|229000|0|0|0|0|0|0|229000|03061|1118|1
07-03-2025|07-03-2025|951195|"KASIH KARUNIA SEJATI PT.-951195"|507|"Int. Plaza TC PLG"|T-SHIRT|"EMBA CLASSIC"|"MEN CONTEMP CASUAL"|"EMBA CLASSIC"|"MEN CASUAL"|WHITE|M|16496312|870032022802|1|229000|229000|0|0|0|0|0|0|229000|03025|978|9
07-03-2025|07-03-2025|951195|"KASIH KARUNIA SEJATI PT.-951195"|536|"Kudus BZR"|T-SHIRT|"EMBA CLASSIC"|"MEN CONTEMP CASUAL"|"EMBA CLASSIC"|"MEN CASUAL"|WHITE|M|16496312|870032022802|1|229000|229000|0|0|0|0|0|0|229000|01009|441|3
07-03-2025|07-03-2025|951195|"KASIH KARUNIA SEJATI PT.-951195"|337|"Basko Grand MAL PAD"|T-SHIRT|"EMBA CLASSIC"|"MEN CONTEMP CASUAL"|"EMBA CLASSIC"|"MEN CASUAL"|KHAKI|30|16496189|119010010530|1|319000|319000|0|0|0|0|0|0|319000|02016|168|5
07-03-2025|06-03-2025|951195|"KASIH KARUNIA SEJATI PT.-951195"|369|"Plaza Aceh MAL BNA"|T-SHIRT|"EMBA CLASSIC"|"MEN CONTEMP CASUAL"|"EMBA CLASSIC"|"MEN CASUAL"|WHITE|L|16496107|871844012802|1|249000|249000|0|0|0|0|0|0|249000|02041|6637|1
07-03-2025|07-03-2025|951195|"KASIH KARUNIA SEJATI PT.-951195"|255|"Malang Town Sq TC"|T-SHIRT|"EMBA CLASSIC"|"MEN CONTEMP CASUAL"|"EMBA CLASSIC"|"MEN CASUAL"|GREEN|XL|15799416|866005015804|1|229000|229000|0|0|0|0|0|0|229000|02020|9391|1
07-03-2025|07-03-2025|951195|"KASIH KARUNIA SEJATI PT.-951195"|402|"Uptown Mall Semarang"|T-SHIRT|"EMBA CLASSIC"|"MEN CONTEMP CASUAL"|"EMBA CLASSIC"|"MEN CASUAL"|GREEN|L|15799372|866005015803|1|229000|229000|0|0|0|0|0|0|229000|02008|2416|2
07-03-2025|07-03-2025|951195|"KASIH KARUNIA SEJATI PT.-951195"|413|"Kediri Town Sq MAL"|T-SHIRT|"EMBA CLASSIC"|"MEN CONTEMP CASUAL"|"EMBA CLASSIC"|"MEN CASUAL"|GREEN|L|15799372|866005015803|2|229000|458000|0|0|0|0|0|0|458000|01031|8943|2
07-03-2025|07-03-2025|951195|"KASIH KARUNIA SEJATI PT.-951195"|255|"Malang Town Sq TC"|T-SHIRT|"EMBA CLASSIC"|"MEN CONTEMP CASUAL"|"EMBA CLASSIC"|"MEN CASUAL"|GREEN|L|15799372|866005015803|1|229000|229000|0|0|0|0|0|0|229000|02020|9391|2
07-03-2025|07-03-2025|951195|"KASIH KARUNIA SEJATI PT.-951195"|387|"Manhattan MAL Medan"|T-SHIRT|"EMBA CLASSIC"|"MEN CONTEMP CASUAL"|"EMBA CLASSIC"|"MEN CASUAL"|ORANGE|L|15799149|866005016303|1|229000|229000|0|0|0|0|0|0|229000|03015|1187|4
07-03-2025|07-03-2025|951195|"KASIH KARUNIA SEJATI PT.-951195"|303|"Solo Square MAL"|T-SHIRT|"EMBA CLASSIC"|"MEN CONTEMP CASUAL"|"EMBA CLASSIC"|"MEN CASUAL"|BLACK|L|15799130|866005010103|1|229000|229000|0|0|0|0|0|0|229000|02010|1843|3
07-03-2025|07-03-2025|951195|"KASIH KARUNIA SEJATI PT.-951195"|387|"Manhattan MAL Medan"|T-SHIRT|"EMBA CLASSIC"|"MEN CONTEMP CASUAL"|"EMBA CLASSIC"|"MEN CASUAL"|ORANGE|M|15799121|866005016302|1|229000|229000|0|0|0|0|0|0|229000|03015|1187|2
07-03-2025|07-03-2025|951195|"KASIH KARUNIA SEJATI PT.-951195"|445|"PTC MAL TC PLG"|T-SHIRT|"EMBA CLASSIC"|"MEN CONTEMP CASUAL"|"EMBA CLASSIC"|"MEN CASUAL"|ORANGE|M|15799121|866005016302|1|229000|229000|0|0|0|0|0|0|229000|02024|3487|1
07-03-2025|07-03-2025|951195|"KASIH KARUNIA SEJATI PT.-951195"|261|"Plaza Medan Fair TC"|"T-SHIRT BASIC"|"USED JEANS"|"MEN YOUNG CASUAL"|"OTO ONO JEANS"|"MEN DENIM"|WHITE|M|53508784|226039015603|1|329000|329000|98700|0|0|0|0|30|230300|01001|3779|5
07-03-2025|07-03-2025|951195|"KASIH KARUNIA SEJATI PT.-951195"|261|"Plaza Medan Fair TC"|"T-SHIRT BASIC"|"USED JEANS"|"MEN YOUNG CASUAL"|"OTO ONO JEANS"|"MEN CASUAL"|GREEN|M|50353410|207739015002|1|599000|599000|179700|0|0|0|0|30|419300|01008|3845|3
07-03-2025|07-03-2025|951195|"KASIH KARUNIA SEJATI PT.-951195"|309|"Binjai Supermall TC"|"T-SHIRT BASIC"|"USED JEANS"|"MEN YOUNG CASUAL"|"OTO ONO JEANS"|"MEN CASUAL"|BROWN|M|50353456|207747013302|1|599000|599000|179700|0|0|0|0|30|419300|02010|5507|1
07-03-2025|07-03-2025|951195|"KASIH KARUNIA SEJATI PT.-951195"|300|"Lippo MAL LLG"|"T-SHIRT BASIC"|"USED JEANS"|"MEN YOUNG CASUAL"|"OTO ONO JEANS"|"MEN CASUAL"|BROWN|L|50354231|207747013303|1|599000|599000|179700|0|0|0|0|30|419300|01015|3443|3
07-03-2025|07-03-2025|951195|"KASIH KARUNIA SEJATI PT.-951195"|300|"Lippo MAL LLG"|"T-SHIRT BASIC"|"USED JEANS"|"MEN YOUNG CASUAL"|"OTO ONO JEANS"|"MEN CASUAL"|BROWN|M|50353456|207747013302|1|599000|599000|179700|0|0|0|0|30|419300|01015|3350|1
07-03-2025|07-03-2025|951195|"KASIH KARUNIA SEJATI PT.-951195"|327|"Citimall Sampit"|"T-SHIRT BASIC"|"USED JEANS"|"MEN YOUNG CASUAL"|"OTO ONO JEANS"|"MEN DENIM"|GREY|L|50353518|214077014003|1|539000|539000|107800|0|0|0|0|20|431200|01001|7976|1
07-03-2025|07-03-2025|951195|"KASIH KARUNIA SEJATI PT.-951195"|553|"Thamrin PLZ MAL MDN"|"T-SHIRT BASIC"|"USED JEANS"|"MEN YOUNG CASUAL"|"OTO ONO JEANS"|"MEN DENIM"|"NAVY BLUE"|33|19493686|525105012733|1|469000|469000|140700|0|0|0|0|30|328300|04018|8207|2
07-03-2025|07-03-2025|951195|"KASIH KARUNIA SEJATI PT.-951195"|376|"Mitra Malang HS"|"KNIT TOP"|MORPHIDAE|"LADIES CONTEMP"|MORPHIDAE|"LADIES CLASSIC"|KHAKI|M|52493579|133011110502|1|299000|299000|89700|0|0|0|0|30|209300|02013|3837|1
07-03-2025|07-03-2025|951195|"KASIH KARUNIA SEJATI PT.-951195"|376|"Mitra Malang HS"|"KNIT TOP"|MORPHIDAE|"LADIES CONTEMP"|MORPHIDAE|"LADIES CLASSIC"|KHAKI|S|52494023|402016052601|1|399000|399000|119700|0|0|0|0|30|279300|02013|3778|2
07-03-2025|07-03-2025|951195|"KASIH KARUNIA SEJATI PT.-951195"|376|"Mitra Malang HS"|"KNIT TOP"|MORPHIDAE|"LADIES CONTEMP"|MORPHIDAE|"LADIES CLASSIC"|WHITE|S|53533514|609330012801|1|569000|569000|170700|0|0|0|0|30|398300|02017|4099|2
07-03-2025|07-03-2025|951195|"KASIH KARUNIA SEJATI PT.-951195"|376|"Mitra Malang HS"|"KNIT TOP"|MORPHIDAE|"LADIES CONTEMP"|MORPHIDAE|"LADIES CLASSIC"|PINK|L|53533569|609330015603|1|569000|569000|170700|0|0|0|0|30|398300|02016|3855|2
07-03-2025|07-03-2025|951195|"KASIH KARUNIA SEJATI PT.-951195"|619|"Plasa HS Klaten"|"KNIT TOP"|MORPHIDAE|"LADIES CONTEMP"|MORPHIDAE|"YOUNG FASHION"|WHITE|M|18429042|216011092802|1|329000|329000|131600|0|0|0|0|40|197400|02009|7370|2
07-03-2025|07-03-2025|951195|"KASIH KARUNIA SEJATI PT.-951195"|804|"Matahari HS PWT"|"KNIT TOP"|MORPHIDAE|"LADIES CONTEMP"|MORPHIDAE|"YOUNG FASHION"|KHAKI|M|21839423|131016180502|1|429000|429000|128700|0|0|0|0|30|300300|01008|7146|1
07-03-2025|07-03-2025|951195|"KASIH KARUNIA SEJATI PT.-951195"|503|"Matahari HS Magelang"|"KNIT TOP"|MORPHIDAE|"LADIES CONTEMP"|MORPHIDAE|"YOUNG FASHION"|ORANGE|M|30106653|602452017002|1|429000|429000|179000|0|0|0|0|41.7|250000|02013|319|3
07-03-2025|07-03-2025|951195|"KASIH KARUNIA SEJATI PT.-951195"|388|"Suncity MAL Madiun"|"KNIT TOP"|MORPHIDAE|"LADIES CONTEMP"|MORPHIDAE|"YOUNG FASHION"|KHAKI|XL|78922431|609040012104|1|599000|599000|349000|0|0|0|0|58.3|250000|01009|3703|1
07-03-2025|07-03-2025|951195|"KASIH KARUNIA SEJATI PT.-951195"|619|"Plasa HS Klaten"|"KNIT TOP"|MORPHIDAE|"LADIES CONTEMP"|MORPHIDAE|"YOUNG FASHION"|KHAKI|S|88788194|301001012701|1|369000|369000|147600|0|0|0|0|40|221400|02009|7497|2
07-03-2025|07-03-2025|951195|"KASIH KARUNIA SEJATI PT.-951195"|503|"Matahari HS Magelang"|"KNIT TOP"|MORPHIDAE|"LADIES CONTEMP"|MORPHIDAE|"YOUNG FASHION"|KHAKI|"FREE SIZE"|81628486|810035012100|1|599000|599000|324000|0|0|0|0|54.1|275000|01007|184|1
07-03-2025|07-03-2025|951195|"KASIH KARUNIA SEJATI PT.-951195"|503|"Matahari HS Magelang"|"KNIT TOP"|MORPHIDAE|"LADIES CONTEMP"|MORPHIDAE|"YOUNG FASHION"|"NAVY BLUE"|S|52493122|277140019001|1|369000|369000|110700|0|0|0|0|30|258300|01029|351|5
07-03-2025|07-03-2025|951195|"KASIH KARUNIA SEJATI PT.-951195"|381|"Singosaren MAL Solo"|"KNIT TOP"|MORPHIDAE|"LADIES CONTEMP"|MORPHIDAE|"YOUNG FASHION"|GREY|M|21839496|602011081802|1|469000|469000|140700|0|0|0|0|30|328300|01026|9190|1
07-03-2025|07-03-2025|951195|"KASIH KARUNIA SEJATI PT.-951195"|381|"Singosaren MAL Solo"|"KNIT TOP"|MORPHIDAE|"LADIES CONTEMP"|MORPHIDAE|"YOUNG FASHION"|GREY|XL|21839405|602011081804|1|469000|469000|140700|0|0|0|0|30|328300|01026|9190|2
07-03-2025|07-03-2025|951195|"KASIH KARUNIA SEJATI PT.-951195"|376|"Mitra Malang HS"|"KNIT TOP"|MORPHIDAE|"LADIES CONTEMP"|MORPHIDAE|"YOUNG FASHION"|BLACK|XL|17632252|218011030104|1|249000|249000|99600|0|0|0|0|40|149400|02013|3737|1
07-03-2025|07-03-2025|951195|"KASIH KARUNIA SEJATI PT.-951195"|503|"Matahari HS Magelang"|"KNIT TOP"|MORPHIDAE|"LADIES CONTEMP"|MORPHIDAE|"YOUNG FASHION"|BROWN|S|15327845|216011051001|1|369000|369000|0|0|0|0|0|0|369000|01003|358|3
07-03-2025|07-03-2025|951195|"KASIH KARUNIA SEJATI PT.-951195"|376|"Mitra Malang HS"|"KNIT TOP"|MORPHIDAE|"LADIES CONTEMP"|MORPHIDAE|"LADIES CLASSIC"|BROWN|S|53533612|609016131001|1|499000|499000|149700|0|0|0|0|30|349300|02017|4099|3
07-03-2025|07-03-2025|951195|"KASIH KARUNIA SEJATI PT.-951195"|453|"Supermal Karawaci"|"T-SHIRT BASIC"|"USED JEANS"|"MEN YOUNG CASUAL"|"OTO ONO JEANS"|"MEN DENIM"|GREY|L|53508757|226039013902|2|329000|658000|131600|0|0|0|0|20|526400|02005|7821|2
07-03-2025|07-03-2025|951195|"KASIH KARUNIA SEJATI PT.-951195"|283|"Ayani Mega MAL PTK"|T-SHIRT|"EMBA CLASSIC"|"MEN CONTEMP CASUAL"|"EMBA CLASSIC"|"MEN CASUAL"|YELLOW|XL|15316633|867005011204|2|279000|558000|0|0|0|0|0|0|558000|02013|3596|1
07-03-2025|07-03-2025|951195|"KASIH KARUNIA SEJATI PT.-951195"|345|"Central PLZ MAL BDL"|T-SHIRT|"EMBA CLASSIC"|"MEN CONTEMP CASUAL"|"EMBA CLASSIC"|"MEN CASUAL"|GREY|38|16498570|164055011838|1|279000|279000|0|0|0|0|0|0|279000|02014|7265|3
07-03-2025|07-03-2025|951195|"KASIH KARUNIA SEJATI PT.-951195"|235|"Lippo Kendari MAL"|T-SHIRT|"EMBA CLASSIC"|"MEN CONTEMP CASUAL"|"EMBA CLASSIC"|"MEN CASUAL"|WHITE|L|16498525|871032022805|1|279000|279000|0|0|0|0|0|0|279000|81327|4789|3
07-03-2025|07-03-2025|951195|"KASIH KARUNIA SEJATI PT.-951195"|302|"Festive Walk MAL KWG"|T-SHIRT|"EMBA CLASSIC"|"MEN CONTEMP CASUAL"|"EMBA CLASSIC"|"MEN CASUAL"|KHAKI|38|16497900|162055010538|1|279000|279000|0|0|0|0|0|0|279000|02041|6019|1
07-03-2025|07-03-2025|951195|"KASIH KARUNIA SEJATI PT.-951195"|289|"Paragon City MAL SMG"|T-SHIRT|"EMBA CLASSIC"|"MEN CONTEMP CASUAL"|"EMBA CLASSIC"|"MEN CASUAL"|BLUE|L|16242685|879061014303|1|249000|249000|0|0|0|0|0|0|249000|02021|4686|1
07-03-2025|07-03-2025|951195|"KASIH KARUNIA SEJATI PT.-951195"|289|"Paragon City MAL SMG"|T-SHIRT|"EMBA CLASSIC"|"MEN CONTEMP CASUAL"|"EMBA CLASSIC"|"MEN CASUAL"|BLUE|L|16242685|879061014303|4|249000|996000|0|0|0|0|0|0|996000|02021|4642|1
07-03-2025|07-03-2025|951195|"KASIH KARUNIA SEJATI PT.-951195"|261|"Plaza Medan Fair TC"|T-SHIRT|"EMBA CLASSIC"|"MEN CONTEMP CASUAL"|"EMBA CLASSIC"|"MEN CASUAL"|KHAKI|L|16242550|871032020503|1|279000|279000|0|0|0|0|0|0|279000|01046|4413|5
07-03-2025|07-03-2025|951195|"KASIH KARUNIA SEJATI PT.-951195"|312|"Lippo PLZ MAL Jambi"|T-SHIRT|"EMBA CLASSIC"|"MEN CONTEMP CASUAL"|"EMBA CLASSIC"|"MEN CASUAL"|KHAKI|L|16242550|871032020503|1|279000|279000|0|0|0|0|0|0|279000|01011|5611|2
07-03-2025|07-03-2025|951195|"KASIH KARUNIA SEJATI PT.-951195"|376|"Mitra Malang HS"|T-SHIRT|"EMBA CLASSIC"|"MEN CONTEMP CASUAL"|"EMBA CLASSIC"|"MEN CASUAL"|KHAKI|L|16242550|871032020503|1|279000|279000|0|0|0|0|0|0|279000|03023|3572|1
07-03-2025|07-03-2025|951195|"KASIH KARUNIA SEJATI PT.-951195"|412|"CITIMALL BONTANG"|T-SHIRT|"EMBA CLASSIC"|"MEN CONTEMP CASUAL"|"EMBA CLASSIC"|"MEN CASUAL"|KHAKI|L|16242550|871032020503|1|279000|279000|0|0|0|0|0|0|279000|01008|6775|1
07-03-2025|07-03-2025|951195|"KASIH KARUNIA SEJATI PT.-951195"|445|"PTC MAL TC PLG"|T-SHIRT|"EMBA CLASSIC"|"MEN CONTEMP CASUAL"|"EMBA CLASSIC"|"MEN CASUAL"|KHAKI|L|16242550|871032020503|1|279000|279000|30000|0|0|0|0|10.8|249000|02035|3584|1
07-03-2025|07-03-2025|951195|"KASIH KARUNIA SEJATI PT.-951195"|473|"Gress MAL Gresik"|T-SHIRT|"EMBA CLASSIC"|"MEN CONTEMP CASUAL"|"EMBA CLASSIC"|"MEN CASUAL"|KHAKI|L|16242550|871032020503|1|279000|279000|0|0|0|0|0|0|279000|02025|7553|1
07-03-2025|07-03-2025|951195|"KASIH KARUNIA SEJATI PT.-951195"|503|"Matahari HS Magelang"|T-SHIRT|"EMBA CLASSIC"|"MEN CONTEMP CASUAL"|"EMBA CLASSIC"|"MEN CASUAL"|KHAKI|L|16242550|871032020503|1|279000|279000|0|0|0|0|0|0|279000|02014|137|1
07-03-2025|07-03-2025|951195|"KASIH KARUNIA SEJATI PT.-951195"|507|"Int. Plaza TC PLG"|T-SHIRT|"EMBA CLASSIC"|"MEN CONTEMP CASUAL"|"EMBA CLASSIC"|"MEN CASUAL"|KHAKI|L|16242550|871032020503|1|279000|279000|0|0|0|0|0|0|279000|03025|1113|2
07-03-2025|07-03-2025|951195|"KASIH KARUNIA SEJATI PT.-951195"|511|"Arion MAL Jakarta"|T-SHIRT|"EMBA CLASSIC"|"MEN CONTEMP CASUAL"|"EMBA CLASSIC"|"MEN CASUAL"|KHAKI|L|16242550|871032020503|1|279000|279000|0|0|0|0|0|0|279000|02041|1009|1
07-03-2025|07-03-2025|951195|"KASIH KARUNIA SEJATI PT.-951195"|804|"Matahari HS PWT"|T-SHIRT|"EMBA CLASSIC"|"MEN CONTEMP CASUAL"|"EMBA CLASSIC"|"MEN CASUAL"|KHAKI|L|16242550|871032020503|1|279000|279000|0|0|0|0|0|0|279000|01002|7232|1
07-03-2025|07-03-2025|951195|"KASIH KARUNIA SEJATI PT.-951195"|374|"Taman Anggrek JKT"|T-SHIRT|"EMBA CLASSIC"|"MEN CONTEMP CASUAL"|"EMBA CLASSIC"|"MEN CASUAL"|KHAKI|L|16242550|871032020503|1|279000|279000|0|0|0|0|0|0|279000|02038|3234|1
07-03-2025|07-03-2025|951195|"KASIH KARUNIA SEJATI PT.-951195"|567|"Delta PLZ MAL SBY"|T-SHIRT|"EMBA CLASSIC"|"MEN CONTEMP CASUAL"|"EMBA CLASSIC"|"MEN CASUAL"|WHITE|L|15316848|868003012803|1|249000|249000|0|0|0|0|0|0|249000|03029|2555|1
07-03-2025|07-03-2025|951195|"KASIH KARUNIA SEJATI PT.-951195"|407|"Discovery Mall Bali"|T-SHIRT|"EMBA CLASSIC"|"MEN CONTEMP CASUAL"|"EMBA CLASSIC"|"MEN CASUAL"|BLACK|XL|81631310|610004640104|1|159000|159000|0|0|0|0|0|0|159000|71010|6670|1
07-03-2025|07-03-2025|951195|"KASIH KARUNIA SEJATI PT.-951195"|399|"Icon MAL Gresik"|T-SHIRT|"EMBA CLASSIC"|"MEN CONTEMP CASUAL"|"EMBA CLASSIC"|"MEN CASUAL"|WHITE|L|81630802|871703012803|1|399000|399000|0|199500|0|0|0|50|199500|80501|2175|1
07-03-2025|07-03-2025|951195|"KASIH KARUNIA SEJATI PT.-951195"|399|"Icon MAL Gresik"|T-SHIRT|"EMBA CLASSIC"|"MEN CONTEMP CASUAL"|"EMBA CLASSIC"|"MEN CASUAL"|WHITE|L|81630802|871703012803|1|399000|399000|0|199500|0|0|0|50|199500|80501|2160|2
07-03-2025|07-03-2025|951195|"KASIH KARUNIA SEJATI PT.-951195"|375|"Ekalokasari MAL BGR"|T-SHIRT|"EMBA CLASSIC"|"MEN CONTEMP CASUAL"|"EMBA CLASSIC"|"MEN CASUAL"|OLIVE|L|78919598|611004051703|1|329000|329000|0|164500|0|0|0|50|164500|80202|434|2
07-03-2025|07-03-2025|951195|"KASIH KARUNIA SEJATI PT.-951195"|309|"Binjai Supermall TC"|T-SHIRT|"EMBA CLASSIC"|"MEN CONTEMP CASUAL"|"EMBA CLASSIC"|"MEN CASUAL"|WHITE|XXL|78193998|864033012805|1|229000|229000|0|0|0|0|0|0|229000|01007|5486|1
07-03-2025|07-03-2025|951195|"KASIH KARUNIA SEJATI PT.-951195"|677|"Grage MAL Cirebon"|T-SHIRT|"EMBA CLASSIC"|"MEN CONTEMP CASUAL"|"EMBA CLASSIC"|"MEN CASUAL"|KHAKI|32|75751354|164006012732|1|229000|229000|0|0|0|0|0|0|229000|80303|3956|3
07-03-2025|07-03-2025|951195|"KASIH KARUNIA SEJATI PT.-951195"|595|"BIP MAL Bandung"|T-SHIRT|"EMBA CLASSIC"|"MEN CONTEMP CASUAL"|"EMBA CLASSIC"|"MEN CASUAL"|KHAKI|27|75750168|164006014627|1|249000|249000|0|0|0|0|0|0|249000|91703|1700|1
07-03-2025|07-03-2025|951195|"KASIH KARUNIA SEJATI PT.-951195"|336|"Balikpapan Baru TC"|T-SHIRT|"EMBA CLASSIC"|"MEN CONTEMP CASUAL"|"EMBA CLASSIC"|"MEN CASUAL"|GREY|XL|73875635|109042023104|1|369000|369000|0|0|0|0|0|0|369000|02007|3701|3
07-03-2025|07-03-2025|951195|"KASIH KARUNIA SEJATI PT.-951195"|284|"Q MAL Banjarbaru"|T-SHIRT|"EMBA CLASSIC"|"MEN CONTEMP CASUAL"|"EMBA CLASSIC"|"MEN CASUAL"|KHAKI|L|73874903|157042010503|1|199000|199000|0|0|0|0|0|0|199000|80102|9459|2
07-03-2025|07-03-2025|951195|"KASIH KARUNIA SEJATI PT.-951195"|415|"Plaza MAL Madiun"|T-SHIRT|"EMBA CLASSIC"|"MEN CONTEMP CASUAL"|"EMBA CLASSIC"|"MEN CASUAL"|KHAKI|L|73874903|157042010503|1|199000|199000|0|0|0|0|0|0|199000|80201|4435|1
07-03-2025|07-03-2025|951195|"KASIH KARUNIA SEJATI PT.-951195"|362|"Tanjungpinang MAL"|T-SHIRT|"EMBA CLASSIC"|"MEN CONTEMP CASUAL"|"EMBA CLASSIC"|"MEN CASUAL"|KHAKI|XXL|73873566|157024010505|1|269000|269000|0|0|0|0|0|0|269000|02022|7071|3
07-03-2025|07-03-2025|951195|"KASIH KARUNIA SEJATI PT.-951195"|637|"Blok M Plaza MAL JKT"|T-SHIRT|"EMBA CLASSIC"|"MEN CONTEMP CASUAL"|"EMBA CLASSIC"|"MEN CASUAL"|"NAVY BLUE"|36|73873333|117019065436|1|229000|229000|0|0|0|0|0|0|229000|04025|6247|2
07-03-2025|07-03-2025|951195|"KASIH KARUNIA SEJATI PT.-951195"|263|"Mega Mall TC Manado"|T-SHIRT|"EMBA CLASSIC"|"MEN CONTEMP CASUAL"|"EMBA CLASSIC"|"MEN CASUAL"|BLACK|L|73872076|865001010103|1|279000|279000|0|0|0|0|0|0|279000|02013|3203|3
07-03-2025|07-03-2025|951195|"KASIH KARUNIA SEJATI PT.-951195"|264|"Palu Grand MAL"|T-SHIRT|"EMBA CLASSIC"|"MEN CONTEMP CASUAL"|"EMBA CLASSIC"|"MEN CASUAL"|BLACK|L|73872076|865001010103|1|279000|279000|0|0|0|0|0|0|279000|02013|4374|1
07-03-2025|07-03-2025|951195|"KASIH KARUNIA SEJATI PT.-951195"|317|"Citimall Dumai"|T-SHIRT|"EMBA CLASSIC"|"MEN CONTEMP CASUAL"|"EMBA CLASSIC"|"MEN CASUAL"|BLACK|L|73872076|865001010103|1|279000|279000|0|0|0|0|0|0|279000|01016|5589|1
07-03-2025|07-03-2025|951195|"KASIH KARUNIA SEJATI PT.-951195"|567|"Delta PLZ MAL SBY"|T-SHIRT|"EMBA CLASSIC"|"MEN CONTEMP CASUAL"|"EMBA CLASSIC"|"MEN CASUAL"|BLACK|L|73872076|865001010103|1|279000|279000|0|0|0|0|0|0|279000|03029|2555|2
07-03-2025|07-03-2025|951195|"KASIH KARUNIA SEJATI PT.-951195"|413|"Kediri Town Sq MAL"|T-SHIRT|"EMBA CLASSIC"|"MEN CONTEMP CASUAL"|"EMBA CLASSIC"|"MEN CASUAL"|BROWN|XXL|73869786|109044011005|1|639000|639000|0|319500|0|0|0|50|319500|91304|6176|2
07-03-2025|07-03-2025|951195|"KASIH KARUNIA SEJATI PT.-951195"|255|"Malang Town Sq TC"|T-SHIRT|"EMBA CLASSIC"|"MEN CONTEMP CASUAL"|"EMBA CLASSIC"|"MEN CASUAL"|BROWN|XXL|73869786|109044011005|1|639000|639000|0|319500|0|0|0|50|319500|80361|2180|1
07-03-2025|07-03-2025|951195|"KASIH KARUNIA SEJATI PT.-951195"|563|"Plaza Malioboro"|T-SHIRT|"EMBA CLASSIC"|"MEN CONTEMP CASUAL"|"EMBA CLASSIC"|"MEN CASUAL"|"NAVY BLUE"|34|73869731|117024025434|1|369000|369000|30000|0|0|0|0|8.1|339000|02016|8745|1
07-03-2025|07-03-2025|951195|"KASIH KARUNIA SEJATI PT.-951195"|283|"Ayani Mega MAL PTK"|T-SHIRT|"EMBA CLASSIC"|"MEN CONTEMP CASUAL"|"EMBA CLASSIC"|"MEN CASUAL"|GREY|L|73510331|611002013503|1|229000|229000|30000|0|0|0|0|13.1|199000|02012|3842|1
07-03-2025|07-03-2025|951195|"KASIH KARUNIA SEJATI PT.-951195"|302|"Festive Walk MAL KWG"|T-SHIRT|"EMBA CLASSIC"|"MEN CONTEMP CASUAL"|"EMBA CLASSIC"|"MEN CASUAL"|GREEN|L|70031579|611009011603|1|229000|229000|30000|0|0|0|0|13.1|199000|02020|5819|1
07-03-2025|07-03-2025|951195|"KASIH KARUNIA SEJATI PT.-951195"|453|"Supermal Karawaci"|T-SHIRT|"EMBA CLASSIC"|"MEN CONTEMP CASUAL"|"EMBA CLASSIC"|"MEN CASUAL"|KHAKI|L|67280744|871033020503|1|249000|249000|0|0|0|0|0|0|249000|02019|7771|5
07-03-2025|07-03-2025|951195|"KASIH KARUNIA SEJATI PT.-951195"|311|"Duta MAL BJM"|T-SHIRT|"EMBA CLASSIC"|"MEN CONTEMP CASUAL"|"EMBA CLASSIC"|"MEN CASUAL"|BLACK|L|65595337|620005140103|1|189000|189000|0|0|0|0|0|0|189000|01006|6844|2
07-03-2025|07-03-2025|951195|"KASIH KARUNIA SEJATI PT.-951195"|283|"Ayani Mega MAL PTK"|T-SHIRT|"EMBA CLASSIC"|"MEN CONTEMP CASUAL"|"EMBA CLASSIC"|"MEN CASUAL"|BROWN|33|51640992|162064011033|1|249000|249000|0|0|0|0|0|0|249000|02013|4090|2
07-03-2025|07-03-2025|951195|"KASIH KARUNIA SEJATI PT.-951195"|447|"Cilegon Center TC"|T-SHIRT|"EMBA CLASSIC"|"MEN CONTEMP CASUAL"|"EMBA CLASSIC"|"MEN CASUAL"|GREY|27|51640590|152010033127|1|249000|249000|0|0|0|0|0|0|249000|02027|5913|1
07-03-2025|07-03-2025|951195|"KASIH KARUNIA SEJATI PT.-951195"|368|"Armada Sq MAL MGG"|T-SHIRT|"EMBA CLASSIC"|"MEN CONTEMP CASUAL"|"EMBA CLASSIC"|"MEN CASUAL"|BLACK|31|51640376|164010030131|1|299000|299000|0|0|0|0|0|0|299000|01004|9848|1
07-03-2025|07-03-2025|951195|"KASIH KARUNIA SEJATI PT.-951195"|453|"Supermal Karawaci"|T-SHIRT|"EMBA CLASSIC"|"MEN CONTEMP CASUAL"|"EMBA CLASSIC"|"MEN CASUAL"|BLACK|31|51640376|164010030131|1|299000|299000|0|0|0|0|0|0|299000|03027|7321|1
07-03-2025|07-03-2025|951195|"KASIH KARUNIA SEJATI PT.-951195"|374|"Taman Anggrek JKT"|T-SHIRT|"EMBA CLASSIC"|"MEN CONTEMP CASUAL"|"EMBA CLASSIC"|"MEN CASUAL"|BROWN|31|51640269|152010013031|1|249000|249000|0|0|0|0|0|0|249000|02032|3338|2
07-03-2025|07-03-2025|951195|"KASIH KARUNIA SEJATI PT.-951195"|220|"MAL Kediri KDR"|T-SHIRT|"EMBA CLASSIC"|"MEN CONTEMP CASUAL"|"EMBA CLASSIC"|"MEN CASUAL"|GREY|XXL|51639986|864001023105|1|249000|249000|0|0|0|0|0|0|249000|01010|1698|2
07-03-2025|07-03-2025|951195|"KASIH KARUNIA SEJATI PT.-951195"|413|"Kediri Town Sq MAL"|T-SHIRT|"EMBA CLASSIC"|"MEN CONTEMP CASUAL"|"EMBA CLASSIC"|"MEN CASUAL"|OLIVE|L|51638987|871022013703|1|229000|229000|0|0|0|0|0|0|229000|01023|8187|5
07-03-2025|07-03-2025|951195|"KASIH KARUNIA SEJATI PT.-951195"|381|"Singosaren MAL Solo"|T-SHIRT|"EMBA CLASSIC"|"MEN CONTEMP CASUAL"|"EMBA CLASSIC"|"MEN CASUAL"|BROWN|38|51638638|152010013038|1|249000|249000|0|0|0|0|0|0|249000|01007|9440|1
07-03-2025|07-03-2025|951195|"KASIH KARUNIA SEJATI PT.-951195"|261|"Plaza Medan Fair TC"|T-SHIRT|"EMBA CLASSIC"|"MEN CONTEMP CASUAL"|"EMBA CLASSIC"|"MEN CASUAL"|BROWN|L|51638370|871022011003|1|229000|229000|0|0|0|0|0|0|229000|01003|4258|1
07-03-2025|07-03-2025|951195|"KASIH KARUNIA SEJATI PT.-951195"|282|"Pakuwon Mall Jogja"|T-SHIRT|"EMBA CLASSIC"|"MEN CONTEMP CASUAL"|"EMBA CLASSIC"|"MEN CASUAL"|BLACK|28|51638030|117519010128|1|319000|319000|30000|0|0|0|0|9.4|289000|01032|3959|1
07-03-2025|07-03-2025|951195|"KASIH KARUNIA SEJATI PT.-951195"|655|"Millennium Mall JKT"|T-SHIRT|"EMBA CLASSIC"|"MEN CONTEMP CASUAL"|"EMBA CLASSIC"|"MEN CASUAL"|BROWN|38|51637791|119010013038|1|319000|319000|0|0|0|0|0|0|319000|03018|3282|1
07-03-2025|07-03-2025|951195|"KASIH KARUNIA SEJATI PT.-951195"|619|"Plasa HS Klaten"|T-SHIRT|"EMBA CLASSIC"|"MEN CONTEMP CASUAL"|"EMBA CLASSIC"|"MEN CASUAL"|BLACK|XL|51637782|870032030104|1|229000|229000|0|0|0|0|0|0|229000|02007|7626|3
07-03-2025|07-03-2025|951195|"KASIH KARUNIA SEJATI PT.-951195"|223|"Batu Town Sq MAL MLG"|T-SHIRT|"EMBA CLASSIC"|"MEN CONTEMP CASUAL"|"EMBA CLASSIC"|"MEN CASUAL"|WHITE|M|50350128|870032032802|1|229000|229000|0|0|0|0|0|0|229000|01004|5496|2
07-03-2025|07-03-2025|951195|"KASIH KARUNIA SEJATI PT.-951195"|264|"Palu Grand MAL"|T-SHIRT|"EMBA CLASSIC"|"MEN CONTEMP CASUAL"|"EMBA CLASSIC"|"MEN CASUAL"|WHITE|M|50350128|870032032802|1|229000|229000|0|0|0|0|0|0|229000|02013|4150|1
07-03-2025|07-03-2025|951195|"KASIH KARUNIA SEJATI PT.-951195"|336|"Balikpapan Baru TC"|T-SHIRT|"EMBA CLASSIC"|"MEN CONTEMP CASUAL"|"EMBA CLASSIC"|"MEN CASUAL"|WHITE|M|50350128|870032032802|1|229000|229000|0|0|0|0|0|0|229000|80301|3791|5
07-03-2025|07-03-2025|951195|"KASIH KARUNIA SEJATI PT.-951195"|539|"Solo Grand MAL"|T-SHIRT|"EMBA CLASSIC"|"MEN CONTEMP CASUAL"|"EMBA CLASSIC"|"MEN CASUAL"|WHITE|M|50350128|870032032802|2|229000|458000|0|0|0|0|0|0|458000|01005|4104|5
07-03-2025|07-03-2025|951195|"KASIH KARUNIA SEJATI PT.-951195"|697|"Plaza Pekalongan MAL"|T-SHIRT|"EMBA CLASSIC"|"MEN CONTEMP CASUAL"|"EMBA CLASSIC"|"MEN CASUAL"|WHITE|M|50350128|870032032802|1|229000|229000|0|0|0|0|0|0|229000|01006|9509|5
07-03-2025|07-03-2025|951195|"KASIH KARUNIA SEJATI PT.-951195"|453|"Supermal Karawaci"|T-SHIRT|"EMBA CLASSIC"|"MEN CONTEMP CASUAL"|"EMBA CLASSIC"|"MEN CASUAL"|WHITE|L|50350048|870032032803|1|229000|229000|0|0|0|0|0|0|229000|02004|6987|1
07-03-2025|07-03-2025|951195|"KASIH KARUNIA SEJATI PT.-951195"|374|"Taman Anggrek JKT"|T-SHIRT|"EMBA CLASSIC"|"MEN CONTEMP CASUAL"|"EMBA CLASSIC"|"MEN CASUAL"|WHITE|L|50350048|870032032803|1|229000|229000|0|0|0|0|0|0|229000|02026|3205|1
07-03-2025|07-03-2025|951195|"KASIH KARUNIA SEJATI PT.-951195"|255|"Malang Town Sq TC"|T-SHIRT|"EMBA CLASSIC"|"MEN CONTEMP CASUAL"|"EMBA CLASSIC"|"MEN CASUAL"|WHITE|L|50350048|870032032803|1|229000|229000|0|0|0|0|0|0|229000|02020|8994|1
07-03-2025|07-03-2025|951195|"KASIH KARUNIA SEJATI PT.-951195"|221|"Panakkukang MAL MKS"|T-SHIRT|"EMBA CLASSIC"|"MEN CONTEMP CASUAL"|"EMBA CLASSIC"|"MEN CASUAL"|CREAM|33|50349872|119514012733|1|319000|319000|0|0|0|0|0|0|319000|02048|31|1
07-03-2025|07-03-2025|951195|"KASIH KARUNIA SEJATI PT.-951195"|276|"Bondowoso MAL"|T-SHIRT|"EMBA CLASSIC"|"MEN CONTEMP CASUAL"|"EMBA CLASSIC"|"MEN CASUAL"|KHAKI|30|45673889|164056012730|1|319000|319000|30000|0|0|0|0|9.4|289000|01006|5092|1
07-03-2025|07-03-2025|951195|"KASIH KARUNIA SEJATI PT.-951195"|553|"Thamrin PLZ MAL MDN"|T-SHIRT|"EMBA CLASSIC"|"MEN CONTEMP CASUAL"|"EMBA CLASSIC"|"MEN CASUAL"|OLIVE|38|45673816|164056011738|1|319000|319000|30000|0|0|0|0|9.4|289000|04010|8300|2
07-03-2025|07-03-2025|951195|"KASIH KARUNIA SEJATI PT.-951195"|309|"Binjai Supermall TC"|T-SHIRT|"EMBA CLASSIC"|"MEN CONTEMP CASUAL"|"EMBA CLASSIC"|"MEN CASUAL"|BLACK|L|38163407|865059010103|1|279000|279000|0|0|0|0|0|0|279000|02015|5554|1
07-03-2025|07-03-2025|951195|"KASIH KARUNIA SEJATI PT.-951195"|392|"Pacific MAL Tegal"|T-SHIRT|"EMBA CLASSIC"|"MEN CONTEMP CASUAL"|"EMBA CLASSIC"|"MEN CASUAL"|BLACK|L|38163407|865059010103|1|279000|279000|0|0|0|0|0|0|279000|01005|3009|1
07-03-2025|07-03-2025|951195|"KASIH KARUNIA SEJATI PT.-951195"|413|"Kediri Town Sq MAL"|T-SHIRT|"EMBA CLASSIC"|"MEN CONTEMP CASUAL"|"EMBA CLASSIC"|"MEN CASUAL"|BLACK|L|33757525|611009010103|1|229000|229000|0|30000|0|0|0|13.1|199000|91302|5739|2
07-03-2025|07-03-2025|951195|"KASIH KARUNIA SEJATI PT.-951195"|339|"Artha Gading MAL JKT"|T-SHIRT|"EMBA CLASSIC"|"MEN CONTEMP CASUAL"|"EMBA CLASSIC"|"MEN CASUAL"|GREY|31|30631200|117018021831|1|229000|229000|0|0|0|0|0|0|229000|80253|2477|4
07-03-2025|07-03-2025|951195|"KASIH KARUNIA SEJATI PT.-951195"|371|"Pondok Gede TC BKS"|T-SHIRT|"EMBA CLASSIC"|"MEN CONTEMP CASUAL"|"EMBA CLASSIC"|"MEN CASUAL"|BROWN|30|30253208|164005012130|1|229000|229000|0|0|0|0|0|0|229000|02010|7019|1
07-03-2025|07-03-2025|951195|"KASIH KARUNIA SEJATI PT.-951195"|536|"Kudus BZR"|T-SHIRT|"EMBA CLASSIC"|"MEN CONTEMP CASUAL"|"EMBA CLASSIC"|"MEN CASUAL"|GREEN|33|30252432|164005010933|1|229000|229000|0|0|0|0|0|0|229000|80118|9726|1
07-03-2025|07-03-2025|951195|"KASIH KARUNIA SEJATI PT.-951195"|381|"Singosaren MAL Solo"|T-SHIRT|"EMBA CLASSIC"|"MEN CONTEMP CASUAL"|"EMBA CLASSIC"|"MEN CASUAL"|GREEN|33|30249777|164013010933|1|229000|229000|0|0|0|0|0|0|229000|01018|9482|1
07-03-2025|07-03-2025|951195|"KASIH KARUNIA SEJATI PT.-951195"|381|"Singosaren MAL Solo"|T-SHIRT|"EMBA CLASSIC"|"MEN CONTEMP CASUAL"|"EMBA CLASSIC"|"MEN CASUAL"|RED|XL|25465212|865808012304|1|489000|489000|146700|0|0|0|0|30|342300|01010|9305|1
07-03-2025|07-03-2025|951195|"KASIH KARUNIA SEJATI PT.-951195"|337|"Basko Grand MAL PAD"|T-SHIRT|"EMBA CLASSIC"|"MEN CONTEMP CASUAL"|"EMBA CLASSIC"|"MEN CASUAL"|WHITE|28|21823663|119037012828|1|319000|319000|0|0|0|0|0|0|319000|02014|272|3
07-03-2025|06-03-2025|951195|"KASIH KARUNIA SEJATI PT.-951195"|369|"Plaza Aceh MAL BNA"|T-SHIRT|"EMBA CLASSIC"|"MEN CONTEMP CASUAL"|"EMBA CLASSIC"|"MEN CASUAL"|GREEN|M|21821487|868886011602|1|249000|249000|0|0|0|0|0|0|249000|01009|6866|6
07-03-2025|07-03-2025|951195|"KASIH KARUNIA SEJATI PT.-951195"|255|"Malang Town Sq TC"|T-SHIRT|"EMBA CLASSIC"|"MEN CONTEMP CASUAL"|"EMBA CLASSIC"|"MEN CASUAL"|BLUE|XL|19416107|868876014304|1|249000|249000|0|0|0|0|0|0|249000|02014|9444|1
07-03-2025|07-03-2025|951195|"KASIH KARUNIA SEJATI PT.-951195"|697|"Plaza Pekalongan MAL"|T-SHIRT|"EMBA CLASSIC"|"MEN CONTEMP CASUAL"|"EMBA CLASSIC"|"MEN CASUAL"|OLIVE|M|18691848|868848010602|1|249000|249000|0|0|0|0|0|0|249000|01019|9624|1
07-03-2025|07-03-2025|951195|"KASIH KARUNIA SEJATI PT.-951195"|473|"Gress MAL Gresik"|T-SHIRT|"EMBA CLASSIC"|"MEN CONTEMP CASUAL"|"EMBA CLASSIC"|"MEN CASUAL"|"NAVY BLUE"|M|17611015|867002012202|1|279000|279000|0|0|0|0|0|0|279000|02021|7914|5
07-03-2025|07-03-2025|951195|"KASIH KARUNIA SEJATI PT.-951195"|473|"Gress MAL Gresik"|T-SHIRT|"EMBA CLASSIC"|"MEN CONTEMP CASUAL"|"EMBA CLASSIC"|"MEN CASUAL"|BLACK|M|17610212|867002010102|1|279000|279000|0|0|0|0|0|0|279000|02025|7845|1
07-03-2025|07-03-2025|951195|"KASIH KARUNIA SEJATI PT.-951195"|536|"Kudus BZR"|T-SHIRT|"EMBA CLASSIC"|"MEN CONTEMP CASUAL"|"EMBA CLASSIC"|"MEN CASUAL"|BLACK|M|17610212|867002010102|1|279000|279000|0|0|0|0|0|0|279000|01006|664|2
07-03-2025|07-03-2025|951195|"KASIH KARUNIA SEJATI PT.-951195"|314|"Epicentrum MAL MTR"|T-SHIRT|"EMBA CLASSIC"|"MEN CONTEMP CASUAL"|"EMBA CLASSIC"|"MEN CASUAL"|BLACK|M|17610212|867002010102|1|279000|279000|0|0|0|0|0|0|279000|02058|2625|1
07-03-2025|07-03-2025|951195|"KASIH KARUNIA SEJATI PT.-951195"|326|"Lippo PLZ MAL Jember"|T-SHIRT|"EMBA CLASSIC"|"MEN CONTEMP CASUAL"|"EMBA CLASSIC"|"MEN CASUAL"|WHITE|L|17337349|870781012803|2|249000|498000|0|0|0|0|0|0|498000|03034|651|1
07-03-2025|07-03-2025|951195|"KASIH KARUNIA SEJATI PT.-951195"|223|"Batu Town Sq MAL MLG"|T-SHIRT|"EMBA CLASSIC"|"MEN CONTEMP CASUAL"|"EMBA CLASSIC"|"MEN CASUAL"|KHAKI|L|16499908|871032020502|1|279000|279000|0|0|0|0|0|0|279000|01003|5650|7
07-03-2025|07-03-2025|951195|"KASIH KARUNIA SEJATI PT.-951195"|223|"Batu Town Sq MAL MLG"|T-SHIRT|"EMBA CLASSIC"|"MEN CONTEMP CASUAL"|"EMBA CLASSIC"|"MEN CASUAL"|KHAKI|L|16499908|871032020502|4|279000|1116000|0|0|0|0|0|0|1116000|01004|5496|1
07-03-2025|07-03-2025|951195|"KASIH KARUNIA SEJATI PT.-951195"|387|"Manhattan MAL Medan"|T-SHIRT|"EMBA CLASSIC"|"MEN CONTEMP CASUAL"|"EMBA CLASSIC"|"MEN CASUAL"|KHAKI|L|16499908|871032020502|1|279000|279000|0|0|0|0|0|0|279000|03014|1371|1
07-03-2025|07-03-2025|951195|"KASIH KARUNIA SEJATI PT.-951195"|507|"Int. Plaza TC PLG"|T-SHIRT|"EMBA CLASSIC"|"MEN CONTEMP CASUAL"|"EMBA CLASSIC"|"MEN CASUAL"|KHAKI|L|16499908|871032020502|2|279000|558000|0|0|0|0|0|0|558000|03025|1113|1
07-03-2025|07-03-2025|951195|"KASIH KARUNIA SEJATI PT.-951195"|309|"Binjai Supermall TC"|T-SHIRT|"EMBA CLASSIC"|"MEN CONTEMP CASUAL"|"EMBA CLASSIC"|"MEN CASUAL"|GREY|34|16499828|164055014434|1|279000|279000|0|0|0|0|0|0|279000|02010|5580|1
07-03-2025|07-03-2025|951195|"KASIH KARUNIA SEJATI PT.-951195"|376|"Mitra Malang HS"|T-SHIRT|"EMBA CLASSIC"|"MEN CONTEMP CASUAL"|"EMBA CLASSIC"|"MEN CASUAL"|BROWN|L|16499462|871032021002|2|279000|558000|0|0|0|0|0|0|558000|04050|4037|4
07-03-2025|07-03-2025|951195|"KASIH KARUNIA SEJATI PT.-951195"|677|"Grage MAL Cirebon"|T-SHIRT|"EMBA CLASSIC"|"MEN CONTEMP CASUAL"|"EMBA CLASSIC"|"MEN CASUAL"|BROWN|L|16499462|871032021002|1|279000|279000|0|0|0|0|0|0|279000|02011|9366|5
07-03-2025|07-03-2025|951195|"KASIH KARUNIA SEJATI PT.-951195"|697|"Plaza Pekalongan MAL"|T-SHIRT|"EMBA CLASSIC"|"MEN CONTEMP CASUAL"|"EMBA CLASSIC"|"MEN CASUAL"|BROWN|L|16499462|871032021002|1|279000|279000|0|0|0|0|0|0|279000|01005|9941|1
07-03-2025|07-03-2025|951195|"KASIH KARUNIA SEJATI PT.-951195"|473|"Gress MAL Gresik"|T-SHIRT|"EMBA CLASSIC"|"MEN CONTEMP CASUAL"|"EMBA CLASSIC"|"MEN CASUAL"|KHAKI|L|16498758|871032020504|1|279000|279000|0|0|0|0|0|0|279000|02023|7766|2
07-03-2025|07-03-2025|951195|"KASIH KARUNIA SEJATI PT.-951195"|697|"Plaza Pekalongan MAL"|T-SHIRT|"EMBA CLASSIC"|"MEN CONTEMP CASUAL"|"EMBA CLASSIC"|"MEN CASUAL"|KHAKI|L|16498758|871032020504|1|279000|279000|0|0|0|0|0|0|279000|01019|9827|1
07-03-2025|07-03-2025|951195|"KASIH KARUNIA SEJATI PT.-951195"|388|"Suncity MAL Madiun"|"KNIT TOP"|MORPHIDAE|"LADIES CONTEMP"|MORPHIDAE|"YOUNG FASHION"|KHAKI|S|18429195|602016112101|1|569000|569000|227600|0|0|0|0|40|341400|01003|3645|1
07-03-2025|07-03-2025|951195|"KASIH KARUNIA SEJATI PT.-951195"|523|"Tunjungan MAL SBY"|"KNIT TOP"|MORPHIDAE|"LADIES CONTEMP"|MORPHIDAE|"YOUNG FASHION"|OLIVE|M|14326213|609016031702|1|529000|529000|211600|0|0|0|0|40|317400|02023|671|2
07-03-2025|07-03-2025|951195|"KASIH KARUNIA SEJATI PT.-951195"|376|"Mitra Malang HS"|"KNIT TOP"|MORPHIDAE|"LADIES CONTEMP"|MORPHIDAE|"LADIES CLASSIC"|PINK|XL|53533265|609330015604|1|569000|569000|170700|0|0|0|0|30|398300|02016|3855|1
07-03-2025|07-03-2025|951195|"KASIH KARUNIA SEJATI PT.-951195"|375|"Ekalokasari MAL BGR"|"T-SHIRT BASIC"|"USED JEANS"|"MEN YOUNG CASUAL"|"USED JEANS"|"MEN CASUAL"|WHITE|M|16512795|204251010102|1|469000|469000|140700|0|0|0|0|30|328300|02073|772|1
07-03-2025|07-03-2025|951195|"KASIH KARUNIA SEJATI PT.-951195"|523|"Tunjungan MAL SBY"|"T-SHIRT BASIC"|"USED JEANS"|"MEN YOUNG CASUAL"|"USED JEANS"|"MEN DENIM"|BLACK|L|81676817|201007010203|1|399000|399000|199500|0|0|0|0|50|199500|04105|9927|1
07-03-2025|07-03-2025|951195|"KASIH KARUNIA SEJATI PT.-951195"|327|"Citimall Sampit"|"T-SHIRT BASIC"|"USED JEANS"|"MEN YOUNG CASUAL"|"USED JEANS"|"MEN DENIM"|GREY|L|81676737|203007023903|1|469000|469000|234500|0|0|0|0|50|234500|01001|8048|2
07-03-2025|07-03-2025|951195|"KASIH KARUNIA SEJATI PT.-951195"|329|"Lippo PLZ MAL Kupang"|"T-SHIRT BASIC"|"USED JEANS"|"MEN YOUNG CASUAL"|"USED JEANS"|"MEN DENIM"|ORANGE|L|79973572|101100184103|1|279000|279000|139500|0|0|0|0|50|139500|72017|1583|1
07-03-2025|07-03-2025|951195|"KASIH KARUNIA SEJATI PT.-951195"|261|"Plaza Medan Fair TC"|"T-SHIRT BASIC"|"USED JEANS"|"MEN YOUNG CASUAL"|"USED JEANS"|"MEN DENIM"|BLUE|36|30313492|575008039636|1|270000|270000|0|0|0|0|0|0|270000|01066|4519|4
07-03-2025|07-03-2025|951195|"KASIH KARUNIA SEJATI PT.-951195"|645|"Medan MAL"|"T-SHIRT BASIC"|"USED JEANS"|"MEN YOUNG CASUAL"|"USED JEANS"|"MEN DENIM"|"NAVY BLUE"|L|26969784|101160019203|1|299000|299000|89700|0|0|0|0|30|209300|01003|6|1
07-03-2025|07-03-2025|951195|"KASIH KARUNIA SEJATI PT.-951195"|317|"Citimall Dumai"|"T-SHIRT BASIC"|"USED JEANS"|"MEN YOUNG CASUAL"|"USED JEANS"|"MEN DENIM"|BLUE|34|17575798|515011019334|1|280000|280000|0|0|0|0|0|0|280000|01016|5537|1
07-03-2025|07-03-2025|951195|"KASIH KARUNIA SEJATI PT.-951195"|401|"Citimal Cianjur 2"|"T-SHIRT BASIC"|"USED JEANS"|"MEN YOUNG CASUAL"|"USED JEANS"|"MEN DENIM"|GREY|31|16512973|515008011231|1|270000|270000|0|0|0|0|0|0|270000|02015|8071|4
07-03-2025|07-03-2025|951195|"KASIH KARUNIA SEJATI PT.-951195"|637|"Blok M Plaza MAL JKT"|"T-SHIRT BASIC"|"USED JEANS"|"MEN YOUNG CASUAL"|"USED JEANS"|"MEN DENIM"|GREY|34|16512580|515008011234|1|270000|270000|0|0|0|0|0|0|270000|03018|6688|1
07-03-2025|07-03-2025|951195|"KASIH KARUNIA SEJATI PT.-951195"|453|"Supermal Karawaci"|"T-SHIRT BASIC"|"USED JEANS"|"MEN YOUNG CASUAL"|"USED JEANS"|"MEN DENIM"|BLUE|32|16255322|513071019632|1|230000|230000|0|0|0|0|0|0|230000|02057|7051|1
07-03-2025|07-03-2025|951195|"KASIH KARUNIA SEJATI PT.-951195"|553|"Thamrin PLZ MAL MDN"|T-SHIRT|"EMBA CLASSIC"|"MEN CONTEMP CASUAL"|"EMBA CLASSIC"|"MEN CASUAL"|OLIVE|38|87326989|117053013738|1|319000|319000|30000|0|0|0|0|9.4|289000|04013|8087|1
07-03-2025|07-03-2025|951195|"KASIH KARUNIA SEJATI PT.-951195"|387|"Manhattan MAL Medan"|T-SHIRT|"EMBA CLASSIC"|"MEN CONTEMP CASUAL"|"EMBA CLASSIC"|"MEN CASUAL"|YELLOW|M|83510474|864035011202|1|249000|249000|0|0|0|0|0|0|249000|03015|1187|3
07-03-2025|07-03-2025|951195|"KASIH KARUNIA SEJATI PT.-951195"|555|"Metmal Bekasi"|T-SHIRT|"EMBA CLASSIC"|"MEN CONTEMP CASUAL"|"EMBA CLASSIC"|"MEN CASUAL"|BLACK|XL|83509904|864035010104|1|249000|249000|0|0|0|0|0|0|249000|02016|7278|3
07-03-2025|07-03-2025|951195|"KASIH KARUNIA SEJATI PT.-951195"|419|"Pakuwon MAL SBY"|T-SHIRT|"EMBA CLASSIC"|"MEN CONTEMP CASUAL"|"EMBA CLASSIC"|"MEN CASUAL"|KHAKI|L|83338581|109019023003|1|599000|599000|179700|0|0|0|0|30|419300|01027|9191|1
07-03-2025|07-03-2025|951195|"KASIH KARUNIA SEJATI PT.-951195"|338|"Palembang Square MAL"|T-SHIRT|"EMBA CLASSIC"|"MEN CONTEMP CASUAL"|"EMBA CLASSIC"|"MEN CASUAL"|"NAVY BLUE"|L|82987980|870598012203|1|399000|399000|199500|0|0|0|0|50|199500|80121|6454|6
07-03-2025|07-03-2025|951195|"KASIH KARUNIA SEJATI PT.-951195"|374|"Taman Anggrek JKT"|T-SHIRT|"EMBA CLASSIC"|"MEN CONTEMP CASUAL"|"EMBA CLASSIC"|"MEN CASUAL"|OLIVE|29|82418602|117010043729|1|309000|309000|30000|0|0|0|0|9.7|279000|02024|3253|1
07-03-2025|07-03-2025|951195|"KASIH KARUNIA SEJATI PT.-951195"|563|"Plaza Malioboro"|T-SHIRT|"EMBA CLASSIC"|"MEN CONTEMP CASUAL"|"EMBA CLASSIC"|"MEN CASUAL"|BLACK|40|82418406|164025030140|1|249000|249000|0|0|0|0|0|0|249000|02014|8754|1
07-03-2025|07-03-2025|951195|"KASIH KARUNIA SEJATI PT.-951195"|220|"MAL Kediri KDR"|T-SHIRT|"EMBA CLASSIC"|"MEN CONTEMP CASUAL"|"EMBA CLASSIC"|"MEN CASUAL"|BLACK|XXL|82096988|864001020105|1|249000|249000|0|0|0|0|0|0|249000|01010|1698|3
07-03-2025|07-03-2025|951195|"KASIH KARUNIA SEJATI PT.-951195"|326|"Lippo PLZ MAL Jember"|T-SHIRT|"EMBA CLASSIC"|"MEN CONTEMP CASUAL"|"EMBA CLASSIC"|"MEN CASUAL"|BLACK|M|82096979|864001020102|1|249000|249000|0|0|0|0|0|0|249000|03024|301|1
07-03-2025|07-03-2025|951195|"KASIH KARUNIA SEJATI PT.-951195"|362|"Tanjungpinang MAL"|T-SHIRT|"EMBA CLASSIC"|"MEN CONTEMP CASUAL"|"EMBA CLASSIC"|"MEN CASUAL"|BLACK|M|82096979|864001020102|1|249000|249000|0|0|0|0|0|0|249000|02022|7071|4
07-03-2025|07-03-2025|951195|"KASIH KARUNIA SEJATI PT.-951195"|387|"Manhattan MAL Medan"|T-SHIRT|"EMBA CLASSIC"|"MEN CONTEMP CASUAL"|"EMBA CLASSIC"|"MEN CASUAL"|OLIVE|L|82068866|865032021703|1|279000|279000|0|0|0|0|0|0|279000|03019|1405|1
07-03-2025|07-03-2025|951195|"KASIH KARUNIA SEJATI PT.-951195"|649|"Galeria MAL Yogya"|T-SHIRT|"EMBA CLASSIC"|"MEN CONTEMP CASUAL"|"EMBA CLASSIC"|"MEN CASUAL"|GREY|34|81952410|117010040834|1|309000|309000|0|0|0|0|0|0|309000|03056|2998|1
07-03-2025|07-03-2025|951195|"KASIH KARUNIA SEJATI PT.-951195"|314|"Epicentrum MAL MTR"|T-SHIRT|"EMBA CLASSIC"|"MEN CONTEMP CASUAL"|"EMBA CLASSIC"|"MEN CASUAL"|GREY|XXL|81775988|870715011805|1|399000|399000|199500|0|0|0|0|50|199500|02013|2703|2
07-03-2025|07-03-2025|951195|"KASIH KARUNIA SEJATI PT.-951195"|553|"Thamrin PLZ MAL MDN"|T-SHIRT|"EMBA CLASSIC"|"MEN CONTEMP CASUAL"|"EMBA CLASSIC"|"MEN CASUAL"|BLACK|L|15315947|610017050103|1|259000|259000|129500|0|0|0|0|50|129500|04013|7955|8
07-03-2025|07-03-2025|951195|"KASIH KARUNIA SEJATI PT.-951195"|453|"Supermal Karawaci"|"T-SHIRT BASIC"|"USED JEANS"|"MEN YOUNG CASUAL"|"OTO ONO JEANS"|"MEN DENIM"|GREY|L|53508757|226039013902|1|329000|329000|65800|0|0|0|0|20|263200|02019|7501|1
07-03-2025|07-03-2025|951195|"KASIH KARUNIA SEJATI PT.-951195"|221|"Panakkukang MAL MKS"|T-SHIRT|"EMBA CLASSIC"|"MEN CONTEMP CASUAL"|"EMBA CLASSIC"|"MEN CASUAL"|KHAKI|L|14323896|866006010503|1|229000|229000|0|0|0|0|0|0|229000|02021|438|1
07-03-2025|07-03-2025|951195|"KASIH KARUNIA SEJATI PT.-951195"|408|"Balikpapan PLZ BPP"|T-SHIRT|"EMBA CLASSIC"|"MEN CONTEMP CASUAL"|"EMBA CLASSIC"|"MEN CASUAL"|YELLOW|XL|14324233|866006011204|1|229000|229000|0|0|0|0|0|0|229000|02044|5889|3
07-03-2025|07-03-2025|951195|"KASIH KARUNIA SEJATI PT.-951195"|445|"PTC MAL TC PLG"|T-SHIRT|"EMBA CLASSIC"|"MEN CONTEMP CASUAL"|"EMBA CLASSIC"|"MEN CASUAL"|GREY|XXL|15314528|867006011805|1|279000|279000|0|0|0|0|0|0|279000|02037|3542|1
07-03-2025|07-03-2025|951195|"KASIH KARUNIA SEJATI PT.-951195"|263|"Mega Mall TC Manado"|T-SHIRT|"EMBA CLASSIC"|"MEN CONTEMP CASUAL"|"EMBA CLASSIC"|"MEN CASUAL"|GREY|33|13986093|108051013133|1|429000|429000|0|0|0|0|0|0|429000|02015|3316|5
